Date,Open,High,Low,Close,Adj Close,Volume
2007-06-22,36.45000076293945,38.0,34.25,35.060001373291016,14.540464401245117,113095700
2007-06-25,35.7400016784668,35.77000045776367,31.899999618530273,32.439998626708984,13.453866958618164,35668600
2007-06-26,32.279998779296875,32.4900016784668,30.31999969482422,30.75,12.752974510192871,29614000
2007-06-27,30.399999618530273,30.75,29.1299991607666,29.920000076293945,12.40874195098877,18087600
2007-06-28,29.610000610351562,30.979999542236328,29.540000915527344,29.690000534057617,12.313358306884766,8660300
2007-06-29,30.0,30.200000762939453,28.75,29.270000457763672,12.139168739318848,7559700
2007-07-02,29.270000457763672,29.739999771118164,29.079999923706055,29.270000457763672,12.139168739318848,3175900
2007-07-03,29.5,29.8799991607666,29.420000076293945,29.719999313354492,12.325796127319336,2763700
2007-07-05,30.950000762939453,30.969999313354492,30.200000762939453,30.6299991607666,12.703202247619629,6950900
2007-07-06,30.899999618530273,31.700000762939453,30.799999237060547,31.5,13.064020156860352,7652900
2007-07-09,31.899999618530273,31.989999771118164,31.389999389648438,31.479999542236328,13.055723190307617,4301400
2007-07-10,31.280000686645508,31.34000015258789,29.84000015258789,29.93000030517578,12.412890434265137,6388700
2007-07-11,29.940000534057617,30.079999923706055,28.959999084472656,29.18000030517578,12.101841926574707,5982800
2007-07-12,29.5,30.290000915527344,29.309999465942383,30.0,12.441923141479492,5144200
2007-07-13,29.8799991607666,30.0,29.280000686645508,29.850000381469727,12.37971019744873,3318400
2007-07-16,29.850000381469727,29.979999542236328,29.329999923706055,29.690000534057617,12.313358306884766,3109000
2007-07-17,29.690000534057617,29.850000381469727,29.110000610351562,29.209999084472656,12.11428451538086,2666800
2007-07-18,29.0,29.100000381469727,28.0,28.399999618530273,11.778353691101074,5156100
2007-07-19,28.399999618530273,28.5,27.0,27.329999923706055,11.334590911865234,9902100
2007-07-20,27.0,27.110000610351562,25.6299991607666,25.950000762939453,10.762262344360352,9614600
2007-07-23,25.829999923706055,26.899999618530273,25.510000228881836,26.3700008392334,10.936453819274902,6372700
2007-07-24,25.90999984741211,26.450000762939453,25.600000381469727,25.709999084472656,10.662727355957031,5614800
2007-07-25,25.760000228881836,26.049999237060547,25.25,25.510000228881836,10.579780578613281,4737600
2007-07-26,25.18000030517578,25.950000762939453,23.270000457763672,25.700000762939453,10.65858268737793,11174800
2007-07-27,24.65999984741211,24.850000381469727,23.68000030517578,24.299999237060547,10.077959060668945,9253500
2007-07-30,24.420000076293945,24.8799991607666,23.549999237060547,24.479999542236328,10.152610778808594,5226600
2007-07-31,24.969999313354492,25.209999084472656,23.809999465942383,24.010000228881836,9.957682609558105,5088700
2007-08-01,24.34000015258789,24.5,23.600000381469727,24.309999465942383,10.082106590270996,6489200
2007-08-02,25.25,25.579999923706055,24.43000030517578,25.329999923706055,10.505127906799316,8273800
2007-08-03,25.389999389648438,25.469999313354492,24.200000762939453,24.389999389648438,10.11528491973877,5322900
2007-08-06,24.68000030517578,24.68000030517578,22.760000228881836,24.530000686645508,10.173344612121582,7314800
2007-08-07,24.5,25.979999542236328,24.010000228881836,24.899999618530273,10.326796531677246,5855100
2007-08-08,25.639999389648438,25.899999618530273,25.0,25.270000457763672,10.480244636535645,4775000
2007-08-09,24.989999771118164,25.389999389648438,24.5,24.920000076293945,10.335091590881348,4345000
2007-08-10,24.5,25.790000915527344,23.979999542236328,25.280000686645508,10.484396934509277,4781400
2007-08-13,27.260000228881836,27.260000228881836,25.649999618530273,25.709999084472656,10.662727355957031,10928800
2007-08-14,26.0,26.0,24.280000686645508,24.56999969482422,10.189934730529785,5373500
2007-08-15,24.399999618530273,24.690000534057617,23.600000381469727,23.690000534057617,9.824974060058594,4758100
2007-08-16,23.110000610351562,23.899999618530273,22.040000915527344,23.899999618530273,9.912063598632812,7714200
2007-08-17,24.709999084472656,25.3799991607666,23.899999618530273,24.079999923706055,9.986715316772461,7715300
2007-08-20,24.100000381469727,24.739999771118164,23.049999237060547,23.389999389648438,9.700553894042969,5682700
2007-08-21,23.5,23.760000228881836,23.110000610351562,23.510000228881836,9.750316619873047,2324900
2007-08-22,23.899999618530273,25.0,23.899999618530273,24.940000534057617,10.343390464782715,3957200
2007-08-23,25.229999542236328,25.65999984741211,24.860000610351562,25.270000457763672,10.480244636535645,3318700
2007-08-24,25.059999465942383,25.1200008392334,24.360000610351562,24.420000076293945,10.127725601196289,3022100
2007-08-27,24.420000076293945,24.549999237060547,23.649999618530273,23.799999237060547,9.870593070983887,3043900
2007-08-28,23.549999237060547,23.610000610351562,22.90999984741211,23.040000915527344,9.55539608001709,3580800
2007-08-29,23.3799991607666,23.440000534057617,22.8700008392334,22.979999542236328,9.530513763427734,3489700
2007-08-30,22.739999771118164,23.1299991607666,22.549999237060547,22.739999771118164,9.430976867675781,3920200
2007-08-31,23.1200008392334,23.270000457763672,22.799999237060547,23.1299991607666,9.59272575378418,3050000
2007-09-04,23.09000015258789,23.299999237060547,23.030000686645508,23.110000610351562,9.584425926208496,3441600
2007-09-05,23.0,23.0,21.950000762939453,21.979999542236328,9.1157808303833,8045500
2007-09-06,22.010000228881836,22.389999389648438,21.969999313354492,22.15999984741211,9.19043254852295,4475400
2007-09-07,21.690000534057617,21.889999389648438,21.299999237060547,21.540000915527344,8.933302879333496,5580800
2007-09-10,21.75,22.0,21.31999969482422,21.8799991607666,9.074307441711426,2727300
2007-09-11,22.34000015258789,23.0,22.200000762939453,22.889999389648438,9.493189811706543,5993300
2007-09-12,22.790000915527344,23.5,22.6200008392334,23.260000228881836,9.646637916564941,3485100
2007-09-13,23.489999771118164,23.739999771118164,23.309999465942383,23.40999984741211,9.708847045898438,2364200
2007-09-14,23.3700008392334,24.0,22.799999237060547,23.920000076293945,9.920360565185547,2549300
2007-09-17,23.700000762939453,24.350000381469727,23.549999237060547,23.649999618530273,9.808381080627441,2530200
2007-09-18,23.829999923706055,24.600000381469727,23.309999465942383,24.549999237060547,10.181639671325684,5219100
2007-09-19,24.729999542236328,26.0,24.56999969482422,25.65999984741211,10.64199161529541,9381600
2007-09-20,25.920000076293945,26.790000915527344,25.600000381469727,25.950000762939453,10.762262344360352,6117700
2007-09-21,26.479999542236328,26.5,25.010000228881836,25.31999969482422,10.50097942352295,4168300
2007-09-24,25.389999389648438,25.440000534057617,24.459999084472656,24.530000686645508,10.173344612121582,3019700
2007-09-25,24.420000076293945,24.670000076293945,24.0,24.389999389648438,10.11528491973877,3427200
2007-09-26,24.75,25.049999237060547,24.309999465942383,24.889999389648438,10.322651863098145,5567600
2007-09-27,25.0,25.350000381469727,24.579999923706055,25.110000610351562,10.413890838623047,4444300
2007-09-28,24.899999618530273,25.440000534057617,24.860000610351562,25.079999923706055,10.401450157165527,2179100
2007-10-01,24.719999313354492,25.739999771118164,24.700000762939453,25.579999923706055,10.60881519317627,2571700
2007-10-02,25.770000457763672,26.399999618530273,25.350000381469727,26.079999923706055,10.81617546081543,3068500
2007-10-03,26.0,27.649999618530273,25.979999542236328,27.170000076293945,11.268237113952637,5524800
2007-10-04,27.25,28.0,27.25,27.579999923706055,11.438278198242188,3997000
2007-10-05,28.049999237060547,29.100000381469727,27.860000610351562,29.079999923706055,12.060369491577148,5094500
2007-10-08,29.489999771118164,29.75,28.209999084472656,28.219999313354492,11.703702926635742,5069100
2007-10-09,28.610000610351562,28.639999389648438,28.020000457763672,28.450000762939453,11.799090385437012,3392800
2007-10-10,28.6299991607666,28.670000076293945,28.010000228881836,28.65999984741211,11.886181831359863,2061600
2007-10-11,29.0,29.3799991607666,28.079999923706055,28.350000381469727,11.757616996765137,3274200
2007-10-12,28.110000610351562,28.270000457763672,27.700000762939453,27.75,11.508779525756836,1895600
2007-10-15,27.75,28.0,26.950000762939453,27.09000015258789,11.23505687713623,1927000
2007-10-16,26.739999771118164,26.75,25.530000686645508,26.049999237060547,10.803739547729492,4527300
2007-10-17,26.489999771118164,26.68000030517578,25.81999969482422,26.420000076293945,10.957189559936523,3001600
2007-10-18,26.34000015258789,26.5,25.959999084472656,26.5,10.990364074707031,1811100
2007-10-19,26.329999923706055,26.43000030517578,25.5,25.510000228881836,10.579780578613281,2338500
2007-10-22,25.5,26.25,25.0,26.059999465942383,10.807883262634277,1874800
2007-10-23,26.200000762939453,26.5,26.079999923706055,26.360000610351562,10.93230152130127,1571600
2007-10-24,26.299999237060547,26.479999542236328,25.780000686645508,26.229999542236328,10.878389358520508,1843500
2007-10-25,26.34000015258789,26.489999771118164,25.290000915527344,25.579999923706055,10.60881519317627,2388100
2007-10-26,25.739999771118164,26.09000015258789,25.360000610351562,25.59000015258789,10.612959861755371,2489800
2007-10-29,25.75,25.889999389648438,25.25,25.5,10.575638771057129,3584600
2007-10-30,25.5,25.75,25.229999542236328,25.290000915527344,10.488537788391113,2305100
2007-10-31,25.399999618530273,25.5,24.649999618530273,25.43000030517578,10.546602249145508,3223000
2007-11-01,25.0,25.299999237060547,24.649999618530273,24.8700008392334,10.31435489654541,3270500
2007-11-02,25.0,25.020000457763672,23.889999389648438,24.09000015258789,9.990865707397461,4274600
2007-11-05,23.559999465942383,24.299999237060547,23.559999465942383,23.940000534057617,9.928659439086914,2099400
2007-11-06,24.0,24.360000610351562,23.40999984741211,23.670000076293945,9.81667709350586,2763600
2007-11-07,23.639999389648438,23.649999618530273,23.049999237060547,23.15999984741211,9.6051664352417,1724900
2007-11-08,23.059999465942383,24.5,23.059999465942383,24.100000381469727,9.995010375976562,4317100
2007-11-09,24.079999923706055,25.190000534057617,23.450000762939453,24.280000686645508,10.06966495513916,3170000
2007-11-12,21.799999237060547,23.09000015258789,21.549999237060547,22.260000228881836,9.231904029846191,9533900
2007-11-13,22.25,23.219999313354492,22.25,22.799999237060547,9.455860137939453,3347900
2007-11-14,23.43000030517578,23.43000030517578,22.200000762939453,22.34000015258789,9.265085220336914,4015500
2007-11-15,22.299999237060547,23.200000762939453,22.299999237060547,23.1200008392334,9.58857536315918,3528800
2007-11-16,23.1200008392334,23.280000686645508,22.510000228881836,23.06999969482422,9.567840576171875,2462100
2007-11-19,22.809999465942383,23.049999237060547,22.0,22.15999984741211,9.19043254852295,3351400
2007-11-20,22.420000076293945,22.56999969482422,21.299999237060547,21.510000228881836,8.920857429504395,3739100
2007-11-21,21.290000915527344,21.299999237060547,20.399999618530273,21.020000457763672,8.71763801574707,4867900
2007-11-23,21.600000381469727,21.600000381469727,21.100000381469727,21.15999984741211,8.775704383850098,1110200
2007-11-26,21.5,21.5,20.559999465942383,20.600000381469727,8.543455123901367,2496300
2007-11-27,20.700000762939453,21.459999084472656,20.5,20.84000015258789,8.642986297607422,2060900
2007-11-28,21.1200008392334,21.950000762939453,20.899999618530273,21.469999313354492,9.034323692321777,3028000
2007-11-29,21.739999771118164,22.670000076293945,21.510000228881836,22.040000915527344,9.27417278289795,3599100
2007-11-30,22.6299991607666,23.040000915527344,21.799999237060547,22.0,9.257342338562012,2379000
2007-12-03,21.8700008392334,22.030000686645508,21.579999923706055,21.600000381469727,9.089025497436523,1029500
2007-12-04,21.5,21.579999923706055,21.170000076293945,21.34000015258789,8.97961711883545,1228600
2007-12-05,21.799999237060547,21.81999969482422,21.34000015258789,21.559999465942383,9.072190284729004,2041100
2007-12-06,21.75,21.75,21.31999969482422,21.530000686645508,9.0595703125,3770700
2007-12-07,21.610000610351562,22.200000762939453,21.610000610351562,21.93000030517578,9.227886199951172,2982900
2007-12-10,22.149999618530273,23.81999969482422,21.6200008392334,23.450000762939453,9.867484092712402,5604300
2007-12-11,23.889999389648438,24.260000228881836,22.709999084472656,23.18000030517578,9.75386905670166,3982400
2007-12-12,23.3799991607666,24.049999237060547,23.030000686645508,23.229999542236328,9.774908065795898,3234700
2007-12-13,22.899999618530273,23.979999542236328,22.600000381469727,23.670000076293945,9.960055351257324,3022300
2007-12-14,23.989999771118164,23.989999771118164,23.489999771118164,23.600000381469727,9.93060302734375,2253900
2007-12-17,23.399999618530273,23.600000381469727,22.93000030517578,23.170000076293945,9.749661445617676,1875600
2007-12-18,23.3799991607666,23.5,22.690000534057617,23.34000015258789,9.821195602416992,2263000
2007-12-19,23.190000534057617,23.600000381469727,23.100000381469727,23.510000228881836,9.892727851867676,1452100
2007-12-20,23.950000762939453,23.950000762939453,23.25,23.56999969482422,9.917972564697266,1830800
2007-12-21,23.520000457763672,23.8700008392334,23.270000457763672,23.780000686645508,10.006343841552734,1778900
2007-12-24,23.469999313354492,23.850000381469727,23.229999542236328,23.25,9.783326148986816,866200
2007-12-26,23.229999542236328,23.440000534057617,23.110000610351562,23.239999771118164,9.779115676879883,1343900
2007-12-27,23.010000228881836,23.200000762939453,22.65999984741211,22.979999542236328,9.669713020324707,1512000
2007-12-28,23.18000030517578,23.18000030517578,21.790000915527344,21.940000534057617,9.232095718383789,3196400
2007-12-31,21.850000381469727,22.450000762939453,21.5,22.1299991607666,9.312041282653809,2370100
2008-01-02,22.3700008392334,22.59000015258789,21.350000381469727,21.739999771118164,9.147934913635254,2164700
2008-01-03,21.610000610351562,21.690000534057617,21.149999618530273,21.239999771118164,8.937541007995605,2038800
2008-01-04,21.139999389648438,21.200000762939453,20.020000457763672,20.299999237060547,8.541998863220215,2627600
2008-01-07,20.299999237060547,20.40999984741211,19.100000381469727,19.420000076293945,8.171704292297363,3732800
2008-01-08,19.8799991607666,19.8799991607666,17.90999984741211,18.0,7.574189186096191,3646000
2008-01-09,18.229999542236328,18.229999542236328,17.299999237060547,18.100000381469727,7.616267204284668,3421700
2008-01-10,18.360000610351562,20.40999984741211,18.100000381469727,19.84000015258789,8.34843635559082,7933400
2008-01-11,20.219999313354492,21.309999465942383,20.0,20.059999465942383,8.441011428833008,8055000
2008-01-14,20.81999969482422,20.969999313354492,20.0,20.389999389648438,8.579870223999023,2745600
2008-01-15,20.100000381469727,20.219999313354492,19.540000915527344,19.700000762939453,8.28952693939209,2730200
2008-01-16,19.309999465942383,19.75,18.770000457763672,19.100000381469727,8.037054061889648,3814600
2008-01-17,19.09000015258789,19.860000610351562,18.18000030517578,18.3700008392334,7.729878902435303,5501900
2008-01-18,19.09000015258789,19.09000015258789,18.280000686645508,18.670000076293945,7.856118679046631,3796900
2008-01-22,17.719999313354492,19.549999237060547,17.25,18.770000457763672,7.898193359375,5391000
2008-01-23,18.5,21.350000381469727,18.219999313354492,20.56999969482422,8.655611038208008,6897800
2008-01-24,20.5,21.81999969482422,20.06999969482422,20.969999313354492,8.823928833007812,4860300
2008-01-25,21.190000534057617,21.239999771118164,19.239999771118164,19.360000610351562,8.146458625793457,5273300
2008-01-28,19.489999771118164,19.770000457763672,19.049999237060547,19.149999618530273,8.058093070983887,2776200
2008-01-29,19.209999084472656,19.65999984741211,18.799999237060547,18.989999771118164,7.990769386291504,2806500
2008-01-30,19.0,19.5,18.399999618530273,18.649999618530273,7.847702503204346,3907100
2008-01-31,18.770000457763672,18.770000457763672,17.899999618530273,18.350000381469727,7.721462249755859,6526800
2008-02-01,18.700000762939453,18.799999237060547,18.079999923706055,18.719999313354492,7.877159118652344,5118200
2008-02-04,18.6200008392334,18.989999771118164,18.40999984741211,18.829999923706055,7.923445224761963,2044600
2008-02-05,18.610000610351562,18.700000762939453,18.149999618530273,18.219999313354492,7.66676139831543,3118300
2008-02-06,18.25,18.420000076293945,17.65999984741211,17.81999969482422,7.4984450340271,2340800
2008-02-07,17.649999618530273,18.0,17.5,17.68000030517578,7.439536094665527,3170600
2008-02-08,17.829999923706055,17.969999313354492,17.5,17.510000228881836,7.36799955368042,2130900
2008-02-11,17.690000534057617,17.889999389648438,17.350000381469727,17.780000686645508,7.4816131591796875,2082900
2008-02-12,17.950000762939453,18.440000534057617,17.540000915527344,17.59000015258789,7.401663780212402,4070100
2008-02-13,17.81999969482422,17.850000381469727,17.309999465942383,17.6299991607666,7.418496608734131,2487700
2008-02-14,17.600000381469727,17.610000610351562,16.6299991607666,16.829999923706055,7.081866264343262,4912700
2008-02-15,16.84000015258789,17.0,16.5,16.56999969482422,6.972458839416504,2908700
2008-02-19,16.850000381469727,16.850000381469727,16.010000228881836,16.1299991607666,6.78731107711792,4256300
2008-02-20,16.049999237060547,16.270000457763672,15.699999809265137,16.229999542236328,6.82939338684082,4586900
2008-02-21,16.299999237060547,16.399999618530273,15.819999694824219,15.930000305175781,6.703157901763916,2748100
2008-02-22,16.059999465942383,16.059999465942383,15.25,15.720000267028809,6.614789009094238,4228400
2008-02-25,15.6899995803833,16.200000762939453,15.40999984741211,15.949999809265137,6.711571216583252,4017000
2008-02-26,15.920000076293945,17.770000457763672,15.920000076293945,17.0,7.153398513793945,6877700
2008-02-27,17.18000030517578,17.59000015258789,16.600000381469727,17.200000762939453,7.237557888031006,3807800
2008-02-28,17.200000762939453,17.479999542236328,17.010000228881836,17.059999465942383,7.178647518157959,2575100
2008-02-29,17.0,17.350000381469727,16.25,16.5,6.9430036544799805,3959100
2008-03-03,16.329999923706055,16.549999237060547,16.020000457763672,16.239999771118164,6.83359956741333,2280500
2008-03-04,16.079999923706055,16.299999237060547,15.270000457763672,15.789999961853027,6.64424467086792,5193100
2008-03-05,15.970000267028809,16.049999237060547,15.489999771118164,15.869999885559082,6.6779093742370605,2373500
2008-03-06,15.529999732971191,15.699999809265137,14.949999809265137,15.050000190734863,6.3328633308410645,5085100
2008-03-07,14.899999618530273,15.050000190734863,14.15999984741211,14.579999923706055,6.135091304779053,7166900
2008-03-10,14.390000343322754,15.100000381469727,13.819999694824219,15.0,6.311822891235352,8756500
2008-03-11,15.899999618530273,16.34000015258789,15.149999618530273,16.190000534057617,6.81256103515625,8133500
2008-03-12,16.110000610351562,16.950000762939453,15.800000190734863,16.469999313354492,6.930382251739502,4253900
2008-03-13,16.010000228881836,16.850000381469727,15.520000457763672,16.75,7.048203468322754,3738300
2008-03-14,16.780000686645508,16.950000762939453,15.329999923706055,15.779999732971191,6.640036582946777,4014800
2008-03-17,14.899999618530273,15.149999618530273,13.399999618530273,14.550000190734863,6.122467994689941,8870900
2008-03-18,14.800000190734863,16.0,14.229999542236328,15.210000038146973,6.4001874923706055,7270400
2008-03-19,15.0,15.399999618530273,14.4399995803833,14.619999885559082,6.1519246101379395,3669200
2008-03-20,14.600000381469727,15.489999771118164,14.390000343322754,15.449999809265137,6.50117826461792,3609800
2008-03-24,15.779999732971191,15.949999809265137,15.449999809265137,15.699999809265137,6.606374263763428,3171900
2008-03-25,15.859999656677246,16.579999923706055,15.640000343322754,16.270000457763672,6.8462233543396,3653000
2008-03-26,16.200000762939453,16.399999618530273,15.970000267028809,16.15999984741211,6.799938678741455,3051800
2008-03-27,16.139999389648438,16.280000686645508,15.270000457763672,15.34000015258789,6.576985836029053,2819800
2008-03-28,15.550000190734863,15.930000305175781,15.020000457763672,15.350000381469727,6.581275463104248,2081000
2008-03-31,15.529999732971191,15.960000038146973,15.399999618530273,15.880000114440918,6.808513164520264,2801500
2008-04-01,16.100000381469727,17.420000076293945,15.90999984741211,17.190000534057617,7.370169162750244,5342800
2008-04-02,17.200000762939453,17.920000076293945,16.950000762939453,17.68000030517578,7.580255031585693,5056900
2008-04-03,17.670000076293945,18.0,17.399999618530273,17.770000457763672,7.618846416473389,2658500
2008-04-04,17.739999771118164,18.770000457763672,17.739999771118164,18.639999389648438,7.991858005523682,4000000
2008-04-07,18.940000534057617,19.329999923706055,18.59000015258789,19.09000015258789,8.18479061126709,3687700
2008-04-08,18.989999771118164,18.989999771118164,18.399999618530273,18.59000015258789,7.9704155921936035,2359900
2008-04-09,18.649999618530273,19.149999618530273,18.110000610351562,18.559999465942383,7.957555294036865,2368800
2008-04-10,18.43000030517578,18.579999923706055,18.15999984741211,18.260000228881836,7.82893180847168,1550200
2008-04-11,18.200000762939453,18.200000762939453,17.559999465942383,17.760000228881836,7.614555835723877,2095500
2008-04-14,17.75,17.75,17.09000015258789,17.190000534057617,7.370169162750244,1903900
2008-04-15,17.200000762939453,17.520000457763672,17.149999618530273,17.329999923706055,7.4301958084106445,1485600
2008-04-16,17.850000381469727,17.950000762939453,17.459999084472656,17.65999984741211,7.571681976318359,2352300
2008-04-17,17.739999771118164,19.0,17.440000534057617,18.6299991607666,7.9875688552856445,3605700
2008-04-18,19.149999618530273,19.399999618530273,18.790000915527344,19.020000457763672,8.154778480529785,3207700
2008-04-21,18.889999389648438,19.200000762939453,18.3799991607666,18.700000762939453,8.017580032348633,1210100
2008-04-22,18.700000762939453,19.0,18.5,18.6200008392334,7.983278274536133,1321000
2008-04-23,18.40999984741211,18.81999969482422,18.219999313354492,18.350000381469727,7.867519378662109,1144000
2008-04-24,18.190000534057617,19.0,18.110000610351562,18.549999237060547,7.953267574310303,1300500
2008-04-25,18.75,19.200000762939453,18.75,19.200000762939453,8.231956481933594,1783600
2008-04-28,19.200000762939453,19.770000457763672,18.770000457763672,18.950000762939453,8.124768257141113,2288200
2008-04-29,18.809999465942383,19.06999969482422,18.6200008392334,18.809999465942383,8.064743041992188,1203200
2008-04-30,18.6200008392334,18.920000076293945,18.299999237060547,18.670000076293945,8.004717826843262,1641500
2008-05-01,18.510000228881836,19.610000610351562,18.510000228881836,19.510000228881836,8.364866256713867,1844400
2008-05-02,19.860000610351562,20.420000076293945,19.860000610351562,20.219999313354492,8.669278144836426,3504900
2008-05-05,20.030000686645508,20.1200008392334,19.5,19.709999084472656,8.450614929199219,1724400
2008-05-06,19.68000030517578,19.68000030517578,19.25,19.469999313354492,8.3477144241333,1519200
2008-05-07,19.850000381469727,19.850000381469727,19.15999984741211,19.34000015258789,8.29197883605957,863500
2008-05-08,19.299999237060547,19.450000762939453,18.6200008392334,19.020000457763672,8.154778480529785,1258800
2008-05-09,18.809999465942383,18.979999542236328,18.530000686645508,18.799999237060547,8.060456275939941,894700
2008-05-12,18.81999969482422,19.09000015258789,18.549999237060547,18.969999313354492,8.133341789245605,1116100
2008-05-13,18.799999237060547,19.25,18.799999237060547,19.049999237060547,8.167638778686523,849300
2008-05-14,19.200000762939453,19.899999618530273,19.09000015258789,19.5,8.360578536987305,2562800
2008-05-15,18.729999542236328,20.979999542236328,18.709999084472656,20.540000915527344,8.806478500366211,6469700
2008-05-16,20.790000915527344,20.90999984741211,19.829999923706055,20.110000610351562,8.622112274169922,2919000
2008-05-19,20.139999389648438,20.450000762939453,19.829999923706055,20.229999542236328,8.673564910888672,1733400
2008-05-20,20.100000381469727,20.3799991607666,19.6299991607666,20.270000457763672,8.690712928771973,1409900
2008-05-21,20.290000915527344,20.290000915527344,19.270000457763672,19.329999923706055,8.28769302368164,1938900
2008-05-22,19.260000228881836,19.40999984741211,18.899999618530273,19.15999984741211,8.214807510375977,1692200
2008-05-23,19.200000762939453,19.200000762939453,18.43000030517578,18.540000915527344,7.948980331420898,1907400
2008-05-27,18.59000015258789,19.030000686645508,18.540000915527344,18.90999984741211,8.10761833190918,1213500
2008-05-28,18.790000915527344,18.979999542236328,18.510000228881836,18.65999984741211,8.129402160644531,1237100
2008-05-29,18.639999389648438,19.309999465942383,18.639999389648438,19.049999237060547,8.299304962158203,1161900
2008-05-30,19.020000457763672,19.65999984741211,19.020000457763672,19.469999313354492,8.482283592224121,1148300
2008-06-02,19.420000076293945,19.479999542236328,19.100000381469727,19.43000030517578,8.464859962463379,1349100
2008-06-03,19.600000381469727,19.600000381469727,19.040000915527344,19.309999465942383,8.412577629089355,1149700
2008-06-04,19.110000610351562,19.229999542236328,18.799999237060547,19.09000015258789,8.316733360290527,1296600
2008-06-05,18.979999542236328,19.450000762939453,18.950000762939453,18.950000762939453,8.255743026733398,1014800
2008-06-06,18.889999389648438,18.940000534057617,18.3700008392334,18.459999084472656,8.042265892028809,1554600
2008-06-09,18.479999542236328,18.56999969482422,17.719999313354492,18.079999923706055,7.8767170906066895,1477400
2008-06-10,17.850000381469727,18.06999969482422,17.540000915527344,17.920000076293945,7.807010173797607,1330700
2008-06-11,17.829999923706055,17.950000762939453,16.940000534057617,16.940000534057617,7.380066871643066,2290200
2008-06-12,17.049999237060547,17.649999618530273,16.770000457763672,17.100000381469727,7.449771404266357,1618200
2008-06-13,17.110000610351562,18.0,17.100000381469727,17.8799991607666,7.789584636688232,1917500
2008-06-16,17.8700008392334,18.360000610351562,17.8700008392334,18.149999618530273,7.90721321105957,1419800
2008-06-17,18.3700008392334,18.65999984741211,17.799999237060547,18.0,7.841865062713623,1567500
2008-06-18,18.010000228881836,18.020000457763672,17.68000030517578,18.020000457763672,7.850577354431152,1373200
2008-06-19,18.190000534057617,18.450000762939453,17.899999618530273,18.399999618530273,8.016129493713379,1306800
2008-06-20,18.299999237060547,18.56999969482422,17.989999771118164,18.18000030517578,7.92028284072876,2370700
2008-06-23,18.209999084472656,18.43000030517578,17.979999542236328,18.25,7.950780391693115,1976300
2008-06-24,18.0,18.799999237060547,17.75,18.3799991607666,8.007415771484375,2455000
2008-06-25,18.350000381469727,19.190000534057617,18.219999313354492,19.010000228881836,8.281879425048828,2372100
2008-06-26,18.950000762939453,18.950000762939453,18.5,18.709999084472656,8.151177406311035,1984600
2008-06-27,18.510000228881836,18.790000915527344,18.399999618530273,18.729999542236328,8.159895896911621,3074000
2008-06-30,18.489999771118164,18.68000030517578,17.899999618530273,18.209999084472656,7.933351516723633,2836700
2008-07-01,18.100000381469727,18.200000762939453,17.149999618530273,17.559999465942383,7.650173664093018,4580700
2008-07-02,17.5,17.829999923706055,17.229999542236328,17.31999969482422,7.545614719390869,1220300
2008-07-03,17.56999969482422,17.56999969482422,17.1200008392334,17.229999542236328,7.506406307220459,913100
2008-07-07,17.25,17.489999771118164,16.65999984741211,16.770000457763672,7.306004047393799,2544200
2008-07-08,16.6299991607666,17.399999618530273,16.5,17.200000762939453,7.493337631225586,2807300
2008-07-09,17.100000381469727,17.459999084472656,16.5,16.649999618530273,7.253724098205566,1757700
2008-07-10,16.68000030517578,16.809999465942383,16.149999618530273,16.440000534057617,7.162237644195557,3195400
2008-07-11,16.18000030517578,16.5,15.260000228881836,15.640000343322754,6.813709735870361,4381600
2008-07-14,15.760000228881836,16.280000686645508,14.5600004196167,14.8100004196167,6.452111721038818,2982000
2008-07-15,14.109999656677246,15.130000114440918,14.020000457763672,14.630000114440918,6.373693943023682,3421300
2008-07-16,14.979999542236328,17.1299991607666,14.479999542236328,16.43000030517578,7.157879829406738,3508200
2008-07-17,16.739999771118164,17.389999389648438,16.5,17.020000457763672,7.414919376373291,2938000
2008-07-18,17.100000381469727,17.399999618530273,16.549999237060547,17.290000915527344,7.532545566558838,2137700
2008-07-21,17.25,17.579999923706055,16.940000534057617,17.100000381469727,7.449771404266357,1514000
2008-07-22,16.760000228881836,17.260000228881836,16.5,17.260000228881836,7.519479274749756,1679800
2008-07-23,17.459999084472656,17.940000534057617,17.149999618530273,17.799999237060547,7.75473165512085,1530800
2008-07-24,17.670000076293945,17.729999542236328,16.6299991607666,16.860000610351562,7.345217227935791,1539500
2008-07-25,16.969999313354492,17.170000076293945,16.5,17.010000228881836,7.410563945770264,948200
2008-07-28,16.799999237060547,17.209999084472656,16.729999542236328,16.75,7.297291278839111,1120000
2008-07-29,16.940000534057617,17.729999542236328,16.8799991607666,17.600000381469727,7.667601108551025,1109300
2008-07-30,17.75,18.25,17.459999084472656,17.770000457763672,7.741664886474609,1535000
2008-07-31,17.3700008392334,18.75,17.329999923706055,18.56999969482422,8.090192794799805,1628000
2008-08-01,18.459999084472656,18.479999542236328,17.950000762939453,18.3700008392334,8.003058433532715,858400
2008-08-04,17.8799991607666,18.399999618530273,17.559999465942383,17.93000030517578,7.811366558074951,1257800
2008-08-05,18.25,18.43000030517578,17.530000686645508,18.15999984741211,7.9115705490112305,1378300
2008-08-06,17.899999618530273,19.190000534057617,17.770000457763672,18.75,8.168608665466309,2108000
2008-08-07,18.600000381469727,18.75,17.850000381469727,18.440000534057617,8.033554077148438,1353800
2008-08-08,18.440000534057617,18.989999771118164,18.079999923706055,18.559999465942383,8.085833549499512,1404500
2008-08-11,18.6299991607666,19.489999771118164,18.299999237060547,18.829999923706055,8.203462600708008,1625600
2008-08-12,18.920000076293945,18.920000076293945,18.1200008392334,18.329999923706055,7.985633850097656,1218600
2008-08-13,18.079999923706055,18.209999084472656,17.59000015258789,17.8799991607666,7.789584636688232,1085700
2008-08-14,17.65999984741211,18.040000915527344,17.540000915527344,17.729999542236328,7.724238395690918,741000
2008-08-15,17.780000686645508,17.889999389648438,17.399999618530273,17.59000015258789,7.663246154785156,1008800
2008-08-18,17.8799991607666,17.8799991607666,17.0,17.170000076293945,7.4802656173706055,1201500
2008-08-19,16.920000076293945,17.420000076293945,16.40999984741211,16.940000534057617,7.380066871643066,1801400
2008-08-20,16.829999923706055,16.8799991607666,16.489999771118164,16.809999465942383,7.323432445526123,1145600
2008-08-21,16.520000457763672,17.219999313354492,16.520000457763672,16.920000076293945,7.3713531494140625,1004600
2008-08-22,17.09000015258789,17.43000030517578,17.010000228881836,17.360000610351562,7.563041687011719,690300
2008-08-25,17.229999542236328,17.510000228881836,16.959999084472656,17.25,7.5151190757751465,965200
2008-08-26,17.329999923706055,17.459999084472656,17.020000457763672,17.219999313354492,7.502050876617432,808400
2008-08-27,17.059999465942383,17.229999542236328,16.899999618530273,17.079999923706055,7.57299280166626,822900
2008-08-28,16.860000610351562,17.969999313354492,16.84000015258789,17.6200008392334,7.8124213218688965,1731900
2008-08-29,17.59000015258789,18.0,17.440000534057617,17.8799991607666,7.927698135375977,1118400
2008-09-02,17.959999084472656,18.200000762939453,17.09000015258789,17.489999771118164,7.7547760009765625,1702000
2008-09-03,17.479999542236328,17.5,17.020000457763672,17.15999984741211,7.608464241027832,1693400
2008-09-04,17.100000381469727,17.1299991607666,16.479999542236328,16.739999771118164,7.422241687774658,1318000
2008-09-05,16.559999465942383,16.700000762939453,16.079999923706055,16.43000030517578,7.284796714782715,1649400
2008-09-08,17.0,17.25,16.399999618530273,16.799999237060547,7.448846340179443,1736400
2008-09-09,16.799999237060547,16.889999389648438,15.09000015258789,16.030000686645508,7.107440948486328,2470200
2008-09-10,16.010000228881836,16.549999237060547,15.630000114440918,16.1200008392334,7.147343158721924,2364700
2008-09-11,15.65999984741211,16.0,15.25,15.960000038146973,7.076403617858887,2136500
2008-09-12,15.279999732971191,16.209999084472656,15.25,15.90999984741211,7.054234981536865,1339500
2008-09-15,14.989999771118164,16.600000381469727,14.949999809265137,16.440000534057617,7.2892279624938965,3408400
2008-09-16,16.0,16.790000915527344,15.600000381469727,16.56999969482422,7.346866130828857,3450600
2008-09-17,16.799999237060547,16.93000030517578,14.890000343322754,15.0,6.650754451751709,2535400
2008-09-18,14.960000038146973,17.270000457763672,14.0,17.020000457763672,7.546389579772949,5064000
2008-09-19,18.75,19.5,16.65999984741211,17.719999313354492,7.8567585945129395,5372300
2008-09-22,17.6200008392334,17.670000076293945,16.239999771118164,16.239999771118164,7.20054817199707,1238400
2008-09-23,16.25,17.25,16.040000915527344,16.479999542236328,7.306960582733154,1913600
2008-09-24,17.690000534057617,17.690000534057617,16.5,16.81999969482422,7.45771598815918,1296100
2008-09-25,16.760000228881836,17.299999237060547,16.299999237060547,16.600000381469727,7.360167026519775,1948000
2008-09-26,16.010000228881836,17.0,15.979999542236328,16.809999465942383,7.453280448913574,1191000
2008-09-29,16.780000686645508,16.780000686645508,14.420000076293945,15.699999809265137,6.961122989654541,2039800
2008-09-30,15.390000343322754,15.75,14.899999618530273,15.34000015258789,6.801504135131836,1998600
2008-10-01,15.34000015258789,15.5,14.989999771118164,15.020000457763672,6.659621238708496,987300
2008-10-02,14.850000381469727,15.109999656677246,14.5,14.600000381469727,6.473401069641113,1164900
2008-10-03,14.8100004196167,15.949999809265137,14.789999961853027,15.34000015258789,6.801504135131836,1650100
2008-10-06,14.5600004196167,14.970000267028809,13.5,13.699999809265137,6.074355602264404,2626800
2008-10-07,13.899999618530273,14.180000305175781,12.5,13.390000343322754,5.936906337738037,1997400
2008-10-08,12.65999984741211,12.899999618530273,11.220000267028809,12.699999809265137,5.630971431732178,3088000
2008-10-09,12.880000114440918,12.880000114440918,8.329999923706055,8.710000038146973,3.8618712425231934,6600500
2008-10-10,8.020000457763672,8.710000038146973,6.880000114440918,7.989999771118164,3.5426347255706787,5877600
2008-10-13,9.109999656677246,9.960000038146973,8.100000381469727,9.670000076293945,4.287520408630371,5991000
2008-10-14,10.829999923706055,11.699999809265137,9.770000457763672,10.869999885559082,4.819578647613525,7112300
2008-10-15,10.140000343322754,10.34000015258789,8.539999961853027,9.199999809265137,4.079129695892334,3198700
2008-10-16,9.460000038146973,9.600000381469727,8.670000076293945,9.359999656677246,4.150070667266846,3537000
2008-10-17,9.59000015258789,10.970000267028809,9.0,10.880000114440918,4.824014186859131,3741300
2008-10-20,11.170000076293945,11.34000015258789,10.279999732971191,10.359999656677246,4.593456745147705,2224700
2008-10-21,10.359999656677246,10.399999618530273,8.930000305175781,9.0,3.9904532432556152,3422400
2008-10-22,8.850000381469727,9.180000305175781,8.510000228881836,8.899999618530273,3.946112871170044,1704800
2008-10-23,9.0,9.020000457763672,8.359999656677246,8.5,3.768760919570923,2083200
2008-10-24,7.260000228881836,8.15999984741211,7.070000171661377,7.889999866485596,3.4982974529266357,2749600
2008-10-27,7.420000076293945,7.869999885559082,6.889999866485596,7.0,3.103684663772583,2215800
2008-10-28,7.199999809265137,7.5,6.880000114440918,7.449999809265137,3.3032076358795166,2884300
2008-10-29,7.5,9.449999809265137,7.400000095367432,9.079999923706055,4.025924205780029,3778300
2008-10-30,9.229999542236328,9.850000381469727,8.5,8.90999984741211,3.9505486488342285,2625400
2008-10-31,8.380000114440918,9.140000343322754,8.380000114440918,9.140000343322754,4.052525043487549,1903000
2008-11-03,9.170000076293945,9.170000076293945,8.5,8.609999656677246,3.817533016204834,1472300
2008-11-04,9.029999732971191,9.1899995803833,8.699999809265137,9.029999732971191,4.003754138946533,1637900
2008-11-05,9.029999732971191,9.029999732971191,8.5,8.600000381469727,3.8130993843078613,1917600
2008-11-06,7.989999771118164,8.1899995803833,7.230000019073486,7.550000190734863,3.3475465774536133,5026000
2008-11-07,7.619999885559082,7.980000019073486,7.5,7.510000228881836,3.329810619354248,1893300
2008-11-10,7.599999904632568,7.75,7.460000038146973,7.570000171661377,3.3564155101776123,1270000
2008-11-11,7.5,7.53000020980835,7.0,7.309999942779541,3.2411344051361084,2617100
2008-11-12,7.039999961853027,7.349999904632568,6.900000095367432,7.010000228881836,3.108118772506714,2536900
2008-11-13,6.980000019073486,7.25,6.130000114440918,7.21999979019165,3.2012295722961426,2701700
2008-11-14,7.179999828338623,7.340000152587891,6.349999904632568,6.5,2.881993293762207,1425800
2008-11-17,6.539999961853027,6.630000114440918,6.150000095367432,6.340000152587891,2.811051845550537,1296800
2008-11-18,6.28000020980835,6.619999885559082,6.099999904632568,6.489999771118164,2.877559185028076,1711800
2008-11-19,6.28000020980835,6.349999904632568,5.75,5.949999809265137,2.638132333755493,2418200
2008-11-20,5.739999771118164,5.739999771118164,5.070000171661377,5.099999904632568,2.261256217956543,3648600
2008-11-21,5.409999847412109,5.449999809265137,4.150000095367432,4.650000095367432,2.0617334842681885,2591800
2008-11-24,4.900000095367432,6.46999979019165,4.659999847412109,6.429999828338623,2.850956916809082,2833400
2008-11-25,6.25,6.289999961853027,5.579999923706055,6.139999866485596,2.855607509613037,1701400
2008-11-26,5.630000114440918,6.300000190734863,5.610000133514404,6.289999961853027,2.925370693206787,1317500
2008-11-28,6.320000171661377,6.329999923706055,5.699999809265137,6.260000228881836,2.9114177227020264,738700
2008-12-01,6.0,6.070000171661377,5.5,5.559999942779541,2.585859537124634,947700
2008-12-02,5.599999904632568,5.829999923706055,5.179999828338623,5.340000152587891,2.48354172706604,1814600
2008-12-03,5.340000152587891,6.28000020980835,5.179999828338623,6.039999961853027,2.8090991973876953,1910600
2008-12-04,5.829999923706055,6.119999885559082,5.570000171661377,5.730000019073486,2.664923667907715,1133400
2008-12-05,5.679999828338623,6.300000190734863,5.5,6.269999980926514,2.916069269180298,1308100
2008-12-08,6.460000038146973,7.0,6.320000171661377,6.889999866485596,3.2044200897216797,1818300
2008-12-09,6.420000076293945,7.340000152587891,6.260000228881836,7.010000228881836,3.2602293491363525,1799100
2008-12-10,7.159999847412109,7.28000020980835,6.559999942779541,6.590000152587891,3.064894914627075,1700500
2008-12-11,6.590000152587891,6.590000152587891,6.300000190734863,6.429999828338623,2.990481376647949,1316200
2008-12-12,6.010000228881836,6.699999809265137,6.0,6.190000057220459,2.878861427307129,819300
2008-12-15,6.079999923706055,6.639999866485596,6.010000228881836,6.239999771118164,2.9021153450012207,1086700
2008-12-16,6.190000057220459,6.489999771118164,6.0,6.079999923706055,2.827702522277832,1670300
2008-12-17,6.079999923706055,6.130000114440918,5.789999961853027,5.900000095367432,2.743987798690796,1251900
2008-12-18,5.980000019073486,6.130000114440918,5.690000057220459,5.78000020980835,2.6881773471832275,866600
2008-12-19,5.800000190734863,5.949999809265137,5.610000133514404,5.929999828338623,2.7579398155212402,860900
2008-12-22,5.809999942779541,6.0,5.639999866485596,5.889999866485596,2.73933744430542,1290400
2008-12-23,5.800000190734863,6.070000171661377,5.71999979019165,5.980000019073486,2.781193256378174,1149900
2008-12-24,5.849999904632568,6.0,5.630000114440918,5.75,2.6742260456085205,978400
2008-12-26,5.920000076293945,6.0,5.75,5.940000057220459,2.7625913619995117,579400
2008-12-29,5.949999809265137,6.519999980926514,5.909999847412109,6.460000038146973,3.0044331550598145,1447900
2008-12-30,6.5,6.519999980926514,6.199999809265137,6.260000228881836,2.9114177227020264,1232200
2008-12-31,6.25,6.75,6.239999771118164,6.53000020980835,3.03698992729187,1200500
2009-01-02,6.590000152587891,7.139999866485596,6.5,7.139999866485596,3.320690393447876,1466200
2009-01-05,7.139999866485596,7.829999923706055,6.909999847412109,7.5,3.4881203174591064,1907400
2009-01-06,7.71999979019165,8.15999984741211,7.599999904632568,8.100000381469727,3.7671701908111572,1213900
2009-01-07,8.0,8.0,7.269999980926514,7.409999847412109,3.4462621212005615,1796600
2009-01-08,7.369999885559082,7.590000152587891,7.210000038146973,7.5,3.4881203174591064,892900
2009-01-09,7.619999885559082,7.650000095367432,7.260000228881836,7.28000020980835,3.3858015537261963,581100
2009-01-12,7.260000228881836,7.28000020980835,6.300000190734863,6.440000057220459,2.9951326847076416,1859700
2009-01-13,6.25,6.420000076293945,6.050000190734863,6.119999885559082,2.8463058471679688,1626100
2009-01-14,5.929999828338623,5.929999828338623,5.5,5.670000076293945,2.6370184421539307,1935300
2009-01-15,5.670000076293945,5.679999828338623,5.179999828338623,5.340000152587891,2.48354172706604,2372500
2009-01-16,5.769999980926514,5.769999980926514,5.139999866485596,5.199999809265137,2.4184303283691406,1820500
2009-01-20,5.190000057220459,5.190000057220459,4.400000095367432,4.619999885559082,2.1486823558807373,3506100
2009-01-21,5.03000020980835,5.03000020980835,4.289999961853027,4.400000095367432,2.046363592147827,3170600
2009-01-22,4.579999923706055,4.579999923706055,4.159999847412109,4.199999809265137,1.9533476829528809,2810500
2009-01-23,4.210000038146973,4.519999980926514,4.050000190734863,4.510000228881836,2.0975232124328613,2723100
2009-01-26,4.480000019073486,4.809999942779541,4.480000019073486,4.559999942779541,2.120776653289795,1503300
2009-01-27,4.659999847412109,4.730000019073486,4.400000095367432,4.46999979019165,2.0789194107055664,910800
2009-01-28,4.880000114440918,5.099999904632568,4.760000228881836,5.099999904632568,2.3719215393066406,2984800
2009-01-29,4.929999828338623,5.090000152587891,4.5,4.5,2.0928726196289062,2142300
2009-01-30,4.590000152587891,4.690000057220459,4.300000190734863,4.510000228881836,2.0975232124328613,3501100
2009-02-02,4.429999828338623,4.429999828338623,4.090000152587891,4.289999961853027,1.9952048063278198,2165900
2009-02-03,4.239999771118164,4.539999961853027,4.179999828338623,4.429999828338623,2.060316324234009,1679100
2009-02-04,4.46999979019165,4.869999885559082,4.400000095367432,4.800000190734863,2.2323973178863525,2237400
2009-02-05,4.610000133514404,4.96999979019165,4.510000228881836,4.800000190734863,2.2323973178863525,1536700
2009-02-06,4.900000095367432,5.510000228881836,4.849999904632568,5.369999885559082,2.4974935054779053,2520000
2009-02-09,5.460000038146973,5.460000038146973,4.920000076293945,4.940000057220459,2.2975082397460938,2097400
2009-02-10,5.019999980926514,5.019999980926514,4.360000133514404,4.449999809265137,2.0696170330047607,2459000
2009-02-11,4.539999961853027,4.710000038146973,4.25,4.610000133514404,2.144030809402466,3202400
2009-02-12,4.599999904632568,5.079999923706055,4.460000038146973,4.880000114440918,2.2696032524108887,2141300
2009-02-13,4.880000114440918,5.25,4.78000020980835,5.03000020980835,2.3393661975860596,1444100
2009-02-17,4.739999771118164,4.840000152587891,4.5,4.550000190734863,2.116126298904419,1342500
2009-02-18,4.639999866485596,4.75,4.210000038146973,4.230000019073486,1.9672996997833252,1980600
2009-02-19,4.25,4.53000020980835,4.050000190734863,4.050000190734863,1.8835850954055786,2417400
2009-02-20,4.03000020980835,4.260000228881836,3.9000000953674316,3.9600000381469727,1.8417274951934814,2512500
2009-02-23,4.190000057220459,4.190000057220459,3.8499999046325684,3.890000104904175,1.8091715574264526,1750400
2009-02-24,3.9000000953674316,4.329999923706055,3.75,4.289999961853027,1.9952048063278198,1805300
2009-02-25,4.260000228881836,4.360000133514404,4.019999980926514,4.119999885559082,1.9161401987075806,1096300
2009-02-26,4.199999809265137,4.349999904632568,3.8299999237060547,3.869999885559082,1.7998696565628052,1327300
2009-02-27,3.75,4.880000114440918,3.549999952316284,4.869999885559082,2.2649528980255127,4501300
2009-03-02,4.550000190734863,4.920000076293945,4.320000171661377,4.769999980926514,2.218444585800171,2676200
2009-03-03,4.900000095367432,6.25,4.610000133514404,5.690000057220459,2.646320343017578,6571200
2009-03-04,6.199999809265137,6.5,5.809999942779541,6.130000114440918,2.8509576320648193,7110100
2009-03-05,5.900000095367432,6.210000038146973,5.400000095367432,5.440000057220459,2.530050039291382,4537600
2009-03-06,5.489999771118164,6.099999904632568,5.400000095367432,5.929999828338623,2.7579398155212402,4381000
2009-03-09,5.889999866485596,6.119999885559082,5.599999904632568,5.610000133514404,2.609113931655884,2714400
2009-03-10,5.880000114440918,6.150000095367432,5.559999942779541,5.980000019073486,2.781193256378174,3645400
2009-03-11,6.050000190734863,6.300000190734863,5.829999923706055,6.099999904632568,2.8370044231414795,2569500
2009-03-12,6.050000190734863,6.179999828338623,5.760000228881836,6.099999904632568,2.8370044231414795,2121400
2009-03-13,6.110000133514404,6.190000057220459,5.809999942779541,5.960000038146973,2.7718920707702637,1984300
2009-03-16,6.079999923706055,6.5,5.980000019073486,6.059999942779541,2.818401336669922,2764900
2009-03-17,6.03000020980835,6.150000095367432,5.610000133514404,5.96999979019165,2.776543140411377,1959800
2009-03-18,5.949999809265137,6.199999809265137,5.760000228881836,6.070000171661377,2.823051691055298,2313900
2009-03-19,6.190000057220459,6.900000095367432,6.119999885559082,6.5,3.023036479949951,2789300
2009-03-20,6.599999904632568,6.71999979019165,6.130000114440918,6.300000190734863,2.930020570755005,1800300
2009-03-23,6.809999942779541,8.539999961853027,6.75,7.809999942779541,3.6322951316833496,10158000
2009-03-24,8.140000343322754,9.1899995803833,8.050000190734863,8.220000267028809,3.822979688644409,10661100
2009-03-25,8.710000038146973,8.819999694824219,7.449999809265137,7.789999961853027,3.622992753982544,8901100
2009-03-26,8.109999656677246,8.220000267028809,7.449999809265137,7.900000095367432,3.6741526126861572,5089600
2009-03-27,7.510000228881836,7.880000114440918,7.449999809265137,7.75,3.6043901443481445,2230400
2009-03-30,7.210000038146973,7.300000190734863,6.699999809265137,6.840000152587891,3.1811656951904297,5445400
2009-03-31,6.949999809265137,7.449999809265137,6.949999809265137,7.25,3.3718478679656982,3465600
2009-04-01,7.110000133514404,7.550000190734863,6.889999866485596,7.329999923706055,3.4090569019317627,2684800
2009-04-02,7.849999904632568,8.199999809265137,7.670000076293945,7.829999923706055,3.6415958404541016,5183300
2009-04-03,7.809999942779541,8.15999984741211,7.53000020980835,8.069999694824219,3.753216505050659,2382300
2009-04-06,7.760000228881836,7.889999866485596,7.619999885559082,7.789999961853027,3.622992753982544,1185400
2009-04-07,7.570000171661377,7.570000171661377,7.130000114440918,7.239999771118164,3.367197275161743,2127600
2009-04-08,7.25,7.400000095367432,7.010000228881836,7.269999980926514,3.381150722503662,1848600
2009-04-09,7.75,8.149999618530273,7.599999904632568,7.630000114440918,3.5485806465148926,3412400
2009-04-13,7.650000095367432,7.880000114440918,7.360000133514404,7.800000190734863,3.6276440620422363,2561600
2009-04-14,7.849999904632568,8.699999809265137,7.679999828338623,8.369999885559082,3.8927416801452637,5454600
2009-04-15,8.15999984741211,9.0,8.069999694824219,8.859999656677246,4.120632648468018,3504600
2009-04-16,9.0,9.180000305175781,8.5,8.899999618530273,4.1392340660095215,3055000
2009-04-17,8.970000267028809,9.0600004196167,8.550000190734863,8.670000076293945,4.0322675704956055,2153800
2009-04-20,8.390000343322754,8.529999732971191,7.519999980926514,7.550000190734863,3.511373996734619,3426700
2009-04-21,7.420000076293945,7.800000190734863,7.110000133514404,7.650000095367432,3.55788254737854,3468500
2009-04-22,7.409999847412109,8.079999923706055,7.409999847412109,7.880000114440918,3.664850950241089,2614500
2009-04-23,7.960000038146973,8.510000228881836,7.820000171661377,8.3100004196167,3.8648386001586914,2586200
2009-04-24,8.350000381469727,8.970000267028809,8.119999885559082,8.75,4.069473743438721,4123100
2009-04-27,8.550000190734863,8.550000190734863,8.1899995803833,8.25,3.8369314670562744,2059800
2009-04-28,8.029999732971191,8.390000343322754,8.010000228881836,8.300000190734863,3.860184907913208,1960400
2009-04-29,8.3100004196167,9.0,8.3100004196167,8.920000076293945,4.148536682128906,2678100
2009-04-30,9.1899995803833,10.0,9.180000305175781,9.789999961853027,4.553160667419434,6067700
2009-05-01,9.710000038146973,11.5,9.619999885559082,11.279999732971191,5.246133327484131,8092900
2009-05-04,11.6899995803833,11.90999984741211,11.1899995803833,11.899999618530273,5.534483432769775,5277400
2009-05-05,11.869999885559082,12.279999732971191,11.399999618530273,12.15999984741211,5.655405044555664,4585100
2009-05-06,12.880000114440918,14.4399995803833,12.770000457763672,13.15999984741211,6.120487689971924,16437700
2009-05-07,13.779999732971191,14.199999809265137,12.449999809265137,12.489999771118164,5.808881759643555,9049000
2009-05-08,12.8100004196167,14.100000381469727,12.8100004196167,13.84000015258789,6.436744213104248,4462600
2009-05-11,13.350000381469727,13.649999618530273,12.5,12.640000343322754,5.878645420074463,3833100
2009-05-12,12.829999923706055,13.119999885559082,12.520000457763672,12.670000076293945,5.892597198486328,2738300
2009-05-13,12.210000038146973,12.390000343322754,11.5,11.630000114440918,5.408910274505615,3715400
2009-05-14,11.399999618530273,11.970000267028809,11.0,11.59000015258789,5.390307426452637,2554900
2009-05-15,11.40999984741211,11.84000015258789,11.390000343322754,11.520000457763672,5.357752323150635,1914000
2009-05-18,11.819999694824219,12.359999656677246,11.699999809265137,12.15999984741211,5.655405044555664,3196800
2009-05-19,12.289999961853027,12.350000381469727,11.510000228881836,11.569999694824219,5.381006717681885,2675700
2009-05-20,11.789999961853027,12.1899995803833,11.069999694824219,11.199999809265137,5.208925247192383,2799100
2009-05-21,11.010000228881836,11.329999923706055,10.630000114440918,10.779999732971191,5.013590335845947,2861800
2009-05-22,11.09000015258789,11.260000228881836,10.899999618530273,11.199999809265137,5.208925247192383,1590600
2009-05-26,10.920000076293945,11.6899995803833,10.920000076293945,11.449999809265137,5.325195789337158,3054200
2009-05-27,11.40999984741211,11.600000381469727,10.949999809265137,11.130000114440918,5.315643310546875,3880100
2009-05-28,11.239999771118164,11.34000015258789,11.0,11.210000038146973,5.353852272033691,5754900
2009-05-29,11.260000228881836,11.399999618530273,10.779999732971191,10.949999809265137,5.229677677154541,2244200
2009-06-01,11.1899995803833,11.34000015258789,10.770000457763672,11.029999732971191,5.267886161804199,3576500
2009-06-02,10.970000267028809,11.1899995803833,10.5,10.800000190734863,5.1580376625061035,2680300
2009-06-03,10.8100004196167,11.0,10.430000305175781,10.460000038146973,4.995654106140137,2094300
2009-06-04,10.470000267028809,10.880000114440918,10.420000076293945,10.770000457763672,5.143710613250732,1645500
2009-06-05,10.970000267028809,11.050000190734863,10.529999732971191,10.920000076293945,5.2153496742248535,2339200
2009-06-08,11.239999771118164,11.390000343322754,10.949999809265137,11.079999923706055,5.2917656898498535,6523800
2009-06-09,11.279999732971191,11.319999694824219,10.729999542236328,11.0,5.253559112548828,2324200
2009-06-10,11.239999771118164,11.239999771118164,10.8100004196167,10.949999809265137,5.229677677154541,1513100
2009-06-11,10.979999542236328,12.0,10.979999542236328,11.739999771118164,5.606978416442871,5390400
2009-06-12,11.819999694824219,11.949999809265137,11.470000267028809,11.609999656677246,5.544890403747559,2381700
2009-06-15,11.5,11.5,11.100000381469727,11.329999923706055,5.411165237426758,1630900
2009-06-16,11.359999656677246,11.550000190734863,11.09000015258789,11.170000076293945,5.334749221801758,1712200
2009-06-17,11.15999984741211,11.210000038146973,10.710000038146973,10.989999771118164,5.248779296875,1591900
2009-06-18,11.0,11.199999809265137,10.930000305175781,11.149999618530273,5.325195789337158,1065900
2009-06-19,11.210000038146973,12.09000015258789,11.210000038146973,11.920000076293945,5.69294548034668,2948300
2009-06-22,11.770000457763672,11.800000190734863,11.199999809265137,11.380000114440918,5.435043811798096,1848300
2009-06-23,11.4399995803833,11.4399995803833,10.720000267028809,11.039999961853027,5.272660255432129,2404500
2009-06-24,11.170000076293945,11.449999809265137,11.109999656677246,11.199999809265137,5.349076747894287,1292100
2009-06-25,11.149999618530273,11.479999542236328,10.880000114440918,11.079999923706055,5.2917656898498535,1912300
2009-06-26,10.989999771118164,11.319999694824219,10.829999923706055,10.880000114440918,5.196246147155762,1692300
2009-06-29,10.979999542236328,11.15999984741211,10.8100004196167,10.850000381469727,5.181918144226074,1143100
2009-06-30,10.859999656677246,11.029999732971191,10.529999732971191,10.539999961853027,5.0338616371154785,1429400
2009-07-01,10.720000267028809,10.869999885559082,10.630000114440918,10.8100004196167,5.162815093994141,1101100
2009-07-02,10.65999984741211,11.0,10.65999984741211,10.720000267028809,5.119830131530762,1424200
2009-07-06,10.710000038146973,10.819999694824219,10.050000190734863,10.180000305175781,4.861928939819336,2034800
2009-07-07,10.199999809265137,10.329999923706055,9.539999961853027,9.609999656677246,4.5896992683410645,2250500
2009-07-08,9.630000114440918,9.630000114440918,8.539999961853027,8.600000381469727,4.107326030731201,5219700
2009-07-09,8.75,8.890000343322754,8.630000114440918,8.680000305175781,4.145533561706543,2490800
2009-07-10,8.680000305175781,8.859999656677246,8.630000114440918,8.729999542236328,4.169415473937988,2096200
2009-07-13,8.789999961853027,9.1899995803833,8.779999732971191,9.130000114440918,4.360452175140381,3083000
2009-07-14,9.270000457763672,9.600000381469727,9.199999809265137,9.479999542236328,4.5276103019714355,2102100
2009-07-15,9.75,10.199999809265137,9.710000038146973,9.970000267028809,4.761631965637207,2099800
2009-07-16,9.989999771118164,10.6899995803833,9.899999618530273,10.579999923706055,5.052968502044678,2158500
2009-07-17,10.4399995803833,10.569999694824219,10.0600004196167,10.390000343322754,4.962221622467041,1841700
2009-07-20,10.529999732971191,10.710000038146973,10.380000114440918,10.640000343322754,5.0816216468811035,1310100
2009-07-21,10.59000015258789,10.800000190734863,10.4399995803833,10.479999542236328,5.0052056312561035,1379200
2009-07-22,10.40999984741211,11.039999961853027,10.220000267028809,10.859999656677246,5.18669319152832,1689700
2009-07-23,10.90999984741211,11.9399995803833,10.899999618530273,11.600000381469727,5.540114879608154,3526900
2009-07-24,11.479999542236328,11.649999618530273,11.170000076293945,11.579999923706055,5.53056526184082,1192200
2009-07-27,11.640000343322754,11.850000381469727,11.300000190734863,11.699999809265137,5.587873935699463,1061100
2009-07-28,11.460000038146973,11.649999618530273,11.239999771118164,11.529999732971191,5.506683826446533,1191500
2009-07-29,11.529999732971191,11.529999732971191,10.930000305175781,10.960000038146973,5.234452247619629,2277400
2009-07-30,11.149999618530273,11.6899995803833,11.069999694824219,11.420000076293945,5.454146862030029,1944600
2009-07-31,11.510000228881836,11.670000076293945,11.229999542236328,11.260000228881836,5.377730846405029,1497300
2009-08-03,11.539999961853027,13.670000076293945,11.399999618530273,13.640000343322754,6.514414310455322,7612800
2009-08-04,13.380000114440918,13.4399995803833,12.75,12.930000305175781,6.175318241119385,4998700
2009-08-05,13.1899995803833,15.0,13.100000381469727,14.960000038146973,7.14483642578125,11011000
2009-08-06,15.3100004196167,15.380000114440918,12.75,14.0,6.686343669891357,7207100
2009-08-07,14.5,14.699999809265137,14.0,14.289999961853027,6.824851989746094,3825000
2009-08-10,14.5600004196167,15.0600004196167,14.350000381469727,14.899999618530273,7.11618185043335,4658300
2009-08-11,14.720000267028809,14.890000343322754,14.34000015258789,14.460000038146973,6.906040191650391,2867200
2009-08-12,14.369999885559082,14.699999809265137,14.100000381469727,14.579999923706055,6.963350296020508,2928900
2009-08-13,14.869999885559082,14.869999885559082,14.199999809265137,14.40999984741211,6.882160186767578,3187400
2009-08-14,14.300000190734863,14.430000305175781,13.930000305175781,14.050000190734863,6.710226535797119,2813200
2009-08-17,13.460000038146973,13.869999885559082,12.880000114440918,13.020000457763672,6.218302249908447,3835100
2009-08-18,13.350000381469727,13.529999732971191,13.199999809265137,13.210000038146973,6.309045791625977,2324600
2009-08-19,12.949999809265137,13.319999694824219,12.890000343322754,13.15999984741211,6.285162925720215,2589900
2009-08-20,13.300000190734863,13.609999656677246,13.239999771118164,13.449999809265137,6.4236650466918945,3404100
2009-08-21,13.579999923706055,13.75,13.399999618530273,13.600000381469727,6.495306491851807,3348400
2009-08-24,13.949999809265137,13.960000038146973,12.90999984741211,13.069999694824219,6.242182731628418,5450900
2009-08-25,13.260000228881836,13.300000190734863,12.859999656677246,12.869999885559082,6.146661758422852,4909300
2009-08-26,12.960000038146973,13.25,12.850000381469727,13.100000381469727,6.256508827209473,3274000
2009-08-27,12.989999771118164,13.149999618530273,12.699999809265137,13.0600004196167,6.383593559265137,3166600
2009-08-28,13.229999542236328,13.229999542236328,12.90999984741211,13.100000381469727,6.403145790100098,2636300
2009-08-31,12.989999771118164,12.989999771118164,12.720000267028809,12.890000343322754,6.300501346588135,2181700
2009-09-01,12.75,12.9399995803833,12.039999961853027,12.25,5.987674236297607,4292200
2009-09-02,12.239999771118164,12.34000015258789,12.010000228881836,12.029999732971191,5.880141258239746,2593500
2009-09-03,12.25,12.270000457763672,12.0600004196167,12.1899995803833,5.958345413208008,1812600
2009-09-04,12.270000457763672,12.399999618530273,12.0600004196167,12.279999732971191,6.00233793258667,1954100
2009-09-08,12.619999885559082,12.760000228881836,12.460000038146973,12.680000305175781,6.197853088378906,3149800
2009-09-09,12.90999984741211,13.220000267028809,12.779999732971191,12.979999542236328,6.344490051269531,3875300
2009-09-10,13.800000190734863,13.850000381469727,13.430000305175781,13.5,6.598661422729492,6508900
2009-09-11,13.729999542236328,13.880000114440918,13.460000038146973,13.569999694824219,6.632877349853516,4468700
2009-09-14,13.369999885559082,14.069999694824219,13.3100004196167,13.9399995803833,6.8137311935424805,5943400
2009-09-15,14.039999961853027,14.050000190734863,13.819999694824219,13.989999771118164,6.838170528411865,7029800
2009-09-16,14.260000228881836,15.0,13.989999771118164,14.680000305175781,7.1754350662231445,9025300
2009-09-17,14.579999923706055,15.180000305175781,14.5,15.050000190734863,7.3562846183776855,11473400
2009-09-18,15.079999923706055,15.300000190734863,14.970000267028809,15.0,7.331847667694092,5389200
2009-09-21,14.800000190734863,14.850000381469727,14.369999885559082,14.449999809265137,7.063011169433594,3586800
2009-09-22,14.890000343322754,14.890000343322754,14.579999923706055,14.65999984741211,7.165660381317139,3835200
2009-09-23,14.760000228881836,14.899999618530273,14.5,14.529999732971191,7.102114200592041,3479500
2009-09-24,14.539999961853027,14.630000114440918,13.829999923706055,14.0,6.84305477142334,4285500
2009-09-25,13.819999694824219,14.119999885559082,13.59000015258789,13.789999961853027,6.7404093742370605,2578500
2009-09-28,13.84000015258789,14.25,13.779999732971191,14.109999656677246,6.896821975708008,2686100
2009-09-29,14.109999656677246,14.380000114440918,13.949999809265137,14.050000190734863,6.867497444152832,2502200
2009-09-30,14.119999885559082,14.329999923706055,13.979999542236328,14.199999809265137,6.940814971923828,2915400
2009-10-01,14.1899995803833,14.289999961853027,13.75,13.8100004196167,6.750186920166016,2828500
2009-10-02,13.550000190734863,13.8100004196167,13.3100004196167,13.449999809265137,6.574219703674316,3468200
2009-10-05,13.319999694824219,13.84000015258789,13.279999732971191,13.680000305175781,6.686643123626709,2822000
2009-10-06,14.319999694824219,14.760000228881836,14.1899995803833,14.529999732971191,7.102114200592041,4548400
2009-10-07,14.609999656677246,14.75,14.350000381469727,14.609999656677246,7.1412200927734375,2000100
2009-10-08,14.850000381469727,14.90999984741211,14.65999984741211,14.890000343322754,7.278080463409424,2684100
2009-10-09,14.890000343322754,14.979999542236328,14.699999809265137,14.850000381469727,7.258525848388672,2116600
2009-10-12,15.5,16.18000030517578,15.5,16.079999923706055,7.859737396240234,9470300
2009-10-13,16.239999771118164,16.260000228881836,15.819999694824219,15.899999618530273,7.771755695343018,4064400
2009-10-14,16.290000915527344,17.219999313354492,16.170000076293945,17.110000610351562,8.36319351196289,9895600
2009-10-15,17.09000015258789,17.09000015258789,16.600000381469727,16.729999542236328,8.177453994750977,4346000
2009-10-16,16.450000762939453,16.59000015258789,16.0,16.239999771118164,7.937946796417236,3544200
2009-10-19,16.399999618530273,16.5,15.850000381469727,15.869999885559082,7.757094383239746,4129400
2009-10-20,16.0,16.299999237060547,15.670000076293945,15.869999885559082,7.757094383239746,3537600
2009-10-21,15.880000114440918,16.200000762939453,15.520000457763672,15.600000381469727,7.625118732452393,1983200
2009-10-22,15.569999694824219,16.09000015258789,15.25,16.09000015258789,7.864623546600342,2857400
2009-10-23,16.229999542236328,16.450000762939453,15.75,15.819999694824219,7.732655048370361,1951500
2009-10-26,15.9399995803833,16.0,15.020000457763672,15.100000381469727,7.3807268142700195,3302600
2009-10-27,15.149999618530273,15.149999618530273,14.329999923706055,14.390000343322754,7.03368616104126,4338500
2009-10-28,14.3100004196167,14.420000076293945,12.710000038146973,12.899999618530273,6.305389404296875,9192300
2009-10-29,13.40999984741211,14.1899995803833,13.40999984741211,13.869999885559082,6.77951192855835,4670800
2009-10-30,14.210000038146973,14.210000038146973,13.109999656677246,13.420000076293945,6.559558868408203,4082700
2009-11-02,13.539999961853027,13.90999984741211,13.390000343322754,13.779999732971191,6.735522270202637,3443000
2009-11-03,13.6899995803833,13.930000305175781,13.260000228881836,13.899999618530273,6.794175624847412,1828700
2009-11-04,14.09000015258789,14.260000228881836,13.739999771118164,13.770000457763672,6.730635166168213,2274500
2009-11-05,13.850000381469727,13.989999771118164,13.0600004196167,13.869999885559082,6.77951192855835,4125400
2009-11-06,14.050000190734863,15.100000381469727,13.949999809265137,14.84000015258789,7.253639221191406,5997500
2009-11-09,15.229999542236328,15.720000267028809,15.1899995803833,15.600000381469727,7.625118732452393,5122600
2009-11-10,15.930000305175781,15.930000305175781,15.199999809265137,15.319999694824219,7.488256931304932,3286700
2009-11-11,15.680000305175781,15.699999809265137,15.319999694824219,15.65999984741211,7.654445648193359,2322800
2009-11-12,15.40999984741211,15.449999809265137,15.149999618530273,15.229999542236328,7.444268703460693,5421900
2009-11-13,15.220000267028809,15.479999542236328,15.149999618530273,15.220000267028809,7.439379692077637,2769400
2009-11-16,15.479999542236328,15.479999542236328,15.1899995803833,15.220000267028809,7.439379692077637,2486100
2009-11-17,15.15999984741211,15.380000114440918,15.100000381469727,15.289999961853027,7.473592281341553,2354300
2009-11-18,15.279999732971191,15.680000305175781,15.199999809265137,15.550000190734863,7.60067892074585,3549400
2009-11-19,15.390000343322754,15.449999809265137,15.039999961853027,15.279999732971191,7.468706130981445,4111500
2009-11-20,15.149999618530273,15.180000305175781,14.90999984741211,14.979999542236328,7.32206916809082,3580900
2009-11-23,15.25,15.260000228881836,14.920000076293945,15.0600004196167,7.361174583435059,3492200
2009-11-24,15.050000190734863,15.069999694824219,13.65999984741211,14.029999732971191,6.8577189445495605,11144500
2009-11-25,14.199999809265137,14.329999923706055,13.670000076293945,13.869999885559082,6.927645683288574,3796000
2009-11-27,13.449999809265137,13.720000267028809,13.119999885559082,13.420000076293945,6.702884674072266,2596800
2009-11-30,13.5,13.90999984741211,13.430000305175781,13.84000015258789,6.912660598754883,3501100
2009-12-01,14.09000015258789,14.140000343322754,13.5,13.609999656677246,6.797783851623535,4215000
2009-12-02,13.649999618530273,13.819999694824219,13.460000038146973,13.550000190734863,6.76781702041626,2893500
2009-12-03,13.649999618530273,13.760000228881836,13.479999542236328,13.539999961853027,6.76282262802124,3010900
2009-12-04,13.760000228881836,13.819999694824219,13.34000015258789,13.6899995803833,6.837742805480957,3281600
2009-12-07,13.6899995803833,13.869999885559082,13.569999694824219,13.649999618530273,6.817761421203613,2261600
2009-12-08,13.510000228881836,13.529999732971191,13.300000190734863,13.34000015258789,6.662928104400635,1907400
2009-12-09,13.300000190734863,13.470000267028809,13.199999809265137,13.369999885559082,6.677909851074219,1937100
2009-12-10,13.369999885559082,13.960000038146973,13.300000190734863,13.869999885559082,6.927645683288574,3328400
2009-12-11,13.899999618530273,13.970000267028809,13.619999885559082,13.710000038146973,6.847732067108154,3074300
2009-12-14,13.760000228881836,13.869999885559082,13.479999542236328,13.699999809265137,6.842737674713135,2482800
2009-12-15,13.619999885559082,13.65999984741211,13.350000381469727,13.420000076293945,6.702884674072266,2330700
2009-12-16,13.5600004196167,13.59000015258789,13.300000190734863,13.390000343322754,6.687901020050049,2662700
2009-12-17,13.260000228881836,13.40999984741211,13.1899995803833,13.229999542236328,6.607985973358154,1999200
2009-12-18,13.279999732971191,13.350000381469727,13.130000114440918,13.170000076293945,6.57801628112793,3861000
2009-12-21,13.239999771118164,13.5,13.180000305175781,13.5,6.742842197418213,2930500
2009-12-22,13.489999771118164,13.489999771118164,13.199999809265137,13.239999771118164,6.612982273101807,2374600
2009-12-23,13.359999656677246,13.380000114440918,13.119999885559082,13.180000305175781,6.583012580871582,2205500
2009-12-24,13.199999809265137,13.220000267028809,13.130000114440918,13.170000076293945,6.57801628112793,1037400
2009-12-28,13.140000343322754,13.289999961853027,13.140000343322754,13.1899995803833,6.588006496429443,1575800
2009-12-29,13.25,13.25,13.100000381469727,13.109999656677246,6.548048973083496,1418000
2009-12-30,13.100000381469727,13.1899995803833,12.899999618530273,13.1899995803833,6.588006496429443,2714300
2009-12-31,13.15999984741211,13.25,13.100000381469727,13.119999885559082,6.553042888641357,1472200
2010-01-04,13.25,13.75,13.149999618530273,13.710000038146973,6.847732067108154,3862700
2010-01-05,13.75,13.869999885559082,13.619999885559082,13.789999961853027,6.887688159942627,4072800
2010-01-06,13.779999732971191,14.09000015258789,13.75,14.039999961853027,7.012556076049805,4108900
2010-01-07,14.039999961853027,14.199999809265137,13.90999984741211,14.09000015258789,7.037530899047852,4015200
2010-01-08,14.069999694824219,14.100000381469727,13.869999885559082,14.050000190734863,7.017551898956299,2830500
2010-01-11,14.279999732971191,14.279999732971191,13.800000190734863,14.050000190734863,7.017551898956299,2465900
2010-01-12,13.880000114440918,13.970000267028809,13.609999656677246,13.6899995803833,6.837742805480957,2925500
2010-01-13,13.670000076293945,13.819999694824219,13.359999656677246,13.65999984741211,6.822754383087158,2335100
2010-01-14,13.649999618530273,13.779999732971191,13.399999618530273,13.75,6.8677077293396,3018800
2010-01-15,13.770000457763672,13.829999923706055,13.609999656677246,13.789999961853027,6.887688159942627,2734600
2010-01-19,13.770000457763672,13.819999694824219,13.449999809265137,13.5600004196167,6.772810935974121,3893900
2010-01-20,13.489999771118164,13.699999809265137,13.40999984741211,13.6899995803833,6.837742805480957,1729300
2010-01-21,13.649999618530273,13.84000015258789,13.329999923706055,13.420000076293945,6.702884674072266,4095500
2010-01-22,13.3100004196167,13.420000076293945,12.59000015258789,12.739999771118164,6.363246917724609,5373600
2010-01-25,12.890000343322754,13.0,12.4399995803833,12.640000343322754,6.313298225402832,3600600
2010-01-26,12.600000381469727,12.819999694824219,12.449999809265137,12.449999809265137,6.218399524688721,1862700
2010-01-27,12.489999771118164,12.770000457763672,12.25,12.729999542236328,6.358250141143799,1736000
2010-01-28,12.84000015258789,12.880000114440918,12.359999656677246,12.619999885559082,6.30330753326416,1937100
2010-01-29,12.65999984741211,12.880000114440918,12.0600004196167,12.130000114440918,6.058567047119141,2698400
2010-02-01,12.420000076293945,12.90999984741211,12.40999984741211,12.899999618530273,6.4431610107421875,2781600
2010-02-02,13.050000190734863,13.4399995803833,13.020000457763672,13.329999923706055,6.657931804656982,3110700
2010-02-03,13.270000457763672,13.420000076293945,13.0600004196167,13.210000038146973,6.597997665405273,2225000
2010-02-04,13.100000381469727,13.100000381469727,12.609999656677246,12.720000267028809,6.353255271911621,3507200
2010-02-05,12.739999771118164,12.779999732971191,12.029999732971191,12.710000038146973,6.348258018493652,3160600
2010-02-08,12.819999694824219,12.819999694824219,12.359999656677246,12.479999542236328,6.2333831787109375,1636100
2010-02-09,12.609999656677246,12.75,12.449999809265137,12.699999809265137,6.343266487121582,2110100
2010-02-10,12.75,12.819999694824219,12.40999984741211,12.4399995803833,6.2134013175964355,2410400
2010-02-11,12.5,12.670000076293945,12.399999618530273,12.510000228881836,6.248367786407471,1554600
2010-02-12,12.449999809265137,12.880000114440918,12.270000457763672,12.819999694824219,6.40320348739624,1812100
2010-02-16,13.029999732971191,13.420000076293945,12.930000305175781,13.34000015258789,6.662928104400635,2334300
2010-02-17,13.420000076293945,13.5,13.270000457763672,13.359999656677246,6.672915935516357,1479300
2010-02-18,13.329999923706055,13.569999694824219,13.210000038146973,13.489999771118164,6.737847328186035,1782400
2010-02-19,13.350000381469727,13.75,13.34000015258789,13.729999542236328,6.8577189445495605,1701500
2010-02-22,13.800000190734863,13.979999542236328,13.449999809265137,13.84000015258789,6.912660598754883,2834500
2010-02-23,13.850000381469727,14.180000305175781,13.779999732971191,13.829999923706055,6.907665729522705,4706400
2010-02-24,13.9399995803833,14.1899995803833,13.890000343322754,14.0,6.992579936981201,4082600
2010-02-25,14.0600004196167,14.270000457763672,13.649999618530273,13.920000076293945,6.952620029449463,5281800
2010-02-26,13.920000076293945,14.239999771118164,13.850000381469727,13.979999542236328,6.982587814331055,2752500
2010-03-01,14.100000381469727,14.199999809265137,14.0,14.109999656677246,7.047519207000732,2294200
2010-03-02,14.149999618530273,14.270000457763672,14.029999732971191,14.109999656677246,7.047519207000732,2530600
2010-03-03,14.479999542236328,14.5,14.199999809265137,14.229999542236328,7.107455253601074,6137400
2010-03-04,14.289999961853027,14.359999656677246,14.069999694824219,14.319999694824219,7.152408123016357,3449100
2010-03-05,14.460000038146973,15.039999961853027,14.460000038146973,14.899999618530273,7.442101955413818,7887000
2010-03-08,15.050000190734863,15.050000190734863,14.640000343322754,14.649999618530273,7.317230224609375,4014300
2010-03-09,14.619999885559082,14.899999618530273,14.479999542236328,14.850000381469727,7.417126655578613,2881300
2010-03-10,14.90999984741211,14.970000267028809,14.75,14.84000015258789,7.4121317863464355,2942900
2010-03-11,14.59000015258789,14.899999618530273,14.380000114440918,14.899999618530273,7.595654010772705,4699100
2010-03-12,14.90999984741211,14.9399995803833,14.550000190734863,14.649999618530273,7.468205451965332,3546800
2010-03-15,14.619999885559082,14.6899995803833,14.069999694824219,14.430000305175781,7.356059551239014,3238300
2010-03-16,14.399999618530273,14.5,14.25,14.430000305175781,7.356059551239014,2247400
2010-03-17,14.5,14.859999656677246,14.399999618530273,14.649999618530273,7.468205451965332,3027400
2010-03-18,14.619999885559082,14.710000038146973,14.399999618530273,14.5,7.391737461090088,2514500
2010-03-19,13.960000038146973,14.550000190734863,13.949999809265137,13.960000038146973,7.116462707519531,4105700
2010-03-22,13.899999618530273,14.170000076293945,13.890000343322754,14.119999885559082,7.198026657104492,2919900
2010-03-23,14.069999694824219,14.390000343322754,13.979999542236328,14.390000343322754,7.335666179656982,3080500
2010-03-24,14.25,14.5600004196167,14.069999694824219,14.520000457763672,7.401935577392578,3763300
2010-03-25,14.609999656677246,15.100000381469727,14.520000457763672,14.6899995803833,7.4885993003845215,5695200
2010-03-26,14.789999961853027,14.8100004196167,14.420000076293945,14.529999732971191,7.4070329666137695,4165100
2010-03-29,14.550000190734863,14.619999885559082,14.210000038146973,14.270000457763672,7.274493217468262,3339600
2010-03-30,14.319999694824219,14.359999656677246,14.130000114440918,14.289999961853027,7.284688949584961,3118000
2010-03-31,14.3100004196167,14.390000343322754,14.0,14.0,7.136855125427246,4519800
2010-04-01,14.109999656677246,14.3100004196167,14.109999656677246,14.300000190734863,7.289783000946045,3863300
2010-04-05,14.329999923706055,14.539999961853027,14.229999542236328,14.479999542236328,7.381545543670654,3856300
2010-04-06,14.460000038146973,14.75,14.460000038146973,14.640000343322754,7.463109493255615,3352200
2010-04-07,14.699999809265137,14.800000190734863,14.550000190734863,14.680000305175781,7.4835004806518555,3425900
2010-04-08,14.670000076293945,14.699999809265137,14.359999656677246,14.619999885559082,7.4529128074646,3118800
2010-04-09,14.6899995803833,14.75,14.569999694824219,14.729999542236328,7.508988380432129,2566700
2010-04-12,14.859999656677246,15.1899995803833,14.800000190734863,15.029999732971191,7.661922454833984,5101400
2010-04-13,15.100000381469727,15.449999809265137,15.0600004196167,15.25,7.774073600769043,7088300
2010-04-14,15.4399995803833,15.489999771118164,15.029999732971191,15.260000228881836,7.779169082641602,4827700
2010-04-15,15.260000228881836,15.369999885559082,15.0600004196167,15.1899995803833,7.743486404418945,3222100
2010-04-16,15.109999656677246,15.130000114440918,14.25,14.739999771118164,7.514087200164795,7474300
2010-04-19,14.489999771118164,14.779999732971191,14.329999923706055,14.680000305175781,7.4835004806518555,4730800
2010-04-20,14.770000457763672,14.90999984741211,14.630000114440918,14.770000457763672,7.529380798339844,3179400
2010-04-21,14.880000114440918,15.069999694824219,14.760000228881836,14.949999809265137,7.621138572692871,4307400
2010-04-22,15.119999885559082,15.149999618530273,14.449999809265137,14.84000015258789,7.565062999725342,7628400
2010-04-23,14.920000076293945,15.0600004196167,14.779999732971191,14.899999618530273,7.595654010772705,5048100
2010-04-26,14.949999809265137,15.119999885559082,14.789999961853027,14.989999771118164,7.641529560089111,5330500
2010-04-27,14.960000038146973,14.989999771118164,14.5,14.510000228881836,7.396838665008545,4632400
2010-04-28,14.600000381469727,14.649999618530273,14.039999961853027,14.210000038146973,7.243905544281006,4484200
2010-04-29,14.390000343322754,14.619999885559082,14.180000305175781,14.550000190734863,7.417229652404785,3995900
2010-04-30,14.470000267028809,14.470000267028809,13.979999542236328,13.979999542236328,7.126657485961914,4490200
2010-05-03,14.010000228881836,14.529999732971191,13.949999809265137,14.430000305175781,7.356059551239014,5837000
2010-05-04,14.1899995803833,14.1899995803833,13.449999809265137,13.880000114440918,7.07567834854126,6132900
2010-05-05,13.600000381469727,13.770000457763672,13.130000114440918,13.300000190734863,6.78001070022583,5104300
2010-05-06,13.15999984741211,13.34000015258789,11.869999885559082,12.609999656677246,6.428264617919922,10732100
2010-05-07,12.649999618530273,12.670000076293945,11.890000343322754,12.170000076293945,6.203963756561279,8396800
2010-05-10,12.949999809265137,13.34000015258789,12.720000267028809,13.180000305175781,6.718837738037109,7545400
2010-05-11,12.90999984741211,13.300000190734863,12.789999961853027,13.020000457763672,6.63727331161499,4681100
2010-05-12,13.09000015258789,13.09000015258789,12.800000190734863,12.989999771118164,6.673233985900879,3056000
2010-05-13,13.039999961853027,13.170000076293945,12.710000038146973,13.0,6.678369522094727,3385000
2010-05-14,12.739999771118164,12.770000457763672,12.0,12.25,6.293081283569336,6891600
2010-05-17,12.350000381469727,12.380000114440918,11.819999694824219,12.079999923706055,6.205748081207275,4722600
2010-05-18,12.289999961853027,12.289999961853027,11.619999885559082,11.630000114440918,5.974575042724609,4240100
2010-05-19,11.569999694824219,11.630000114440918,11.0600004196167,11.550000190734863,5.933476448059082,5761000
2010-05-20,11.229999542236328,11.369999885559082,10.529999732971191,11.0,5.650929927825928,9445600
2010-05-21,10.65999984741211,11.25,10.5600004196167,11.069999694824219,5.686888217926025,4570600
2010-05-24,10.619999885559082,10.979999542236328,10.470000267028809,10.5,5.394067287445068,4917100
2010-05-25,10.050000190734863,10.6899995803833,9.880000114440918,10.630000114440918,5.460853576660156,5470100
2010-05-26,10.800000190734863,11.229999542236328,10.720000267028809,10.800000190734863,5.548183441162109,4008100
2010-05-27,11.109999656677246,11.180000305175781,10.75,11.020000457763672,5.661205291748047,3065500
2010-05-28,11.109999656677246,11.109999656677246,10.5,10.649999618530273,5.471127033233643,3845200
2010-06-01,10.470000267028809,10.569999694824219,10.15999984741211,10.229999542236328,5.2553629875183105,4385000
2010-06-02,10.380000114440918,10.579999923706055,10.180000305175781,10.529999732971191,5.409480094909668,2993400
2010-06-03,10.5,10.670000076293945,10.359999656677246,10.489999771118164,5.388931751251221,2322000
2010-06-04,10.210000038146973,10.399999618530273,10.0,10.119999885559082,5.198855876922607,3845400
2010-06-07,10.180000305175781,10.1899995803833,9.819999694824219,9.859999656677246,5.065287113189697,3445000
2010-06-08,9.930000305175781,10.050000190734863,9.670000076293945,9.960000038146973,5.116659164428711,2906800
2010-06-09,10.109999656677246,10.329999923706055,9.850000381469727,9.949999809265137,5.1115217208862305,2948000
2010-06-10,10.09000015258789,10.399999618530273,10.050000190734863,10.399999618530273,5.342698574066162,2423300
2010-06-11,10.329999923706055,10.600000381469727,10.289999961853027,10.5600004196167,5.424891948699951,2085300
2010-06-14,10.619999885559082,10.65999984741211,10.300000190734863,10.390000343322754,5.337557792663574,2827100
2010-06-15,10.430000305175781,10.670000076293945,10.289999961853027,10.640000343322754,5.46599006652832,2251300
2010-06-16,10.550000190734863,10.800000190734863,10.4399995803833,10.600000381469727,5.445440769195557,2968100
2010-06-17,10.619999885559082,10.699999809265137,10.380000114440918,10.479999542236328,5.383793830871582,1919200
2010-06-18,10.430000305175781,10.539999961853027,10.399999618530273,10.430000305175781,5.358108043670654,1215000
2010-06-21,10.649999618530273,10.789999961853027,10.34000015258789,10.369999885559082,5.327284812927246,2104200
2010-06-22,10.319999694824219,10.420000076293945,10.050000190734863,10.09000015258789,5.183444023132324,1710600
2010-06-23,10.09000015258789,10.270000457763672,9.949999809265137,10.170000076293945,5.224542140960693,2326000
2010-06-24,10.109999656677246,10.109999656677246,9.850000381469727,9.890000343322754,5.0806989669799805,2495800
2010-06-25,10.149999618530273,10.350000381469727,10.050000190734863,10.25,5.265636920928955,2644600
2010-06-28,10.210000038146973,10.279999732971191,10.050000190734863,10.050000190734863,5.162895202636719,1487500
2010-06-29,9.899999618530273,9.899999618530273,9.34000015258789,9.520000457763672,4.890623092651367,4118500
2010-06-30,9.569999694824219,9.779999732971191,9.520000457763672,9.5600004196167,4.911170959472656,2914700
2010-07-01,9.460000038146973,9.59000015258789,9.260000228881836,9.470000267028809,4.864934921264648,3623100
2010-07-02,9.510000228881836,9.550000190734863,9.130000114440918,9.34000015258789,4.798151969909668,2239700
2010-07-06,9.529999732971191,9.579999923706055,9.069999694824219,9.199999809265137,4.726232528686523,2540600
2010-07-07,9.180000305175781,9.5600004196167,8.930000305175781,9.5600004196167,4.911170959472656,3318000
2010-07-08,9.779999732971191,10.1899995803833,9.729999542236328,10.170000076293945,5.224542140960693,4044000
2010-07-09,10.100000381469727,10.550000190734863,10.020000457763672,10.5,5.394067287445068,2741200
2010-07-12,10.4399995803833,10.520000457763672,10.170000076293945,10.3100004196167,5.296462059020996,2336700
2010-07-13,10.550000190734863,10.59000015258789,10.329999923706055,10.539999961853027,5.414618492126465,2209800
2010-07-14,10.59000015258789,10.59000015258789,10.260000228881836,10.279999732971191,5.281050205230713,2155300
2010-07-15,10.4399995803833,10.569999694824219,10.079999923706055,10.5600004196167,5.424891948699951,2546800
2010-07-16,10.539999961853027,10.539999961853027,10.0600004196167,10.1899995803833,5.234814643859863,2011800
2010-07-19,10.170000076293945,10.260000228881836,9.989999771118164,10.100000381469727,5.18858003616333,1788300
2010-07-20,9.899999618530273,10.329999923706055,9.75,10.3100004196167,5.296462059020996,1978800
2010-07-21,10.359999656677246,10.520000457763672,10.170000076293945,10.3100004196167,5.296462059020996,2942300
2010-07-22,10.5600004196167,10.829999923706055,10.4399995803833,10.739999771118164,5.517362117767334,3763700
2010-07-23,10.880000114440918,11.300000190734863,10.829999923706055,11.25,5.779359817504883,3019500
2010-07-26,11.5600004196167,11.899999618530273,11.369999885559082,11.699999809265137,6.010533809661865,3608700
2010-07-27,11.850000381469727,11.920000076293945,11.420000076293945,11.4399995803833,5.876964092254639,2837300
2010-07-28,11.350000381469727,11.479999542236328,11.039999961853027,11.229999542236328,5.769084453582764,3352200
2010-07-29,11.399999618530273,11.569999694824219,11.1899995803833,11.300000190734863,5.805045127868652,1853000
2010-07-30,11.100000381469727,11.3100004196167,11.100000381469727,11.149999618530273,5.7279887199401855,4378000
2010-08-02,11.5,11.819999694824219,11.300000190734863,11.699999809265137,6.010533809661865,3414100
2010-08-03,11.699999809265137,11.699999809265137,11.4399995803833,11.5,5.907792091369629,1305500
2010-08-04,11.539999961853027,11.5600004196167,11.390000343322754,11.5600004196167,5.938612461090088,1142300
2010-08-05,11.470000267028809,11.59000015258789,11.449999809265137,11.510000228881836,5.912928104400635,1193500
2010-08-06,11.399999618530273,11.529999732971191,11.180000305175781,11.329999923706055,5.820457458496094,1422600
2010-08-09,11.34000015258789,11.369999885559082,11.180000305175781,11.359999656677246,5.835868835449219,1438800
2010-08-10,11.260000228881836,11.279999732971191,10.75,10.989999771118164,5.645790100097656,2680800
2010-08-11,10.619999885559082,10.729999542236328,10.420000076293945,10.569999694824219,5.479891777038574,2770500
2010-08-12,10.649999618530273,11.0600004196167,10.350000381469727,11.010000228881836,5.708005428314209,4321500
2010-08-13,11.079999923706055,11.119999885559082,10.59000015258789,10.630000114440918,5.51099967956543,3372100
2010-08-16,10.520000457763672,10.670000076293945,10.319999694824219,10.380000114440918,5.381388187408447,2357800
2010-08-17,10.600000381469727,10.729999542236328,10.449999809265137,10.630000114440918,5.51099967956543,2115600
2010-08-18,10.630000114440918,10.640000343322754,10.350000381469727,10.5600004196167,5.47470760345459,1633200
2010-08-19,10.470000267028809,10.579999923706055,10.260000228881836,10.260000228881836,5.319175720214844,2279800
2010-08-20,10.180000305175781,10.279999732971191,10.050000190734863,10.180000305175781,5.277701377868652,1452400
2010-08-23,10.199999809265137,10.90999984741211,10.170000076293945,10.569999694824219,5.479891777038574,3685200
2010-08-24,10.390000343322754,10.539999961853027,10.229999542236328,10.430000305175781,5.407310962677002,3168400
2010-08-25,10.289999961853027,10.449999809265137,10.119999885559082,10.369999885559082,5.376203536987305,2060300
2010-08-26,10.550000190734863,10.550000190734863,10.210000038146973,10.279999732971191,5.3295440673828125,1358700
2010-08-27,10.260000228881836,10.350000381469727,10.0,10.289999961853027,5.334727764129639,1864500
2010-08-30,10.25,10.270000457763672,10.020000457763672,10.020000457763672,5.1947503089904785,1366600
2010-08-31,10.0600004196167,10.170000076293945,9.890000343322754,10.09000015258789,5.231041431427002,2160400
2010-09-01,10.350000381469727,10.59000015258789,10.1899995803833,10.4399995803833,5.412495136260986,2027700
2010-09-02,10.4399995803833,10.4399995803833,10.170000076293945,10.229999542236328,5.303621768951416,3017100
2010-09-03,10.4399995803833,10.5,10.279999732971191,10.350000381469727,5.365835189819336,5467600
2010-09-07,10.1899995803833,10.350000381469727,10.170000076293945,10.1899995803833,5.2828850746154785,2720500
2010-09-08,10.199999809265137,10.300000190734863,10.010000228881836,10.050000190734863,5.210304260253906,3456700
2010-09-09,10.109999656677246,10.149999618530273,9.960000038146973,10.0,5.184382915496826,4267400
2010-09-10,10.0,10.319999694824219,10.0,10.289999961853027,5.334727764129639,3889100
2010-09-13,10.449999809265137,10.600000381469727,10.390000343322754,10.600000381469727,5.4954447746276855,2580100
2010-09-14,10.579999923706055,10.670000076293945,10.420000076293945,10.5600004196167,5.47470760345459,2656500
2010-09-15,10.489999771118164,10.8100004196167,10.449999809265137,10.770000457763672,5.583580493927002,2897700
2010-09-16,10.770000457763672,10.880000114440918,10.649999618530273,10.770000457763672,5.583580493927002,2286800
2010-09-17,10.800000190734863,10.850000381469727,10.5600004196167,10.850000381469727,5.625055313110352,2102800
2010-09-20,10.84000015258789,11.050000190734863,10.729999542236328,11.029999732971191,5.718372821807861,2496600
2010-09-21,11.029999732971191,11.470000267028809,10.979999542236328,11.3100004196167,5.863534927368164,4908500
2010-09-22,11.3100004196167,11.449999809265137,11.119999885559082,11.180000305175781,5.796138763427734,3571100
2010-09-23,11.050000190734863,11.130000114440918,10.640000343322754,10.770000457763672,5.583580493927002,3486300
2010-09-24,10.920000076293945,11.539999961853027,10.920000076293945,11.5,5.962042331695557,4912900
2010-09-27,11.579999923706055,11.880000114440918,11.420000076293945,11.670000076293945,6.050174713134766,4426000
2010-09-28,11.65999984741211,12.270000457763672,11.609999656677246,11.989999771118164,6.216075420379639,8823700
2010-09-29,12.069999694824219,12.449999809265137,11.760000228881836,12.369999885559082,6.41308069229126,7048400
2010-09-30,12.40999984741211,12.720000267028809,12.270000457763672,12.6899995803833,6.578982830047607,6814300
2010-10-01,12.75,12.789999961853027,12.300000190734863,12.4399995803833,6.449370384216309,3450200
2010-10-04,12.329999923706055,12.579999923706055,12.319999694824219,12.399999618530273,6.428631782531738,3360000
2010-10-05,12.5,12.75,12.460000038146973,12.670000076293945,6.5686116218566895,2145600
2010-10-06,12.619999885559082,13.100000381469727,12.550000190734863,12.65999984741211,6.563427448272705,3673500
2010-10-07,12.710000038146973,12.949999809265137,12.630000114440918,12.920000076293945,6.698220729827881,2560700
2010-10-08,13.029999732971191,13.149999618530273,12.869999885559082,13.119999885559082,6.801909923553467,2901500
2010-10-11,13.199999809265137,13.520000457763672,13.119999885559082,13.520000457763672,7.009284496307373,3715100
2010-10-12,13.319999694824219,13.579999923706055,13.199999809265137,13.329999923706055,6.9107794761657715,3967800
2010-10-13,13.5600004196167,13.640000343322754,13.350000381469727,13.630000114440918,7.066312313079834,3221100
2010-10-14,13.479999542236328,13.720000267028809,13.369999885559082,13.5,6.998917579650879,3570000
2010-10-15,13.569999694824219,13.600000381469727,13.220000267028809,13.380000114440918,6.936702728271484,2634100
2010-10-18,13.329999923706055,13.550000190734863,13.210000038146973,13.460000038146973,6.978176593780518,2267400
2010-10-19,13.25,13.569999694824219,13.25,13.390000343322754,6.941887855529785,3003300
2010-10-20,13.420000076293945,13.529999732971191,13.3100004196167,13.380000114440918,6.936702728271484,2270200
2010-10-21,13.479999542236328,13.930000305175781,13.430000305175781,13.75,7.128527641296387,4216400
2010-10-22,13.760000228881836,13.920000076293945,13.550000190734863,13.550000190734863,7.024836540222168,2164200
2010-10-25,13.649999618530273,13.739999771118164,13.489999771118164,13.550000190734863,7.024836540222168,1759300
2010-10-26,13.539999961853027,13.550000190734863,13.260000228881836,13.390000343322754,6.941887855529785,1872600
2010-10-27,13.3100004196167,13.5,13.239999771118164,13.470000267028809,6.983362197875977,1997700
2010-10-28,13.649999618530273,13.649999618530273,13.260000228881836,13.260000228881836,6.874490737915039,3143600
2010-10-29,13.25,13.649999618530273,13.25,13.479999542236328,6.988546848297119,1820700
2010-11-01,13.569999694824219,13.770000457763672,13.350000381469727,13.449999809265137,6.97299337387085,1771900
2010-11-02,13.5,13.989999771118164,13.5,13.989999771118164,7.252950668334961,2834800
2010-11-03,13.989999771118164,14.25,13.850000381469727,14.180000305175781,7.3514533042907715,3558700
2010-11-04,14.069999694824219,14.279999732971191,13.949999809265137,14.149999618530273,7.33590030670166,4501100
2010-11-05,14.039999961853027,14.359999656677246,13.970000267028809,14.149999618530273,7.33590030670166,3981800
2010-11-08,14.180000305175781,14.180000305175781,13.90999984741211,14.079999923706055,7.299609661102295,2180200
2010-11-09,14.149999618530273,14.199999809265137,13.8100004196167,13.899999618530273,7.206291675567627,2295000
2010-11-10,13.699999809265137,13.829999923706055,13.579999923706055,13.699999809265137,7.154073715209961,3134100
2010-11-11,13.5600004196167,14.069999694824219,13.5600004196167,14.050000190734863,7.3368401527404785,2039400
2010-11-12,13.899999618530273,14.010000228881836,13.489999771118164,13.670000076293945,7.13840389251709,2578900
2010-11-15,13.699999809265137,13.84000015258789,13.550000190734863,13.65999984741211,7.133183002471924,1792500
2010-11-16,13.460000038146973,13.520000457763672,13.020000457763672,13.170000076293945,6.877310276031494,2299700
2010-11-17,13.1899995803833,13.260000228881836,12.960000038146973,13.010000228881836,6.793757438659668,1522500
2010-11-18,13.149999618530273,13.270000457763672,13.050000190734863,13.050000190734863,6.814643859863281,2123800
2010-11-19,13.100000381469727,13.289999961853027,13.050000190734863,13.25,6.919083118438721,2559500
2010-11-22,13.130000114440918,13.350000381469727,13.119999885559082,13.25,6.919083118438721,2158700
2010-11-23,13.069999694824219,13.100000381469727,12.869999885559082,12.930000305175781,6.751982688903809,2476400
2010-11-24,12.989999771118164,13.130000114440918,12.869999885559082,13.020000457763672,6.798980236053467,2008100
2010-11-26,12.899999618530273,13.039999961853027,12.880000114440918,12.970000267028809,6.772868633270264,882400
2010-11-29,12.90999984741211,13.149999618530273,12.869999885559082,13.029999732971191,6.804202079772949,2077500
2010-11-30,12.970000267028809,12.979999542236328,12.770000457763672,12.800000190734863,6.684094429016113,2618000
2010-12-01,12.949999809265137,13.239999771118164,12.84000015258789,13.149999618530273,6.866864204406738,2995000
2010-12-02,13.149999618530273,14.149999618530273,13.100000381469727,14.069999694824219,7.347283840179443,5623700
2010-12-03,13.850000381469727,14.0,13.649999618530273,13.850000381469727,7.232398986816406,3854700
2010-12-06,13.760000228881836,14.0,13.739999771118164,13.960000038146973,7.289841651916504,2208400
2010-12-07,14.149999618530273,14.4399995803833,13.899999618530273,13.979999542236328,7.300288200378418,4700700
2010-12-08,13.930000305175781,14.079999923706055,13.770000457763672,13.890000343322754,7.253289699554443,1741200
2010-12-09,14.0,14.010000228881836,13.760000228881836,13.819999694824219,7.216732501983643,2142000
2010-12-10,13.800000190734863,14.119999885559082,13.600000381469727,13.989999771118164,7.305507183074951,2460400
2010-12-13,13.880000114440918,14.010000228881836,13.640000343322754,13.770000457763672,7.190626621246338,3390900
2010-12-14,13.90999984741211,14.050000190734863,13.75,13.829999923706055,7.2219557762146,2287000
2010-12-15,13.850000381469727,14.149999618530273,13.760000228881836,13.800000190734863,7.2062907218933105,2931000
2010-12-16,13.5,13.640000343322754,13.359999656677246,13.40999984741211,7.002632141113281,6595900
2010-12-17,13.460000038146973,13.539999961853027,13.350000381469727,13.460000038146973,7.028743267059326,4570000
2010-12-20,13.4399995803833,13.720000267028809,13.329999923706055,13.5600004196167,7.080965042114258,2488400
2010-12-21,13.65999984741211,14.180000305175781,13.649999618530273,14.079999923706055,7.352505207061768,4620800
2010-12-22,14.170000076293945,14.449999809265137,14.119999885559082,14.300000190734863,7.46738862991333,5274900
2010-12-23,14.300000190734863,14.649999618530273,14.25,14.550000190734863,7.597936153411865,6216800
2010-12-27,14.460000038146973,14.529999732971191,14.210000038146973,14.289999961853027,7.462170124053955,1560500
2010-12-28,14.34000015258789,14.399999618530273,14.0600004196167,14.130000114440918,7.378616809844971,2328900
2010-12-29,14.130000114440918,14.520000457763672,14.130000114440918,14.359999656677246,7.498719692230225,2571600
2010-12-30,14.359999656677246,14.449999809265137,14.180000305175781,14.270000457763672,7.451723098754883,2176000
2010-12-31,14.15999984741211,14.210000038146973,14.010000228881836,14.149999618530273,7.3890581130981445,1979000
2011-01-03,14.239999771118164,14.9399995803833,14.229999542236328,14.789999961853027,7.723261833190918,6134600
2011-01-04,14.930000305175781,15.039999961853027,14.630000114440918,14.970000267028809,7.817258834838867,4152700
2011-01-05,14.8100004196167,15.039999961853027,14.579999923706055,14.960000038146973,7.812036514282227,3062500
2011-01-06,15.039999961853027,15.220000267028809,14.800000190734863,14.979999542236328,7.822482109069824,2793600
2011-01-07,15.029999732971191,15.239999771118164,14.789999961853027,14.90999984741211,7.785927772521973,2924700
2011-01-10,14.850000381469727,14.979999542236328,14.630000114440918,14.760000228881836,7.707597255706787,1672900
2011-01-11,14.920000076293945,15.079999923706055,14.789999961853027,14.949999809265137,7.806817054748535,3687300
2011-01-12,15.0,15.289999961853027,14.90999984741211,15.279999732971191,7.979137420654297,3788900
2011-01-13,15.069999694824219,15.699999809265137,15.029999732971191,15.699999809265137,8.198463439941406,7322300
2011-01-14,15.600000381469727,15.960000038146973,15.40999984741211,15.960000038146973,8.33423137664795,6609700
2011-01-18,15.699999809265137,15.800000190734863,15.180000305175781,15.3100004196167,7.994805335998535,6152600
2011-01-19,15.479999542236328,15.539999961853027,15.010000228881836,15.119999885559082,7.89558744430542,4129500
2011-01-20,15.029999732971191,15.34000015258789,14.710000038146973,15.329999923706055,8.005250930786133,4661200
2011-01-21,15.430000305175781,15.960000038146973,15.350000381469727,15.960000038146973,8.33423137664795,6530700
2011-01-24,15.90999984741211,16.09000015258789,15.699999809265137,15.9399995803833,8.323786735534668,4228100
2011-01-25,15.850000381469727,15.930000305175781,15.550000190734863,15.760000228881836,8.229791641235352,2829100
2011-01-26,15.760000228881836,15.850000381469727,15.59000015258789,15.8100004196167,8.255903244018555,2837500
2011-01-27,15.770000457763672,16.139999389648438,15.770000457763672,16.1200008392334,8.417780876159668,3299100
2011-01-28,16.06999969482422,16.170000076293945,15.550000190734863,15.579999923706055,8.135798454284668,4157800
2011-01-31,15.460000038146973,15.770000457763672,15.300000190734863,15.729999542236328,8.214128494262695,3944200
2011-02-01,15.850000381469727,16.690000534057617,15.8100004196167,16.31999969482422,8.52221965789795,7975300
2011-02-02,16.3799991607666,16.670000076293945,16.200000762939453,16.670000076293945,8.704991340637207,6056600
2011-02-03,17.270000457763672,17.959999084472656,16.889999389648438,17.360000610351562,9.065305709838867,14568100
2011-02-04,17.549999237060547,17.600000381469727,17.030000686645508,17.200000762939453,8.981754302978516,4536500
2011-02-07,17.31999969482422,17.420000076293945,17.079999923706055,17.170000076293945,8.966087341308594,5049900
2011-02-08,17.209999084472656,17.3799991607666,17.100000381469727,17.299999237060547,9.033974647521973,3083700
2011-02-09,17.209999084472656,17.219999313354492,16.610000610351562,16.75,8.74676513671875,5074000
2011-02-10,16.530000686645508,17.100000381469727,16.31999969482422,17.059999465942383,8.908644676208496,5882500
2011-02-11,17.0,17.280000686645508,16.799999237060547,17.15999984741211,8.96086597442627,4559300
2011-02-14,17.299999237060547,17.799999237060547,17.260000228881836,17.489999771118164,9.133191108703613,5839300
2011-02-15,17.530000686645508,17.719999313354492,17.389999389648438,17.690000534057617,9.237628936767578,5503900
2011-02-16,17.799999237060547,17.850000381469727,17.510000228881836,17.700000762939453,9.242854118347168,3380300
2011-02-17,17.559999465942383,17.700000762939453,17.510000228881836,17.6299991607666,9.206298828125,2812900
2011-02-18,17.600000381469727,17.690000534057617,17.530000686645508,17.649999618530273,9.216744422912598,3571000
2011-02-22,17.389999389648438,17.6200008392334,16.889999389648438,17.1299991607666,8.945198059082031,7889200
2011-02-23,17.25,17.309999465942383,16.389999389648438,16.969999313354492,8.861648559570312,5335800
2011-02-24,16.780000686645508,17.3799991607666,16.760000228881836,17.299999237060547,9.033974647521973,5377100
2011-02-25,17.489999771118164,17.809999465942383,17.399999618530273,17.760000228881836,9.274179458618164,4246900
2011-02-28,17.940000534057617,17.940000534057617,17.649999618530273,17.799999237060547,9.295068740844727,2305500
2011-03-01,17.950000762939453,18.020000457763672,17.43000030517578,17.510000228881836,9.143632888793945,3526300
2011-03-02,17.34000015258789,17.649999618530273,17.149999618530273,17.559999465942383,9.169743537902832,3994100
2011-03-03,18.09000015258789,18.479999542236328,18.049999237060547,18.329999923706055,9.571834564208984,6923500
2011-03-04,18.3700008392334,18.540000915527344,17.969999313354492,18.18000030517578,9.493505477905273,5199700
2011-03-07,18.260000228881836,18.459999084472656,17.450000762939453,17.59000015258789,9.185408592224121,3939800
2011-03-08,17.540000915527344,17.760000228881836,17.350000381469727,17.649999618530273,9.216744422912598,3597500
2011-03-09,17.690000534057617,18.049999237060547,17.43000030517578,17.93000030517578,9.362955093383789,3833900
2011-03-10,17.690000534057617,17.790000915527344,17.5,17.559999465942383,9.169743537902832,4189000
2011-03-11,16.90999984741211,17.479999542236328,16.809999465942383,17.299999237060547,9.201658248901367,3035100
2011-03-14,17.049999237060547,17.15999984741211,16.639999389648438,16.979999542236328,9.031454086303711,2673900
2011-03-15,15.880000114440918,16.68000030517578,15.869999885559082,16.579999923706055,8.818696022033691,4855800
2011-03-16,16.579999923706055,16.639999389648438,15.609999656677246,16.110000610351562,8.568709373474121,5629400
2011-03-17,16.290000915527344,16.68000030517578,16.209999084472656,16.350000381469727,8.696365356445312,2678300
2011-03-18,16.68000030517578,16.850000381469727,16.549999237060547,16.6299991607666,8.845292091369629,4254300
2011-03-21,17.030000686645508,17.510000228881836,16.829999923706055,17.450000762939453,9.281442642211914,5510700
2011-03-22,17.510000228881836,17.690000534057617,17.170000076293945,17.540000915527344,9.329307556152344,2460600
2011-03-23,17.489999771118164,18.290000915527344,17.15999984741211,18.200000762939453,9.680356979370117,3677500
2011-03-24,18.450000762939453,18.56999969482422,17.969999313354492,18.559999465942383,9.87183666229248,4889300
2011-03-25,18.639999389648438,18.950000762939453,18.5,18.739999771118164,9.967576026916504,3543100
2011-03-28,18.8799991607666,18.950000762939453,18.719999313354492,18.93000030517578,10.068635940551758,3241300
2011-03-29,18.850000381469727,18.850000381469727,18.040000915527344,18.399999618530273,9.786733627319336,5551800
2011-03-30,18.6299991607666,18.700000762939453,18.100000381469727,18.100000381469727,9.627169609069824,4463300
2011-03-31,18.149999618530273,18.290000915527344,17.6299991607666,17.8799991607666,9.510152816772461,4720600
2011-04-01,18.149999618530273,18.290000915527344,17.889999389648438,18.18000030517578,9.669717788696289,3368500
2011-04-04,18.25,18.81999969482422,18.209999084472656,18.780000686645508,9.988851547241211,4254200
2011-04-05,18.68000030517578,19.270000457763672,18.59000015258789,18.940000534057617,10.07395076751709,5583900
2011-04-06,19.149999618530273,19.190000534057617,18.8700008392334,19.0,10.105865478515625,3945200
2011-04-07,19.030000686645508,19.1200008392334,18.6200008392334,18.709999084472656,9.951616287231445,2722400
2011-04-08,18.899999618530273,18.93000030517578,18.450000762939453,18.489999771118164,9.834601402282715,1603800
2011-04-11,18.25,18.489999771118164,17.850000381469727,18.0,9.573980331420898,4116600
2011-04-12,17.920000076293945,18.209999084472656,17.59000015258789,18.100000381469727,9.627169609069824,2545900
2011-04-13,18.149999618530273,18.420000076293945,18.010000228881836,18.280000686645508,9.722906112670898,2249800
2011-04-14,18.200000762939453,18.56999969482422,18.15999984741211,18.360000610351562,9.765458106994629,2604600
2011-04-15,18.520000457763672,18.719999313354492,18.229999542236328,18.579999923706055,9.88247299194336,2657700
2011-04-18,18.420000076293945,18.540000915527344,17.84000015258789,18.059999465942383,9.605892181396484,3943000
2011-04-19,18.1200008392334,18.239999771118164,17.829999923706055,18.200000762939453,9.680356979370117,2817000
2011-04-20,18.700000762939453,19.0,18.510000228881836,19.0,10.105865478515625,4116800
2011-04-21,19.149999618530273,19.489999771118164,18.899999618530273,19.309999465942383,10.270751953125,6004100
2011-04-25,19.40999984741211,19.420000076293945,18.920000076293945,19.059999465942383,10.137782096862793,2662800
2011-04-26,19.190000534057617,19.579999923706055,19.020000457763672,19.459999084472656,10.350536346435547,3400000
2011-04-27,19.459999084472656,19.6299991607666,19.25,19.489999771118164,10.366494178771973,5505500
2011-04-28,19.40999984741211,19.420000076293945,18.860000610351562,19.149999618530273,10.185649871826172,4115700
2011-04-29,19.1299991607666,19.1299991607666,18.75,18.940000534057617,10.07395076751709,4565000
2011-05-02,19.09000015258789,19.09000015258789,18.600000381469727,18.649999618530273,9.919707298278809,7344900
2011-05-03,18.5,18.950000762939453,18.479999542236328,18.649999618530273,9.919707298278809,5553800
2011-05-04,18.56999969482422,18.829999923706055,18.010000228881836,18.25,9.706949234008789,4005000
2011-05-05,18.030000686645508,18.1299991607666,17.700000762939453,17.75,9.441004753112793,2682900
2011-05-06,18.0,18.06999969482422,17.719999313354492,17.809999465942383,9.472920417785645,2093000
2011-05-09,17.889999389648438,18.149999618530273,17.610000610351562,18.06999969482422,9.611212730407715,2111600
2011-05-10,18.09000015258789,18.3700008392334,18.06999969482422,18.31999969482422,9.744184494018555,2576300
2011-05-11,18.31999969482422,18.389999389648438,17.610000610351562,17.790000915527344,9.462282180786133,2758900
2011-05-12,17.56999969482422,17.729999542236328,17.110000610351562,17.559999465942383,9.446145057678223,4033700
2011-05-13,17.559999465942383,17.709999084472656,17.100000381469727,17.399999618530273,9.360074996948242,3781500
2011-05-16,17.239999771118164,17.360000610351562,16.790000915527344,16.81999969482422,9.048072814941406,3421000
2011-05-17,16.700000762939453,16.920000076293945,16.31999969482422,16.8700008392334,9.074967384338379,4794800
2011-05-18,16.93000030517578,17.200000762939453,16.709999084472656,17.139999389648438,9.22021198272705,4008300
2011-05-19,17.1200008392334,17.270000457763672,16.969999313354492,17.229999542236328,9.26862621307373,1924100
2011-05-20,17.200000762939453,17.25,16.899999618530273,16.950000762939453,9.118002891540527,1872000
2011-05-23,16.420000076293945,16.780000686645508,16.350000381469727,16.549999237060547,8.902831077575684,3317400
2011-05-24,16.549999237060547,16.84000015258789,16.479999542236328,16.600000381469727,8.929728507995605,2941100
2011-05-25,16.520000457763672,17.0,16.40999984741211,16.8700008392334,9.074967384338379,2646800
2011-05-26,16.860000610351562,16.950000762939453,16.579999923706055,16.920000076293945,9.101865768432617,1952400
2011-05-27,16.979999542236328,17.09000015258789,16.739999771118164,17.049999237060547,9.171798706054688,2303900
2011-05-31,17.170000076293945,17.25,16.989999771118164,17.239999771118164,9.274005889892578,3408500
2011-06-01,17.079999923706055,17.440000534057617,16.81999969482422,16.899999618530273,9.091109275817871,4929600
2011-06-02,16.829999923706055,16.899999618530273,16.5,16.739999771118164,9.005036354064941,2147500
2011-06-03,16.40999984741211,16.68000030517578,16.31999969482422,16.469999313354492,8.859796524047852,2338200
2011-06-06,16.360000610351562,16.40999984741211,16.049999237060547,16.15999984741211,8.693032264709473,2517300
2011-06-07,16.290000915527344,16.350000381469727,16.1200008392334,16.18000030517578,8.7037935256958,2410300
2011-06-08,16.09000015258789,16.309999465942383,16.09000015258789,16.18000030517578,8.7037935256958,2916100
2011-06-09,16.270000457763672,16.829999923706055,16.200000762939453,16.709999084472656,8.988898277282715,3841700
2011-06-10,16.579999923706055,16.719999313354492,16.43000030517578,16.600000381469727,8.929728507995605,4361400
2011-06-13,16.56999969482422,16.709999084472656,16.450000762939453,16.600000381469727,8.929728507995605,4811300
2011-06-14,16.75,17.049999237060547,16.729999542236328,17.020000457763672,9.155658721923828,2817500
2011-06-15,16.729999542236328,16.979999542236328,16.469999313354492,16.59000015258789,8.924346923828125,3987300
2011-06-16,16.520000457763672,16.8700008392334,16.459999084472656,16.760000228881836,9.015795707702637,4292600
2011-06-17,16.979999542236328,17.040000915527344,16.530000686645508,16.6299991607666,8.94586181640625,3931100
2011-06-20,16.489999771118164,16.59000015258789,16.309999465942383,16.450000762939453,8.849035263061523,2767400
2011-06-21,16.489999771118164,16.709999084472656,16.389999389648438,16.559999465942383,8.908208847045898,2832900
2011-06-22,16.459999084472656,16.649999618530273,16.3799991607666,16.40999984741211,8.827518463134766,2396100
2011-06-23,16.219999313354492,16.299999237060547,15.949999809265137,16.260000228881836,8.746830940246582,3114200
2011-06-24,16.329999923706055,16.510000228881836,16.0,16.020000457763672,8.61772346496582,2397400
2011-06-27,16.010000228881836,16.34000015258789,15.949999809265137,16.25,8.741449356079102,1478700
2011-06-28,16.329999923706055,16.420000076293945,16.190000534057617,16.389999389648438,8.816761016845703,1902200
2011-06-29,16.520000457763672,16.520000457763672,16.270000457763672,16.3799991607666,8.811378479003906,3827300
2011-06-30,16.3799991607666,16.84000015258789,16.350000381469727,16.559999465942383,8.908208847045898,3904100
2011-07-01,16.65999984741211,17.5,16.6200008392334,17.3700008392334,9.343937873840332,3514000
2011-07-05,17.149999618530273,17.31999969482422,16.850000381469727,16.93000030517578,9.107246398925781,3122200
2011-07-06,16.90999984741211,16.969999313354492,16.6299991607666,16.950000762939453,9.118002891540527,2241400
2011-07-07,17.15999984741211,17.329999923706055,16.979999542236328,17.200000762939453,9.252488136291504,3885900
2011-07-08,16.799999237060547,17.010000228881836,16.719999313354492,17.010000228881836,9.150280952453613,1879500
2011-07-11,16.6299991607666,16.739999771118164,16.280000686645508,16.530000686645508,8.892070770263672,4441600
2011-07-12,16.389999389648438,16.600000381469727,16.219999313354492,16.239999771118164,8.736069679260254,2552100
2011-07-13,16.459999084472656,16.459999084472656,15.979999542236328,16.229999542236328,8.730691909790039,3710000
2011-07-14,16.31999969482422,16.489999771118164,16.010000228881836,16.079999923706055,8.650002479553223,3043700
2011-07-15,16.1299991607666,16.170000076293945,15.880000114440918,15.899999618530273,8.553171157836914,2347200
2011-07-18,15.789999961853027,15.850000381469727,15.130000114440918,15.390000343322754,8.278824806213379,5113800
2011-07-19,15.430000305175781,15.819999694824219,15.399999618530273,15.789999961853027,8.493999481201172,1940000
2011-07-20,15.699999809265137,16.399999618530273,15.699999809265137,16.260000228881836,8.746830940246582,3910600
2011-07-21,16.8799991607666,17.170000076293945,16.65999984741211,17.0,9.144902229309082,3834300
2011-07-22,17.3799991607666,17.780000686645508,17.049999237060547,17.6299991607666,9.483802795410156,3950400
2011-07-25,17.329999923706055,17.75,17.139999389648438,17.350000381469727,9.333174705505371,2675200
2011-07-26,17.309999465942383,17.75,17.059999465942383,17.709999084472656,9.526832580566406,2763900
2011-07-27,17.549999237060547,17.65999984741211,17.18000030517578,17.3799991607666,9.349313735961914,3158600
2011-07-28,17.350000381469727,17.479999542236328,16.940000534057617,17.1200008392334,9.209454536437988,4016200
2011-07-29,16.790000915527344,16.969999313354492,16.510000228881836,16.610000610351562,8.935107231140137,5670300
2011-08-01,16.979999542236328,17.049999237060547,16.420000076293945,16.610000610351562,8.935107231140137,3779100
2011-08-02,16.350000381469727,16.3700008392334,15.949999809265137,16.0,8.606965065002441,6641800
2011-08-03,15.779999732971191,15.859999656677246,15.3100004196167,15.380000114440918,8.273444175720215,6471700
2011-08-04,15.0600004196167,15.109999656677246,13.600000381469727,13.720000267028809,7.3804755210876465,13543500
2011-08-05,13.960000038146973,13.989999771118164,13.020000457763672,13.600000381469727,7.315919876098633,10710500
2011-08-08,12.460000038146973,12.989999771118164,12.0,12.039999961853027,6.476744174957275,11970000
2011-08-09,12.479999542236328,13.050000190734863,12.079999923706055,13.0,6.993158340454102,7692200
2011-08-10,12.710000038146973,13.15999984741211,12.100000381469727,12.319999694824219,6.627362251281738,9416400
2011-08-11,12.34000015258789,13.1899995803833,11.880000114440918,12.84000015258789,6.963613033294678,7648900
2011-08-12,13.229999542236328,13.390000343322754,12.84000015258789,13.050000190734863,7.0775041580200195,3801200
2011-08-15,13.149999618530273,13.859999656677246,13.149999618530273,13.75,7.457139492034912,5031500
2011-08-16,13.539999961853027,13.899999618530273,13.40999984741211,13.729999542236328,7.446292400360107,4702400
2011-08-17,13.920000076293945,13.930000305175781,13.5,13.739999771118164,7.45171594619751,4173300
2011-08-18,13.130000114440918,13.140000343322754,12.119999885559082,12.1899995803833,6.6110920906066895,9245700
2011-08-19,11.949999809265137,12.550000190734863,11.600000381469727,11.640000343322754,6.312806129455566,4722500
2011-08-22,12.380000114440918,12.380000114440918,11.5,11.529999732971191,6.253148555755615,4448500
2011-08-23,11.680000305175781,12.020000457763672,11.5,11.899999618530273,6.453817844390869,5672000
2011-08-24,11.899999618530273,12.5,11.850000381469727,12.479999542236328,6.768370151519775,3274600
2011-08-25,12.550000190734863,12.920000076293945,11.720000267028809,11.789999961853027,6.394158363342285,4734500
2011-08-26,11.75,12.4399995803833,11.579999923706055,12.319999694824219,6.681596279144287,3063600
2011-08-29,12.649999618530273,13.079999923706055,12.579999923706055,13.069999694824219,7.088352680206299,2961400
2011-08-30,13.010000228881836,13.460000038146973,12.850000381469727,13.380000114440918,7.256473541259766,3150900
2011-08-31,13.619999885559082,13.880000114440918,13.520000457763672,13.710000038146973,7.435445308685303,4663400
2011-09-01,13.609999656677246,13.949999809265137,13.390000343322754,13.470000267028809,7.305286884307861,4107500
2011-09-02,13.0600004196167,13.229999542236328,12.890000343322754,13.020000457763672,7.0612359046936035,3264900
2011-09-06,12.25,12.569999694824219,12.079999923706055,12.5,6.779217720031738,5536900
2011-09-07,12.75,13.170000076293945,12.75,13.100000381469727,7.10461950302124,3907800
2011-09-08,13.0,13.149999618530273,12.5600004196167,12.619999885559082,6.844295501708984,3784400
2011-09-09,12.34000015258789,12.640000343322754,12.119999885559082,12.210000038146973,6.6219401359558105,3205700
2011-09-12,12.0,12.34000015258789,11.890000343322754,12.3100004196167,6.676175117492676,2988900
2011-09-13,12.479999542236328,12.859999656677246,12.369999885559082,12.75,6.9148030281066895,2992000
2011-09-14,12.84000015258789,13.489999771118164,12.640000343322754,13.210000038146973,7.164278030395508,3664100
2011-09-15,13.40999984741211,13.970000267028809,13.350000381469727,13.84000015258789,7.505950450897217,5254200
2011-09-16,13.75,14.0600004196167,13.729999542236328,13.949999809265137,7.565607070922852,4317700
2011-09-19,13.520000457763672,13.670000076293945,13.15999984741211,13.319999694824219,7.223933219909668,6321700
2011-09-20,13.550000190734863,13.5600004196167,13.109999656677246,13.149999618530273,7.131738185882568,3487600
2011-09-21,13.180000305175781,13.260000228881836,12.670000076293945,12.680000305175781,6.876838207244873,4624900
2011-09-22,12.130000114440918,12.399999618530273,11.880000114440918,12.319999694824219,6.681596279144287,4811000
2011-09-23,12.180000305175781,12.289999961853027,11.930000305175781,12.069999694824219,6.546011924743652,3304300
2011-09-26,12.010000228881836,12.760000228881836,11.899999618530273,12.710000038146973,6.893105983734131,5165200
2011-09-27,13.15999984741211,13.4399995803833,12.6899995803833,12.760000228881836,6.920225143432617,3986100
2011-09-28,12.869999885559082,12.880000114440918,12.210000038146973,12.239999771118164,6.638209819793701,3515900
2011-09-29,12.569999694824219,12.710000038146973,12.050000190734863,12.420000076293945,6.735831260681152,2747400
2011-09-30,12.130000114440918,12.420000076293945,11.970000267028809,11.979999542236328,6.497201919555664,4581600
2011-10-03,11.890000343322754,12.050000190734863,11.220000267028809,11.3100004196167,6.1338348388671875,4935900
2011-10-04,10.949999809265137,11.989999771118164,10.510000228881836,11.90999984741211,6.459238529205322,7000000
2011-10-05,11.899999618530273,12.5,11.779999732971191,12.430000305175781,6.741253852844238,2532200
2011-10-06,12.369999885559082,13.390000343322754,12.140000343322754,13.329999923706055,7.229357719421387,5925700
2011-10-07,13.319999694824219,13.319999694824219,12.720000267028809,12.75,6.9148030281066895,3947200
2011-10-10,13.069999694824219,13.680000305175781,13.069999694824219,13.619999885559082,7.38663387298584,3536700
2011-10-11,13.359999656677246,13.75,13.239999771118164,13.640000343322754,7.397484302520752,2659200
2011-10-12,13.699999809265137,14.520000457763672,13.6899995803833,14.329999923706055,7.771696090698242,4179800
2011-10-13,13.930000305175781,13.979999542236328,13.300000190734863,13.550000190734863,7.348672866821289,5709600
2011-10-14,14.010000228881836,14.0600004196167,13.3100004196167,13.649999618530273,7.402903079986572,2871900
2011-10-17,13.520000457763672,13.539999961853027,13.0,13.020000457763672,7.0612359046936035,3369100
2011-10-18,13.010000228881836,13.970000267028809,12.979999542236328,13.8100004196167,7.489679336547852,3590600
2011-10-19,13.859999656677246,14.079999923706055,13.220000267028809,13.239999771118164,7.180547714233398,3234400
2011-10-20,12.739999771118164,13.680000305175781,12.739999771118164,13.449999809265137,7.29443883895874,3952300
2011-10-21,13.710000038146973,14.449999809265137,13.619999885559082,14.029999732971191,7.608992099761963,4817000
2011-10-24,14.09000015258789,14.399999618530273,14.010000228881836,14.260000228881836,7.733731746673584,2960400
2011-10-25,14.100000381469727,14.100000381469727,13.670000076293945,14.0,7.5927252769470215,4055100
2011-10-26,14.180000305175781,14.270000457763672,13.8100004196167,14.130000114440918,7.663228511810303,3023400
2011-10-27,14.75,15.739999771118164,14.59000015258789,15.100000381469727,8.189295768737793,9232900
2011-10-28,15.289999961853027,15.34000015258789,14.800000190734863,15.0600004196167,8.1676025390625,5224900
2011-10-31,14.710000038146973,14.989999771118164,14.510000228881836,14.710000038146973,7.977784633636475,4352500
2011-11-01,14.239999771118164,14.260000228881836,13.65999984741211,13.800000190734863,7.484258651733398,3967100
2011-11-02,14.09000015258789,14.319999694824219,13.890000343322754,14.109999656677246,7.652380466461182,6397300
2011-11-03,14.399999618530273,14.399999618530273,13.760000228881836,14.199999809265137,7.7011895179748535,4592500
2011-11-04,14.0600004196167,14.3100004196167,13.859999656677246,14.170000076293945,7.684920310974121,3136800
2011-11-07,14.039999961853027,14.350000381469727,13.9399995803833,14.319999694824219,7.766273498535156,1755500
2011-11-08,14.520000457763672,14.899999618530273,14.4399995803833,14.640000343322754,7.939821243286133,4720700
2011-11-09,14.130000114440918,14.210000038146973,13.34000015258789,13.390000343322754,7.261895179748535,3980400
2011-11-10,13.670000076293945,13.800000190734863,13.40999984741211,13.59000015258789,7.425825595855713,2555800
2011-11-11,13.880000114440918,14.40999984741211,13.779999732971191,14.390000343322754,7.862956523895264,2970000
2011-11-14,14.25,14.859999656677246,14.170000076293945,14.430000305175781,7.884814739227295,2783400
2011-11-15,14.270000457763672,14.489999771118164,14.029999732971191,14.050000190734863,7.677175045013428,2086000
2011-11-16,13.90999984741211,14.069999694824219,13.609999656677246,13.979999542236328,7.638927459716797,3051000
2011-11-17,13.880000114440918,13.930000305175781,13.199999809265137,13.3100004196167,7.272825717926025,4186900
2011-11-18,13.4399995803833,13.720000267028809,13.289999961853027,13.329999923706055,7.283754348754883,2451100
2011-11-21,13.079999923706055,13.279999732971191,12.859999656677246,13.0,7.1034345626831055,3713000
2011-11-22,12.90999984741211,13.180000305175781,12.899999618530273,12.930000305175781,7.065188407897949,2092400
2011-11-23,12.800000190734863,12.819999694824219,12.460000038146973,12.609999656677246,6.89033317565918,2767500
2011-11-25,12.510000228881836,12.770000457763672,12.399999618530273,12.4399995803833,6.79744291305542,1039700
2011-11-28,13.140000343322754,13.350000381469727,12.890000343322754,12.979999542236328,7.092507362365723,3566400
2011-11-29,12.989999771118164,13.039999961853027,12.609999656677246,12.720000267028809,6.950441837310791,2110900
2011-11-30,13.300000190734863,13.75,12.90999984741211,13.729999542236328,7.502321243286133,4125000
2011-12-01,13.600000381469727,14.489999771118164,13.5600004196167,14.220000267028809,7.770064830780029,4832600
2011-12-02,14.4399995803833,14.989999771118164,14.329999923706055,14.770000457763672,8.070598602294922,9168700
2011-12-05,14.9399995803833,15.470000267028809,14.6899995803833,14.8100004196167,8.092453956604004,5054000
2011-12-06,14.75,14.9399995803833,14.449999809265137,14.819999694824219,8.097917556762695,2403400
2011-12-07,15.130000114440918,15.220000267028809,14.649999618530273,14.850000381469727,8.114311218261719,1818500
2011-12-08,14.739999771118164,14.739999771118164,13.770000457763672,13.880000114440918,7.584286689758301,3126700
2011-12-09,13.899999618530273,14.399999618530273,13.899999618530273,14.239999771118164,7.780996799468994,1216200
2011-12-12,14.050000190734863,14.100000381469727,13.84000015258789,14.010000228881836,7.655317783355713,2102700
2011-12-13,14.100000381469727,14.210000038146973,13.510000228881836,13.680000305175781,7.475000381469727,2345500
2011-12-14,13.5,14.180000305175781,13.329999923706055,13.979999542236328,7.638927459716797,4489900
2011-12-15,14.180000305175781,14.489999771118164,14.100000381469727,14.399999618530273,7.868422031402588,2881600
2011-12-16,14.569999694824219,14.569999694824219,13.960000038146973,14.010000228881836,7.655317783355713,2063200
2011-12-19,14.100000381469727,14.199999809265137,13.569999694824219,13.619999885559082,7.4422173500061035,2258600
2011-12-20,13.989999771118164,14.029999732971191,13.640000343322754,14.0,7.649855136871338,3035200
2011-12-21,13.960000038146973,14.359999656677246,13.779999732971191,14.210000038146973,7.764601230621338,1393400
2011-12-22,14.119999885559082,14.550000190734863,14.079999923706055,14.460000038146973,7.901207447052002,1849400
2011-12-23,14.529999732971191,14.739999771118164,14.479999542236328,14.529999732971191,7.939455509185791,959900
2011-12-27,14.460000038146973,14.470000267028809,14.279999732971191,14.329999923706055,7.83017110824585,767600
2011-12-28,14.289999961853027,14.300000190734863,13.819999694824219,13.890000343322754,7.589750289916992,1581100
2011-12-29,13.859999656677246,14.149999618530273,13.8100004196167,14.029999732971191,7.6662468910217285,1686700
2011-12-30,13.970000267028809,14.130000114440918,13.8100004196167,14.010000228881836,7.655317783355713,1449600
2012-01-03,14.399999618530273,14.829999923706055,14.380000114440918,14.640000343322754,7.999562740325928,3134400
2012-01-04,14.550000190734863,14.630000114440918,14.1899995803833,14.460000038146973,7.901207447052002,1947600
2012-01-05,14.319999694824219,14.649999618530273,14.100000381469727,14.59000015258789,7.972242832183838,1555700
2012-01-06,14.520000457763672,14.9399995803833,14.520000457763672,14.899999618530273,8.141633033752441,1708900
2012-01-09,14.890000343322754,15.489999771118164,14.819999694824219,15.0600004196167,8.229058265686035,3613900
2012-01-10,15.399999618530273,15.850000381469727,15.130000114440918,15.4399995803833,8.436697959899902,3469200
2012-01-11,15.239999771118164,15.699999809265137,15.109999656677246,15.59000015258789,8.518660545349121,1756400
2012-01-12,15.720000267028809,15.75,15.210000038146973,15.3100004196167,8.36566162109375,1677000
2012-01-13,15.1899995803833,15.369999885559082,14.869999885559082,15.3100004196167,8.36566162109375,1465500
2012-01-17,15.170000076293945,15.609999656677246,15.09000015258789,15.369999885559082,8.39844799041748,1815800
2012-01-18,15.420000076293945,15.670000076293945,15.380000114440918,15.449999809265137,8.442161560058594,1721700
2012-01-19,15.5600004196167,15.84000015258789,15.5,15.6899995803833,8.57330322265625,1579600
2012-01-20,15.680000305175781,15.989999771118164,15.569999694824219,15.920000076293945,8.698978424072266,2221600
2012-01-23,15.90999984741211,16.0,15.729999542236328,15.829999923706055,8.649799346923828,1820400
2012-01-24,15.600000381469727,16.170000076293945,15.539999961853027,16.09000015258789,8.79186725616455,2994900
2012-01-25,15.970000267028809,16.239999771118164,15.739999771118164,15.760000228881836,8.611552238464355,4051600
2012-01-26,15.9399995803833,16.0,15.520000457763672,15.600000381469727,8.52412223815918,1622400
2012-01-27,15.5,15.779999732971191,15.470000267028809,15.569999694824219,8.507728576660156,1880300
2012-01-30,15.289999961853027,15.960000038146973,15.210000038146973,15.859999656677246,8.666191101074219,1771600
2012-01-31,15.930000305175781,16.0,15.6899995803833,15.8100004196167,8.638872146606445,1793800
2012-02-01,16.0,16.81999969482422,15.970000267028809,16.639999389648438,9.092397689819336,3840500
2012-02-02,16.920000076293945,16.93000030517578,15.800000190734863,16.68000030517578,9.114256858825684,12684200
2012-02-03,16.899999618530273,17.25,16.770000457763672,16.809999465942383,9.185290336608887,3168600
2012-02-06,16.729999542236328,16.899999618530273,16.5,16.799999237060547,9.179830551147461,1596100
2012-02-07,16.770000457763672,16.920000076293945,16.59000015258789,16.690000534057617,9.119718551635742,1864500
2012-02-08,16.709999084472656,16.709999084472656,16.219999313354492,16.3700008392334,8.944868087768555,1890000
2012-02-09,16.450000762939453,16.700000762939453,16.389999389648438,16.59000015258789,9.065075874328613,3082700
2012-02-10,16.40999984741211,16.520000457763672,16.0,16.040000915527344,8.764549255371094,2175600
2012-02-13,16.290000915527344,16.329999923706055,15.90999984741211,16.100000381469727,8.797330856323242,1474400
2012-02-14,16.030000686645508,16.06999969482422,15.449999809265137,15.5600004196167,8.502266883850098,2502000
2012-02-15,15.729999542236328,15.779999732971191,15.430000305175781,15.550000190734863,8.496803283691406,2387400
2012-02-16,15.5,16.030000686645508,15.470000267028809,15.960000038146973,8.720834732055664,2427800
2012-02-17,16.100000381469727,16.149999618530273,15.819999694824219,15.970000267028809,8.726299285888672,1309400
2012-02-21,16.0,16.0,15.399999618530273,15.619999885559082,8.535051345825195,2083400
2012-02-22,15.8100004196167,15.859999656677246,15.510000228881836,15.640000343322754,8.545980453491211,2147000
2012-02-23,15.649999618530273,15.699999809265137,15.350000381469727,15.609999656677246,8.529586791992188,2569600
2012-02-24,15.699999809265137,15.989999771118164,15.550000190734863,15.979999542236328,8.731762886047363,2324700
2012-02-27,15.789999961853027,15.960000038146973,15.579999923706055,15.800000190734863,8.633410453796387,2771700
2012-02-28,15.84000015258789,15.899999618530273,15.649999618530273,15.710000038146973,8.584230422973633,2097700
2012-02-29,15.699999809265137,15.789999961853027,15.609999656677246,15.619999885559082,8.535051345825195,1565800
2012-03-01,15.699999809265137,15.890000343322754,15.600000381469727,15.729999542236328,8.595158576965332,3507000
2012-03-02,15.520000457763672,15.520000457763672,15.109999656677246,15.289999961853027,8.354735374450684,16006800
2012-03-05,15.300000190734863,15.300000190734863,15.029999732971191,15.130000114440918,8.267308235168457,2977400
2012-03-06,14.989999771118164,14.989999771118164,14.489999771118164,14.520000457763672,7.933990955352783,8124900
2012-03-07,14.6899995803833,15.069999694824219,14.649999618530273,14.899999618530273,8.141633033752441,3773700
2012-03-08,15.0600004196167,15.260000228881836,14.970000267028809,15.100000381469727,8.2509126663208,3567900
2012-03-09,15.25,15.25,14.949999809265137,15.119999885559082,8.26184368133545,2472000
2012-03-12,15.109999656677246,15.3100004196167,15.100000381469727,15.180000305175781,8.294628143310547,2456900
2012-03-13,15.0600004196167,15.420000076293945,14.90999984741211,15.350000381469727,8.51086711883545,4465900
2012-03-14,15.34000015258789,15.369999885559082,15.140000343322754,15.289999961853027,8.47760009765625,3407000
2012-03-15,15.350000381469727,15.350000381469727,15.109999656677246,15.34000015258789,8.505321502685547,2815700
2012-03-16,15.229999542236328,15.479999542236328,15.180000305175781,15.300000190734863,8.483144760131836,4082700
2012-03-19,15.229999542236328,15.670000076293945,15.210000038146973,15.359999656677246,8.516407012939453,3891500
2012-03-20,15.25,15.550000190734863,15.09000015258789,15.380000114440918,8.527499198913574,2497800
2012-03-21,15.489999771118164,15.670000076293945,15.399999618530273,15.529999732971191,8.610669136047363,3186400
2012-03-22,15.300000190734863,15.649999618530273,15.130000114440918,15.539999961853027,8.616209983825684,2953500
2012-03-23,15.59000015258789,15.59000015258789,15.329999923706055,15.350000381469727,8.51086711883545,1972600
2012-03-26,15.460000038146973,15.710000038146973,15.350000381469727,15.65999984741211,8.682744026184082,3552600
2012-03-27,15.6899995803833,15.970000267028809,15.569999694824219,15.600000381469727,8.649480819702148,3581600
2012-03-28,15.5,15.829999923706055,15.460000038146973,15.75,8.732647895812988,3277100
2012-03-29,15.609999656677246,15.699999809265137,15.479999542236328,15.640000343322754,8.671656608581543,2174600
2012-03-30,15.720000267028809,16.09000015258789,15.579999923706055,15.9399995803833,8.837992668151855,2818700
2012-04-02,16.0,16.059999465942383,15.779999732971191,15.859999656677246,8.793635368347168,4740600
2012-04-03,15.760000228881836,15.850000381469727,15.520000457763672,15.649999618530273,8.677201271057129,3054500
2012-04-04,15.720000267028809,15.819999694824219,15.199999809265137,15.34000015258789,8.505321502685547,5492400
2012-04-05,15.279999732971191,15.520000457763672,15.199999809265137,15.5,8.594034194946289,2407300
2012-04-09,15.260000228881836,15.260000228881836,14.949999809265137,15.0600004196167,8.350072860717773,2977400
2012-04-10,15.09000015258789,15.119999885559082,14.510000228881836,14.569999694824219,8.078390121459961,3621700
2012-04-11,14.869999885559082,14.920000076293945,14.5,14.630000114440918,8.11166000366211,4130000
2012-04-12,14.699999809265137,14.920000076293945,14.5600004196167,14.789999961853027,8.200371742248535,5859100
2012-04-13,14.75,14.75,14.4399995803833,14.529999732971191,8.056212425231934,4131700
2012-04-16,14.649999618530273,14.859999656677246,14.510000228881836,14.59000015258789,8.089479446411133,2320400
2012-04-17,14.609999656677246,14.779999732971191,14.510000228881836,14.520000457763672,8.050668716430664,3638700
2012-04-18,14.630000114440918,14.920000076293945,14.520000457763672,14.84000015258789,8.228094100952148,4039700
2012-04-19,14.34000015258789,14.880000114440918,14.09000015258789,14.140000343322754,7.839978218078613,5760300
2012-04-20,14.109999656677246,14.170000076293945,13.779999732971191,13.949999809265137,7.734628677368164,5416400
2012-04-23,13.699999809265137,13.699999809265137,13.25,13.430000305175781,7.446314811706543,6523700
2012-04-24,13.479999542236328,13.600000381469727,13.369999885559082,13.369999885559082,7.413047790527344,2494300
2012-04-25,13.489999771118164,13.59000015258789,13.09000015258789,13.199999809265137,7.318789482116699,8156500
2012-04-26,13.180000305175781,13.279999732971191,13.029999732971191,13.149999618530273,7.2910661697387695,11027900
2012-04-27,13.229999542236328,13.430000305175781,13.069999694824219,13.34000015258789,7.396415710449219,11940300
2012-04-30,13.239999771118164,13.5600004196167,13.15999984741211,13.5600004196167,7.518393516540527,4652700
2012-05-01,13.5600004196167,13.890000343322754,13.489999771118164,13.619999885559082,7.551661968231201,5038300
2012-05-02,13.609999656677246,13.699999809265137,13.25,13.25,7.346511363983154,5031900
2012-05-03,13.3100004196167,13.399999618530273,12.890000343322754,12.960000038146973,7.185721397399902,6973900
2012-05-04,12.859999656677246,13.0600004196167,12.680000305175781,12.930000305175781,7.169087886810303,6205000
2012-05-07,12.789999961853027,13.09000015258789,12.789999961853027,12.9399995803833,7.174631118774414,3761800
2012-05-08,12.859999656677246,13.029999732971191,12.630000114440918,12.899999618530273,7.152453899383545,3891600
2012-05-09,12.699999809265137,12.899999618530273,12.579999923706055,12.609999656677246,6.991663932800293,4670900
2012-05-10,12.770000457763672,12.880000114440918,12.6899995803833,12.699999809265137,7.041561126708984,3095000
2012-05-11,12.420000076293945,12.789999961853027,12.420000076293945,12.630000114440918,7.058328151702881,1638400
2012-05-14,12.529999732971191,12.5600004196167,12.100000381469727,12.1899995803833,6.812434196472168,3830200
2012-05-15,12.25,12.380000114440918,12.069999694824219,12.1899995803833,6.812434196472168,7637100
2012-05-16,12.239999771118164,12.59000015258789,12.119999885559082,12.220000267028809,6.829198360443115,6686000
2012-05-17,12.220000267028809,12.329999923706055,11.430000305175781,11.539999961853027,6.449179649353027,7259900
2012-05-18,11.609999656677246,11.789999961853027,11.130000114440918,11.539999961853027,6.449179649353027,6004900
2012-05-21,11.539999961853027,11.84000015258789,11.380000114440918,11.699999809265137,6.538593769073486,3422100
2012-05-22,11.600000381469727,12.199999809265137,11.600000381469727,11.989999771118164,6.700661659240723,6296500
2012-05-23,12.100000381469727,12.100000381469727,11.720000267028809,12.050000190734863,6.73419189453125,4000000
2012-05-24,12.079999923706055,12.279999732971191,11.869999885559082,12.010000228881836,6.71183967590332,2178000
2012-05-25,12.0600004196167,12.289999961853027,11.960000038146973,12.260000228881836,6.851552963256836,2458200
2012-05-29,12.369999885559082,12.600000381469727,12.369999885559082,12.569999694824219,7.0247955322265625,2824900
2012-05-30,12.390000343322754,12.520000457763672,12.25,12.34000015258789,6.896261215209961,3237200
2012-05-31,12.34000015258789,12.350000381469727,12.010000228881836,12.039999961853027,6.728606224060059,4503900
2012-06-01,11.819999694824219,11.90999984741211,11.5600004196167,11.880000114440918,6.63918924331665,5928800
2012-06-04,11.829999923706055,11.960000038146973,11.65999984741211,11.8100004196167,6.600069999694824,2195900
2012-06-05,11.819999694824219,12.09000015258789,11.819999694824219,12.079999923706055,6.750960826873779,1375100
2012-06-06,12.260000228881836,12.529999732971191,12.15999984741211,12.5,6.985678195953369,3654700
2012-06-07,12.6899995803833,12.710000038146973,12.220000267028809,12.279999732971191,6.862728118896484,3278200
2012-06-08,12.25,12.270000457763672,11.979999542236328,12.220000267028809,6.829198360443115,2020000
2012-06-11,12.350000381469727,12.449999809265137,11.989999771118164,12.0,6.706249237060547,1692000
2012-06-12,12.300000190734863,12.399999618530273,12.010000228881836,12.390000343322754,6.9242024421691895,2698200
2012-06-13,12.260000228881836,12.449999809265137,12.239999771118164,12.319999694824219,6.885082721710205,2403400
2012-06-14,12.3100004196167,12.350000381469727,12.100000381469727,12.289999961853027,6.868317604064941,1621800
2012-06-15,12.380000114440918,12.619999885559082,12.300000190734863,12.539999961853027,7.0080342292785645,3504200
2012-06-18,12.430000305175781,12.479999542236328,12.220000267028809,12.300000190734863,6.873907566070557,5526600
2012-06-19,12.329999923706055,12.670000076293945,12.329999923706055,12.4399995803833,6.952145099639893,2495800
2012-06-20,12.449999809265137,12.510000228881836,12.25,12.300000190734863,6.873907566070557,2506300
2012-06-21,12.100000381469727,12.369999885559082,11.989999771118164,12.100000381469727,6.7621355056762695,2140000
2012-06-22,12.100000381469727,12.25,11.970000267028809,12.0,6.706249237060547,1861400
2012-06-25,11.90999984741211,12.050000190734863,11.760000228881836,12.020000457763672,6.717428207397461,2639600
2012-06-26,12.020000457763672,12.430000305175781,12.0,12.380000114440918,6.918614864349365,2465000
2012-06-27,12.369999885559082,12.5600004196167,12.289999961853027,12.5,6.985678195953369,1379700
2012-06-28,12.3100004196167,12.569999694824219,12.25,12.569999694824219,7.0247955322265625,2461400
2012-06-29,12.770000457763672,13.079999923706055,12.579999923706055,13.069999694824219,7.304225444793701,11315600
2012-07-02,13.079999923706055,13.350000381469727,12.989999771118164,13.329999923706055,7.449525833129883,2027500
2012-07-03,13.329999923706055,13.4399995803833,13.279999732971191,13.390000343322754,7.483058452606201,916200
2012-07-05,13.479999542236328,13.5,13.199999809265137,13.220000267028809,7.388052940368652,2505500
2012-07-06,13.149999618530273,13.210000038146973,13.029999732971191,13.100000381469727,7.320990085601807,1006700
2012-07-09,13.050000190734863,13.09000015258789,12.90999984741211,12.979999542236328,7.253927230834961,3029300
2012-07-10,12.989999771118164,13.069999694824219,12.779999732971191,12.829999923706055,7.170099258422852,2544100
2012-07-11,12.859999656677246,12.880000114440918,12.670000076293945,12.75,7.125392436981201,3108700
2012-07-12,12.59000015258789,12.729999542236328,12.5,12.619999885559082,7.052740097045898,2563600
2012-07-13,12.609999656677246,12.899999618530273,12.59000015258789,12.859999656677246,7.1868672370910645,1286400
2012-07-16,12.829999923706055,12.949999809265137,12.75,12.819999694824219,7.164511680603027,1718800
2012-07-17,12.869999885559082,12.899999618530273,12.6899995803833,12.829999923706055,7.170099258422852,1892800
2012-07-18,12.800000190734863,12.899999618530273,12.75,12.899999618530273,7.209219932556152,1393500
2012-07-19,13.0,13.40999984741211,12.90999984741211,12.989999771118164,7.259515762329102,4622700
2012-07-20,12.989999771118164,13.430000305175781,12.930000305175781,13.149999618530273,7.348935127258301,3946900
2012-07-23,12.90999984741211,13.710000038146973,12.829999923706055,13.609999656677246,7.6060051918029785,7393000
2012-07-24,13.600000381469727,14.0,13.5,13.90999984741211,7.773662567138672,6454600
2012-07-25,13.949999809265137,13.970000267028809,13.710000038146973,13.8100004196167,7.717777252197266,2879100
2012-07-26,14.0,14.079999923706055,13.789999961853027,13.949999809265137,7.796016216278076,3244800
2012-07-27,14.109999656677246,14.180000305175781,13.800000190734863,13.9399995803833,7.7904276847839355,5421500
2012-07-30,13.920000076293945,14.119999885559082,13.859999656677246,13.960000038146973,7.801605701446533,1508800
2012-07-31,14.119999885559082,14.119999885559082,13.760000228881836,13.850000381469727,7.7401299476623535,2248100
2012-08-01,13.84000015258789,13.930000305175781,13.670000076293945,13.75,7.6842474937438965,1850300
2012-08-02,13.630000114440918,13.829999923706055,13.319999694824219,13.699999809265137,7.656306266784668,2004700
2012-08-03,13.829999923706055,13.979999542236328,13.680000305175781,13.899999618530273,7.768073081970215,2802600
2012-08-06,13.989999771118164,14.020000457763672,13.680000305175781,13.760000228881836,7.689833641052246,1856300
2012-08-07,13.800000190734863,14.020000457763672,13.600000381469727,13.699999809265137,7.656306266784668,4091700
2012-08-08,13.65999984741211,13.880000114440918,13.619999885559082,13.729999542236328,7.673069953918457,1325800
2012-08-09,13.6899995803833,13.970000267028809,13.640000343322754,13.930000305175781,7.784839153289795,1820300
2012-08-10,13.949999809265137,13.949999809265137,13.630000114440918,13.739999771118164,7.678658485412598,1173000
2012-08-13,13.600000381469727,13.619999885559082,13.359999656677246,13.399999618530273,7.54355001449585,3203500
2012-08-14,13.460000038146973,13.84000015258789,13.4399995803833,13.569999694824219,7.639250755310059,3625200
2012-08-15,13.489999771118164,13.649999618530273,13.430000305175781,13.600000381469727,7.656140327453613,1268300
2012-08-16,13.59000015258789,13.890000343322754,13.4399995803833,13.720000267028809,7.723692893981934,2179400
2012-08-17,13.65999984741211,13.819999694824219,13.489999771118164,13.649999618530273,7.684284687042236,2662600
2012-08-20,13.569999694824219,13.779999732971191,13.399999618530273,13.65999984741211,7.689916133880615,2255300
2012-08-21,13.640000343322754,13.90999984741211,13.640000343322754,13.65999984741211,7.689916133880615,2630100
2012-08-22,13.65999984741211,13.720000267028809,13.479999542236328,13.600000381469727,7.656140327453613,1741600
2012-08-23,13.649999618530273,13.699999809265137,13.460000038146973,13.529999732971191,7.616730213165283,1231800
2012-08-24,13.5,13.579999923706055,13.34000015258789,13.529999732971191,7.616730213165283,861100
2012-08-27,13.520000457763672,13.739999771118164,13.449999809265137,13.720000267028809,7.723692893981934,1833300
2012-08-28,13.619999885559082,13.960000038146973,13.609999656677246,13.869999885559082,7.80813455581665,1421000
2012-08-29,13.850000381469727,14.039999961853027,13.800000190734863,13.880000114440918,7.813765048980713,1388600
2012-08-30,13.770000457763672,13.850000381469727,13.619999885559082,13.739999771118164,7.734950542449951,1323500
2012-08-31,13.800000190734863,13.869999885559082,13.460000038146973,13.489999771118164,7.594212532043457,1474700
2012-09-04,13.460000038146973,13.880000114440918,13.039999961853027,13.229999542236328,7.447845935821533,4865200
2012-09-05,13.180000305175781,13.420000076293945,13.039999961853027,13.180000305175781,7.4197001457214355,2204700
2012-09-06,13.25,13.699999809265137,13.229999542236328,13.699999809265137,7.71243143081665,2152400
2012-09-07,13.640000343322754,14.1899995803833,13.539999961853027,14.1899995803833,7.988283157348633,3801200
2012-09-10,14.229999542236328,14.239999771118164,13.850000381469727,13.850000381469727,7.796876430511475,2234200
2012-09-11,13.84000015258789,14.010000228881836,13.8100004196167,13.989999771118164,7.875690937042236,2047600
2012-09-12,14.149999618530273,14.210000038146973,14.0,14.199999809265137,7.9939093589782715,1634200
2012-09-13,14.180000305175781,14.6899995803833,14.09000015258789,14.479999542236328,8.15153694152832,3819900
2012-09-14,14.609999656677246,15.619999885559082,14.539999961853027,15.220000267028809,8.568120002746582,7271100
2012-09-17,15.220000267028809,15.489999771118164,14.789999961853027,14.949999809265137,8.416122436523438,4028400
2012-09-18,15.010000228881836,15.390000343322754,14.75,15.229999542236328,8.573751449584961,2987900
2012-09-19,15.270000457763672,15.319999694824219,14.970000267028809,15.100000381469727,8.500564575195312,3115900
2012-09-20,15.119999885559082,15.119999885559082,14.890000343322754,15.020000457763672,8.455530166625977,2015000
2012-09-21,15.09000015258789,15.34000015258789,14.979999542236328,15.289999961853027,8.607526779174805,2021900
2012-09-24,15.170000076293945,15.199999809265137,14.779999732971191,14.880000114440918,8.376715660095215,3042400
2012-09-25,14.930000305175781,14.979999542236328,14.529999732971191,14.729999542236328,8.292275428771973,2480900
2012-09-26,14.739999771118164,14.75,14.40999984741211,14.479999542236328,8.15153694152832,1167700
2012-09-27,14.520000457763672,14.710000038146973,14.430000305175781,14.460000038146973,8.140276908874512,1350500
2012-09-28,14.319999694824219,14.430000305175781,14.149999618530273,14.279999732971191,8.038945198059082,1594400
2012-10-01,14.300000190734863,14.649999618530273,14.170000076293945,14.3100004196167,8.055834770202637,1710200
2012-10-02,14.3100004196167,14.460000038146973,13.9399995803833,14.029999732971191,7.89820671081543,2351800
2012-10-03,14.010000228881836,14.1899995803833,13.90999984741211,14.050000190734863,7.909468650817871,2075700
2012-10-04,14.0600004196167,14.479999542236328,14.010000228881836,14.119999885559082,7.948873043060303,4711500
2012-10-05,14.25,14.470000267028809,14.079999923706055,14.09000015258789,7.931985855102539,4581600
2012-10-08,14.050000190734863,14.460000038146973,14.039999961853027,14.449999809265137,8.134649276733398,1418500
2012-10-09,14.3100004196167,14.489999771118164,14.15999984741211,14.199999809265137,7.9939093589782715,1307500
2012-10-10,14.210000038146973,14.34000015258789,14.119999885559082,14.289999961853027,8.044574737548828,1268200
2012-10-11,14.40999984741211,14.760000228881836,14.350000381469727,14.489999771118164,8.1571683883667,2386700
2012-10-12,14.84000015258789,14.949999809265137,14.489999771118164,14.9399995803833,8.410494804382324,3169800
2012-10-15,15.0,15.149999618530273,14.899999618530273,15.130000114440918,8.51745319366455,4268800
2012-10-16,15.25,15.4399995803833,15.199999809265137,15.359999656677246,8.646931648254395,3409200
2012-10-17,15.449999809265137,15.460000038146973,15.010000228881836,15.039999961853027,8.466789245605469,2931200
2012-10-18,15.300000190734863,15.729999542236328,15.09000015258789,15.710000038146973,8.843969345092773,3943700
2012-10-19,15.739999771118164,15.84000015258789,15.420000076293945,15.670000076293945,8.821449279785156,3034100
2012-10-22,15.670000076293945,15.8100004196167,15.460000038146973,15.8100004196167,8.900261878967285,3250900
2012-10-23,15.609999656677246,15.6899995803833,15.25,15.260000228881836,8.59063720703125,2115700
2012-10-24,15.399999618530273,15.399999618530273,14.890000343322754,14.970000267028809,8.427383422851562,3867000
2012-10-25,15.020000457763672,15.470000267028809,14.880000114440918,15.34000015258789,8.635673522949219,2504000
2012-10-26,15.260000228881836,15.449999809265137,15.180000305175781,15.350000381469727,8.64130687713623,1342600
2012-10-31,15.34000015258789,15.75,15.270000457763672,15.359999656677246,8.646931648254395,2803300
2012-11-01,15.390000343322754,15.600000381469727,15.3100004196167,15.59000015258789,8.776413917541504,3975000
2012-11-02,15.699999809265137,15.720000267028809,15.3100004196167,15.34000015258789,8.635673522949219,2027300
2012-11-05,15.279999732971191,15.319999694824219,15.050000190734863,15.1899995803833,8.551230430603027,2557900
2012-11-06,15.260000228881836,15.350000381469727,15.050000190734863,15.15999984741211,8.534341812133789,3815700
2012-11-07,14.829999923706055,15.069999694824219,14.520000457763672,14.8100004196167,8.337308883666992,5382900
2012-11-08,14.819999694824219,14.989999771118164,14.600000381469727,14.609999656677246,8.224720001220703,1834500
2012-11-09,14.5,14.710000038146973,14.100000381469727,14.539999961853027,8.185312271118164,2819600
2012-11-12,14.510000228881836,14.770000457763672,14.399999618530273,14.5,8.162795066833496,1725000
2012-11-13,14.1899995803833,14.529999732971191,14.0600004196167,14.359999656677246,8.140119552612305,2209800
2012-11-14,14.359999656677246,14.4399995803833,13.899999618530273,13.979999542236328,7.9247145652771,7320600
2012-11-15,13.989999771118164,14.050000190734863,13.329999923706055,13.520000457763672,7.663958549499512,18008400
2012-11-16,13.619999885559082,13.789999961853027,13.3100004196167,13.630000114440918,7.726312637329102,6598100
2012-11-19,14.079999923706055,14.489999771118164,13.899999618530273,14.350000381469727,8.134451866149902,9665500
2012-11-20,14.34000015258789,14.75,14.0,14.699999809265137,8.332856178283691,6732700
2012-11-21,14.720000267028809,15.0,14.5,14.800000190734863,8.389538764953613,5941000
2012-11-23,15.0,15.0,14.850000381469727,14.949999809265137,8.474569320678711,1584300
2012-11-26,14.949999809265137,14.960000038146973,14.449999809265137,14.59000015258789,8.27049732208252,3166200
2012-11-27,14.609999656677246,14.739999771118164,14.470000267028809,14.539999961853027,8.242156028747559,2900000
2012-11-28,14.4399995803833,14.619999885559082,14.319999694824219,14.619999885559082,8.287503242492676,4990700
2012-11-29,14.720000267028809,14.84000015258789,14.529999732971191,14.619999885559082,8.287503242492676,2157900
2012-11-30,14.6899995803833,14.850000381469727,14.619999885559082,14.6899995803833,8.32718563079834,2633900
2012-12-03,14.850000381469727,14.989999771118164,14.640000343322754,14.640000343322754,8.29884147644043,5038700
2012-12-04,14.640000343322754,14.699999809265137,14.550000190734863,14.6899995803833,8.32718563079834,1235700
2012-12-05,14.699999809265137,14.8100004196167,14.630000114440918,14.770000457763672,8.372530937194824,4187700
2012-12-06,14.710000038146973,15.0,14.699999809265137,14.930000305175781,8.463232040405273,6220600
2012-12-07,15.0600004196167,15.180000305175781,15.0,15.069999694824219,8.542593955993652,2479200
2012-12-10,15.100000381469727,15.180000305175781,14.84000015258789,14.890000343322754,8.440557479858398,1872300
2012-12-11,14.979999542236328,15.020000457763672,14.899999618530273,15.010000228881836,8.508581161499023,2453200
2012-12-12,15.09000015258789,15.180000305175781,14.949999809265137,15.020000457763672,8.514246940612793,2197100
2012-12-13,15.039999961853027,15.079999923706055,14.600000381469727,14.75,8.361196517944336,2476200
2012-12-14,14.75,14.850000381469727,14.600000381469727,14.6899995803833,8.32718563079834,1498000
2012-12-17,14.6899995803833,15.09000015258789,14.6899995803833,15.050000190734863,8.531253814697266,1767200
2012-12-18,15.100000381469727,15.1899995803833,15.010000228881836,15.1899995803833,8.610614776611328,2745300
2012-12-19,15.369999885559082,15.470000267028809,15.180000305175781,15.279999732971191,8.661632537841797,4580500
2012-12-20,15.319999694824219,15.430000305175781,15.079999923706055,15.319999694824219,8.684308052062988,2618400
2012-12-21,15.069999694824219,15.350000381469727,15.0,15.319999694824219,8.684308052062988,3257200
2012-12-24,15.40999984741211,15.5,15.229999542236328,15.239999771118164,8.638957977294922,1636800
2012-12-26,15.289999961853027,15.4399995803833,15.180000305175781,15.289999961853027,8.667303085327148,1961100
2012-12-27,15.3100004196167,15.399999618530273,15.149999618530273,15.329999923706055,8.68997573852539,3316600
2012-12-28,15.220000267028809,15.329999923706055,15.220000267028809,15.25,8.64462661743164,1941600
2012-12-31,15.210000038146973,15.59000015258789,15.199999809265137,15.59000015258789,8.837358474731445,2743900
2013-01-02,16.030000686645508,16.770000457763672,15.930000305175781,16.190000534057617,9.177474975585938,11036700
2013-01-03,16.079999923706055,16.700000762939453,16.079999923706055,16.15999984741211,9.160466194152832,5365300
2013-01-04,16.200000762939453,16.5,16.06999969482422,16.459999084472656,9.330528259277344,5394900
2013-01-07,16.510000228881836,16.8700008392334,16.3799991607666,16.760000228881836,9.500585556030273,7793600
2013-01-08,16.709999084472656,16.75,16.559999465942383,16.68000030517578,9.455239295959473,4673100
2013-01-09,16.700000762939453,16.899999618530273,16.610000610351562,16.700000762939453,9.46657657623291,2248900
2013-01-10,16.8700008392334,17.0,16.700000762939453,16.8799991607666,9.568612098693848,5267500
2013-01-11,16.920000076293945,16.969999313354492,16.709999084472656,16.860000610351562,9.557271957397461,3397900
2013-01-14,16.899999618530273,16.93000030517578,16.65999984741211,16.899999618530273,9.579948425292969,2713300
2013-01-15,16.889999389648438,16.950000762939453,16.709999084472656,16.8700008392334,9.562939643859863,2784100
2013-01-16,16.899999618530273,17.06999969482422,16.829999923706055,16.93000030517578,9.596951484680176,6416000
2013-01-17,17.100000381469727,17.209999084472656,17.0,17.149999618530273,9.721662521362305,6654300
2013-01-18,17.260000228881836,17.75,17.110000610351562,17.729999542236328,10.050437927246094,5366500
2013-01-22,17.799999237060547,18.0,17.530000686645508,17.979999542236328,10.192153930664062,6670300
2013-01-23,18.020000457763672,18.079999923706055,17.81999969482422,18.030000686645508,10.220501899719238,5821200
2013-01-24,17.959999084472656,18.290000915527344,17.90999984741211,18.219999313354492,10.328204154968262,5021600
2013-01-25,18.350000381469727,18.420000076293945,18.15999984741211,18.219999313354492,10.328204154968262,3632100
2013-01-28,18.219999313354492,18.229999542236328,18.0,18.040000915527344,10.226168632507324,3619200
2013-01-29,17.899999618530273,18.229999542236328,17.75,18.229999542236328,10.333870887756348,2279700
2013-01-30,18.290000915527344,18.40999984741211,17.059999465942383,17.440000534057617,9.886051177978516,6474800
2013-01-31,18.049999237060547,18.950000762939453,17.959999084472656,18.5,10.48692512512207,11945200
2013-02-01,18.940000534057617,19.25,18.280000686645508,19.100000381469727,10.827040672302246,12185000
2013-02-04,19.0,19.010000228881836,18.530000686645508,18.84000015258789,10.679656028747559,4097100
2013-02-05,18.90999984741211,19.239999771118164,18.850000381469727,18.940000534057617,10.736340522766113,4956600
2013-02-06,18.920000076293945,19.0,18.40999984741211,18.639999389648438,10.566285133361816,4780100
2013-02-07,18.309999465942383,18.469999313354492,17.6299991607666,17.989999771118164,10.432902336120605,7450400
2013-02-08,18.200000762939453,18.440000534057617,18.010000228881836,18.020000457763672,10.450296401977539,3194400
2013-02-11,18.049999237060547,18.34000015258789,17.920000076293945,18.110000610351562,10.502493858337402,2424900
2013-02-12,18.15999984741211,18.950000762939453,18.09000015258789,18.600000381469727,10.786660194396973,5784900
2013-02-13,18.760000228881836,18.760000228881836,18.020000457763672,18.25,10.583683967590332,9210400
2013-02-14,18.200000762939453,18.690000534057617,18.049999237060547,18.579999923706055,10.775059700012207,5787000
2013-02-15,18.649999618530273,19.34000015258789,18.649999618530273,19.309999465942383,11.198406219482422,8002500
2013-02-19,19.549999237060547,19.690000534057617,19.030000686645508,19.149999618530273,11.105618476867676,7111900
2013-02-20,19.149999618530273,19.149999618530273,18.56999969482422,18.729999542236328,10.862048149108887,5371200
2013-02-21,18.68000030517578,18.790000915527344,18.139999389648438,18.59000015258789,10.780854225158691,5499900
2013-02-22,18.790000915527344,19.149999618530273,18.610000610351562,19.030000686645508,11.036025047302246,5541100
2013-02-25,19.15999984741211,19.329999923706055,18.510000228881836,18.559999465942383,10.763460159301758,6407300
2013-02-26,18.690000534057617,18.75,18.209999084472656,18.43000030517578,10.688069343566895,4720200
2013-02-27,18.540000915527344,18.8700008392334,18.450000762939453,18.799999237060547,10.902643203735352,4311200
2013-02-28,18.889999389648438,19.100000381469727,18.75,18.899999618530273,10.960637092590332,4129100
2013-03-01,18.799999237060547,18.940000534057617,18.6200008392334,18.780000686645508,10.891042709350586,3262100
2013-03-04,18.739999771118164,18.770000457763672,18.549999237060547,18.700000762939453,10.84465217590332,5344000
2013-03-05,18.889999389648438,19.270000457763672,18.809999465942383,19.010000228881836,11.024430274963379,8209400
2013-03-06,19.209999084472656,19.260000228881836,18.809999465942383,18.93000030517578,10.978033065795898,4491800
2013-03-07,19.010000228881836,19.1299991607666,18.889999389648438,19.049999237060547,11.047623634338379,3811600
2013-03-08,19.200000762939453,19.790000915527344,19.149999618530273,19.6299991607666,11.383981704711914,6567500
2013-03-11,19.68000030517578,20.280000686645508,19.559999465942383,19.989999771118164,11.592754364013672,6451900
2013-03-12,20.299999237060547,20.299999237060547,19.860000610351562,20.0,11.598556518554688,6398600
2013-03-13,20.1200008392334,20.68000030517578,20.079999923706055,20.440000534057617,11.853728294372559,8946000
2013-03-14,20.639999389648438,20.790000915527344,20.450000762939453,20.6299991607666,11.963910102844238,6981300
2013-03-15,20.700000762939453,21.09000015258789,20.600000381469727,20.889999389648438,12.114688873291016,6100800
2013-03-18,20.639999389648438,20.639999389648438,20.0,20.389999389648438,11.824727058410645,6958600
2013-03-19,20.5,20.579999923706055,19.940000534057617,20.079999923706055,11.644951820373535,3965200
2013-03-20,20.31999969482422,20.450000762939453,20.110000610351562,20.299999237060547,11.772534370422363,4294500
2013-03-21,20.299999237060547,20.389999389648438,19.899999618530273,19.899999618530273,11.540563583374023,2697000
2013-03-22,20.09000015258789,20.100000381469727,19.579999923706055,19.709999084472656,11.430377960205078,6216500
2013-03-25,19.860000610351562,19.950000762939453,19.450000762939453,19.6299991607666,11.383981704711914,3741100
2013-03-26,19.809999465942383,20.190000534057617,19.719999313354492,20.0,11.598556518554688,4723100
2013-03-27,19.969999313354492,20.1299991607666,19.670000076293945,20.049999237060547,11.62755012512207,2217200
2013-03-28,20.149999618530273,20.190000534057617,19.5,19.780000686645508,11.470972061157227,3849600
2013-04-01,19.850000381469727,19.899999618530273,19.309999465942383,19.3799991607666,11.239001274108887,3382700
2013-04-02,19.489999771118164,19.65999984741211,19.40999984741211,19.450000762939453,11.279597282409668,3332300
2013-04-03,19.56999969482422,19.700000762939453,18.829999923706055,19.100000381469727,11.076622009277344,5301100
2013-04-04,19.040000915527344,19.5,18.770000457763672,19.420000076293945,11.26219654083252,4817900
2013-04-05,19.010000228881836,19.649999618530273,18.760000228881836,19.5,11.30859088897705,4338100
2013-04-08,19.5,20.299999237060547,19.270000457763672,20.270000457763672,11.755135536193848,3702600
2013-04-09,20.15999984741211,20.700000762939453,19.959999084472656,20.389999389648438,11.824727058410645,3478300
2013-04-10,20.5,20.979999542236328,20.420000076293945,20.90999984741211,12.12629222869873,5165300
2013-04-11,20.950000762939453,21.459999084472656,20.93000030517578,21.100000381469727,12.236475944519043,4472500
2013-04-12,21.100000381469727,21.290000915527344,20.889999389648438,21.219999313354492,12.30606460571289,3267200
2013-04-15,21.290000915527344,21.34000015258789,19.969999313354492,20.489999771118164,11.882719993591309,5924900
2013-04-16,21.06999969482422,21.25,20.729999542236328,20.920000076293945,12.132088661193848,3438400
2013-04-17,20.59000015258789,20.700000762939453,20.25,20.43000030517578,11.847928047180176,3758000
2013-04-18,20.780000686645508,20.950000762939453,19.510000228881836,19.979999542236328,11.586954116821289,6429900
2013-04-19,20.5,20.5,19.799999237060547,20.040000915527344,11.621753692626953,4765200
2013-04-22,20.139999389648438,20.389999389648438,20.040000915527344,20.15999984741211,11.691344261169434,3657000
2013-04-23,20.290000915527344,20.709999084472656,20.200000762939453,20.270000457763672,11.755135536193848,6014000
2013-04-24,20.34000015258789,20.709999084472656,20.010000228881836,20.579999923706055,11.934913635253906,8850900
2013-04-25,20.420000076293945,20.770000457763672,20.190000534057617,20.600000381469727,12.123236656188965,6255500
2013-04-26,20.479999542236328,20.729999542236328,20.229999542236328,20.260000228881836,11.923142433166504,3098700
2013-04-29,20.420000076293945,20.649999618530273,20.229999542236328,20.459999084472656,12.04084300994873,3798500
2013-04-30,20.459999084472656,20.780000686645508,20.43000030517578,20.549999237060547,12.093810081481934,3462100
2013-05-01,20.469999313354492,20.549999237060547,20.25,20.350000381469727,11.976110458374023,3084200
2013-05-02,20.520000457763672,21.100000381469727,20.389999389648438,20.780000686645508,12.229166984558105,4756200
2013-05-03,21.209999084472656,21.979999542236328,21.18000030517578,21.75,12.800018310546875,9107300
2013-05-06,22.1200008392334,22.59000015258789,22.040000915527344,22.489999771118164,13.23551082611084,6485000
2013-05-07,22.989999771118164,23.299999237060547,22.200000762939453,22.209999084472656,13.070731163024902,10878400
2013-05-08,22.43000030517578,22.579999923706055,22.190000534057617,22.450000762939453,13.211974143981934,5956800
2013-05-09,22.450000762939453,22.649999618530273,21.979999542236328,22.0,12.947150230407715,5506200
2013-05-10,22.06999969482422,22.270000457763672,21.780000686645508,21.950000762939453,12.917717933654785,2417200
2013-05-13,22.18000030517578,22.350000381469727,22.110000610351562,22.200000762939453,13.064849853515625,2937600
2013-05-14,22.270000457763672,22.93000030517578,22.200000762939453,22.530000686645508,13.259056091308594,4933000
2013-05-15,22.510000228881836,22.700000762939453,22.270000457763672,22.639999389648438,13.323789596557617,4977900
2013-05-16,22.860000610351562,23.18000030517578,22.709999084472656,22.940000534057617,13.50034236907959,4889000
2013-05-17,23.170000076293945,23.549999237060547,23.100000381469727,23.450000762939453,13.800477027893066,5476200
2013-05-20,23.520000457763672,23.700000762939453,23.25,23.420000076293945,13.782824516296387,5602300
2013-05-21,23.540000915527344,23.799999237060547,23.280000686645508,23.329999923706055,13.729854583740234,6505300
2013-05-22,23.31999969482422,23.600000381469727,21.6200008392334,22.3799991607666,13.1707763671875,7585400
2013-05-23,21.3799991607666,22.34000015258789,21.110000610351562,22.25,13.094270706176758,9417200
2013-05-24,22.010000228881836,22.739999771118164,22.0,22.649999618530273,13.329672813415527,5155700
2013-05-28,23.059999465942383,23.280000686645508,22.75,23.100000381469727,13.594504356384277,5046200
2013-05-29,23.100000381469727,23.200000762939453,22.0,22.290000915527344,13.117810249328613,6250500
2013-05-30,22.399999618530273,22.6200008392334,22.0,22.559999465942383,13.27670955657959,4567400
2013-05-31,22.440000534057617,22.6200008392334,21.850000381469727,21.889999389648438,12.88241195678711,3500600
2013-06-03,22.030000686645508,22.299999237060547,21.65999984741211,21.850000381469727,12.858868598937988,5522600
2013-06-04,21.899999618530273,22.190000534057617,21.049999237060547,21.049999237060547,12.388066291809082,5796500
2013-06-05,21.040000915527344,21.309999465942383,20.020000457763672,20.899999618530273,12.299790382385254,8320100
2013-06-06,20.84000015258789,21.260000228881836,20.809999465942383,21.0,12.358638763427734,4659400
2013-06-07,21.260000228881836,21.940000534057617,21.190000534057617,21.670000076293945,12.752934455871582,4193500
2013-06-10,21.799999237060547,22.1200008392334,21.579999923706055,21.969999313354492,12.929487228393555,3716800
2013-06-11,21.600000381469727,21.790000915527344,20.989999771118164,21.0,12.358638763427734,3890000
2013-06-12,21.299999237060547,21.420000076293945,20.65999984741211,20.739999771118164,12.20562744140625,4261300
2013-06-13,20.739999771118164,21.200000762939453,20.469999313354492,21.139999389648438,12.44102954864502,3327200
2013-06-14,21.239999771118164,21.56999969482422,20.770000457763672,20.829999923706055,12.25859546661377,4272700
2013-06-17,21.219999313354492,21.790000915527344,21.209999084472656,21.489999771118164,12.64700984954834,3478700
2013-06-18,21.469999313354492,21.68000030517578,21.350000381469727,21.59000015258789,12.70585823059082,2198300
2013-06-19,21.510000228881836,21.75,21.25,21.25,12.505764961242676,2791700
2013-06-20,21.0,21.079999923706055,20.260000228881836,20.360000610351562,11.981996536254883,4408800
2013-06-21,20.700000762939453,20.780000686645508,20.06999969482422,20.489999771118164,12.058503150939941,7954000
2013-06-24,20.239999771118164,20.239999771118164,19.149999618530273,19.790000915527344,11.646547317504883,9261500
2013-06-25,20.25,20.719999313354492,19.969999313354492,20.329999923706055,11.964338302612305,5273600
2013-06-26,20.68000030517578,20.799999237060547,20.469999313354492,20.489999771118164,12.058503150939941,6976300
2013-06-27,20.709999084472656,20.979999542236328,20.5,20.81999969482422,12.252708435058594,4951500
2013-06-28,20.799999237060547,21.100000381469727,20.530000686645508,21.059999465942383,12.39394474029541,3685500
2013-07-01,21.209999084472656,21.5,20.950000762939453,20.989999771118164,12.352754592895508,3386200
2013-07-02,20.950000762939453,21.09000015258789,20.579999923706055,20.729999542236328,12.199743270874023,3226200
2013-07-03,20.670000076293945,20.68000030517578,20.34000015258789,20.510000228881836,12.070269584655762,1374200
2013-07-05,20.700000762939453,20.770000457763672,20.31999969482422,20.75,12.211511611938477,5679700
2013-07-08,20.899999618530273,21.190000534057617,20.440000534057617,20.520000457763672,12.076156616210938,5000000
2013-07-09,20.649999618530273,20.950000762939453,20.459999084472656,20.93000030517578,12.31744384765625,3662500
2013-07-10,20.979999542236328,21.209999084472656,20.690000534057617,21.170000076293945,12.458683967590332,2913500
2013-07-11,21.600000381469727,21.889999389648438,21.5,21.790000915527344,12.82356071472168,8057300
2013-07-12,21.760000228881836,21.989999771118164,21.43000030517578,21.979999542236328,12.935372352600098,2781900
2013-07-15,22.040000915527344,22.219999313354492,21.770000457763672,22.190000534057617,13.058963775634766,5343000
2013-07-16,22.25,22.479999542236328,21.75,21.8700008392334,12.870640754699707,3558900
2013-07-17,21.950000762939453,22.139999389648438,21.81999969482422,21.959999084472656,12.923605918884277,3392700
2013-07-18,22.579999923706055,23.3799991607666,22.510000228881836,23.3700008392334,13.753402709960938,12016200
2013-07-19,23.43000030517578,23.950000762939453,22.959999084472656,23.790000915527344,14.00057315826416,7550800
2013-07-22,23.950000762939453,24.290000915527344,23.700000762939453,24.09000015258789,14.177125930786133,9113100
2013-07-23,24.299999237060547,24.309999465942383,23.920000076293945,23.989999771118164,14.11827278137207,4166800
2013-07-24,24.0,24.139999389648438,23.5,23.75,13.977034568786621,4471700
2013-07-25,23.420000076293945,23.549999237060547,23.139999389648438,23.549999237060547,13.99486255645752,4025500
2013-07-26,23.43000030517578,23.5,23.1200008392334,23.360000610351562,13.881950378417969,3390800
2013-07-29,23.18000030517578,23.25,22.950000762939453,23.040000915527344,13.691788673400879,4137200
2013-07-30,23.1200008392334,23.149999618530273,22.6200008392334,22.8700008392334,13.59075927734375,4431400
2013-07-31,22.6299991607666,22.950000762939453,22.43000030517578,22.549999237060547,13.400596618652344,5347700
2013-08-01,22.850000381469727,23.389999389648438,22.81999969482422,23.18000030517578,13.774985313415527,5133500
2013-08-02,23.34000015258789,23.350000381469727,22.899999618530273,23.040000915527344,13.691788673400879,3168700
2013-08-05,23.100000381469727,23.209999084472656,22.559999465942383,22.860000610351562,13.58481502532959,3015300
2013-08-06,22.889999389648438,23.3700008392334,22.700000762939453,23.15999984741211,13.763101577758789,6224100
2013-08-07,23.059999465942383,23.110000610351562,22.729999542236328,22.760000228881836,13.525392532348633,12178400
2013-08-08,23.0,23.09000015258789,22.68000030517578,22.979999542236328,13.65613079071045,7656900
2013-08-09,23.030000686645508,23.1200008392334,22.889999389648438,23.020000457763672,13.679900169372559,3495100
2013-08-12,22.899999618530273,23.020000457763672,22.799999237060547,22.940000534057617,13.632365226745605,4938900
2013-08-13,23.290000915527344,23.450000762939453,22.729999542236328,22.93000030517578,13.626419067382812,13998500
2013-08-14,22.950000762939453,22.989999771118164,22.43000030517578,22.5,13.370885848999023,6078600
2013-08-15,22.200000762939453,22.329999923706055,21.549999237060547,21.670000076293945,12.877647399902344,7908700
2013-08-16,21.729999542236328,21.790000915527344,21.479999542236328,21.739999771118164,12.919242858886719,2905900
2013-08-19,21.75,21.850000381469727,21.420000076293945,21.469999313354492,12.75879192352295,3529100
2013-08-20,21.469999313354492,21.829999923706055,21.360000610351562,21.770000457763672,12.9370756149292,2199600
2013-08-21,21.729999542236328,21.809999465942383,21.389999389648438,21.610000610351562,12.84199333190918,2334500
2013-08-22,21.75,21.829999923706055,21.399999618530273,21.68000030517578,12.883589744567871,1913800
2013-08-23,21.780000686645508,22.049999237060547,21.75,22.049999237060547,13.103464126586914,3337300
2013-08-26,22.100000381469727,22.18000030517578,21.729999542236328,21.75,12.925191879272461,2196800
2013-08-27,21.479999542236328,21.760000228881836,21.299999237060547,21.399999618530273,12.717195510864258,3510800
2013-08-28,21.350000381469727,21.809999465942383,21.299999237060547,21.649999618530273,12.865761756896973,2286900
2013-08-29,21.719999313354492,22.15999984741211,21.690000534057617,22.049999237060547,13.103464126586914,2655800
2013-08-30,22.059999465942383,22.149999618530273,21.670000076293945,21.84000015258789,12.978673934936523,2205700
2013-09-03,22.110000610351562,22.260000228881836,21.90999984741211,22.139999389648438,13.15694808959961,3262200
2013-09-04,22.100000381469727,22.299999237060547,22.020000457763672,22.18000030517578,13.180720329284668,2342700
2013-09-05,22.170000076293945,22.31999969482422,21.93000030517578,21.989999771118164,13.067811965942383,1866400
2013-09-06,22.09000015258789,22.3799991607666,21.959999084472656,22.280000686645508,13.240145683288574,2583000
2013-09-09,22.350000381469727,22.469999313354492,22.15999984741211,22.420000076293945,13.323345184326172,2945000
2013-09-10,22.520000457763672,22.790000915527344,22.420000076293945,22.780000686645508,13.53728199005127,2718900
2013-09-11,22.860000610351562,22.940000534057617,22.729999542236328,22.850000381469727,13.578878402709961,5117200
2013-09-12,22.950000762939453,22.989999771118164,22.739999771118164,22.760000228881836,13.525392532348633,2312900
2013-09-13,22.790000915527344,23.0,22.760000228881836,22.829999923706055,13.566990852355957,3082100
2013-09-16,23.450000762939453,23.780000686645508,23.229999542236328,23.700000762939453,14.083999633789062,9830100
2013-09-17,23.700000762939453,23.790000915527344,23.600000381469727,23.700000762939453,14.083999633789062,8204000
2013-09-18,23.700000762939453,24.639999389648438,23.649999618530273,24.5,14.559412956237793,6495300
2013-09-19,24.719999313354492,25.0,24.5,24.5,14.559412956237793,4278800
2013-09-20,24.5,24.6200008392334,24.1299991607666,24.25,14.410839080810547,3395700
2013-09-23,24.25,24.299999237060547,23.84000015258789,24.1200008392334,14.33359146118164,5029200
2013-09-24,24.15999984741211,24.860000610351562,24.1200008392334,24.690000534057617,14.672323226928711,5110300
2013-09-25,24.729999542236328,25.610000610351562,24.40999984741211,24.950000762939453,14.826828956604004,7515000
2013-09-26,25.0,25.149999618530273,24.899999618530273,25.0,14.856541633605957,2810000
2013-09-27,25.0,25.100000381469727,24.780000686645508,25.0,14.856541633605957,3513700
2013-09-30,24.540000915527344,24.950000762939453,24.5,24.889999389648438,14.791170120239258,2575500
2013-10-01,25.0,25.06999969482422,24.799999237060547,24.979999542236328,14.84465503692627,3289700
2013-10-02,24.850000381469727,25.3799991607666,24.729999542236328,25.350000381469727,15.064531326293945,2848900
2013-10-03,25.420000076293945,25.56999969482422,25.190000534057617,25.559999465942383,15.189322471618652,6611500
2013-10-04,25.559999465942383,26.459999084472656,25.469999313354492,26.350000381469727,15.658788681030273,7300400
2013-10-07,25.950000762939453,26.31999969482422,25.8799991607666,26.309999465942383,15.635019302368164,4297400
2013-10-08,26.280000686645508,26.59000015258789,25.3700008392334,25.459999084472656,15.129898071289062,7294100
2013-10-09,25.25,25.399999618530273,24.540000915527344,24.770000457763672,14.719863891601562,9200800
2013-10-10,25.100000381469727,25.920000076293945,25.100000381469727,25.920000076293945,15.403257369995117,3610400
2013-10-11,25.8799991607666,26.579999923706055,25.81999969482422,26.56999969482422,15.789531707763672,4384200
2013-10-14,26.200000762939453,26.799999237060547,25.600000381469727,26.75,15.896499633789062,6297100
2013-10-15,26.75,27.030000686645508,26.670000076293945,26.889999389648438,15.979692459106445,5998100
2013-10-16,27.0,27.34000015258789,26.6299991607666,27.020000457763672,16.056947708129883,7462900
2013-10-17,26.850000381469727,27.3799991607666,26.65999984741211,27.25,16.193634033203125,7999300
2013-10-18,27.299999237060547,27.899999618530273,27.1200008392334,27.81999969482422,16.532360076904297,9190300
2013-10-21,27.81999969482422,27.950000762939453,27.510000228881836,27.84000015258789,16.544240951538086,3499800
2013-10-22,27.8799991607666,28.729999542236328,27.75,28.530000686645508,16.95428466796875,6506200
2013-10-23,28.389999389648438,28.40999984741211,27.579999923706055,27.610000610351562,16.40755844116211,6406000
2013-10-24,27.600000381469727,27.6200008392334,26.84000015258789,26.959999084472656,16.15587615966797,6563500
2013-10-25,26.940000534057617,27.229999542236328,26.530000686645508,26.709999084472656,16.00606346130371,4854100
2013-10-28,26.670000076293945,26.690000534057617,26.079999923706055,26.469999313354492,15.862241744995117,5078800
2013-10-29,26.459999084472656,27.450000762939453,26.420000076293945,27.43000030517578,16.437524795532227,4776300
2013-10-30,27.34000015258789,27.549999237060547,26.219999313354492,26.270000457763672,15.742390632629395,5799600
2013-10-31,26.200000762939453,26.579999923706055,25.940000534057617,26.280000686645508,15.748382568359375,3969200
2013-11-01,26.3700008392334,27.010000228881836,26.299999237060547,26.989999771118164,16.17385482788086,3953000
2013-11-04,27.299999237060547,27.719999313354492,27.25,27.450000762939453,16.449508666992188,3643500
2013-11-05,27.440000534057617,27.530000686645508,26.959999084472656,27.31999969482422,16.371606826782227,2477300
2013-11-06,27.5,27.6299991607666,27.030000686645508,27.450000762939453,16.449508666992188,3625900
2013-11-07,27.5,27.6299991607666,25.979999542236328,26.110000610351562,15.646512985229492,7139300
2013-11-08,26.010000228881836,26.40999984741211,25.600000381469727,25.90999984741211,15.52665901184082,8560600
2013-11-11,25.90999984741211,26.8700008392334,25.610000610351562,26.6200008392334,15.952130317687988,5224200
2013-11-12,26.5,26.59000015258789,25.6200008392334,25.790000915527344,15.454747200012207,4465700
2013-11-13,25.600000381469727,27.209999084472656,25.600000381469727,26.969999313354492,16.161869049072266,4976400
2013-11-14,27.149999618530273,27.579999923706055,26.950000762939453,27.56999969482422,16.521421432495117,3586800
2013-11-15,27.59000015258789,27.8799991607666,27.43000030517578,27.559999465942383,16.515430450439453,3320300
2013-11-18,27.56999969482422,27.809999465942383,27.260000228881836,27.34000015258789,16.383588790893555,4915800
2013-11-19,27.34000015258789,27.440000534057617,26.43000030517578,26.469999313354492,15.862241744995117,3803000
2013-11-20,26.600000381469727,26.719999313354492,26.149999618530273,26.290000915527344,15.754373550415039,3756300
2013-11-21,26.399999618530273,26.90999984741211,26.15999984741211,26.739999771118164,16.0240421295166,2147200
2013-11-22,27.149999618530273,27.260000228881836,26.639999389648438,27.260000228881836,16.335651397705078,3324000
2013-11-25,27.469999313354492,28.059999465942383,27.43000030517578,28.040000915527344,16.803068161010742,4982700
2013-11-26,28.139999389648438,28.489999771118164,28.020000457763672,28.139999389648438,16.862995147705078,4065600
2013-11-27,28.219999313354492,28.549999237060547,28.100000381469727,28.43000030517578,17.036773681640625,3586800
2013-11-29,28.65999984741211,28.709999084472656,28.309999465942383,28.579999923706055,17.12666893005371,1464300
2013-12-02,28.799999237060547,29.479999542236328,28.700000762939453,29.100000381469727,17.438282012939453,5221600
2013-12-03,29.149999618530273,29.190000534057617,28.5,28.530000686645508,17.096702575683594,3235100
2013-12-04,28.350000381469727,28.510000228881836,28.030000686645508,28.170000076293945,16.880971908569336,5307500
2013-12-05,28.100000381469727,28.170000076293945,27.639999389648438,27.75,16.629295349121094,2635400
2013-12-06,28.200000762939453,28.68000030517578,28.100000381469727,28.239999771118164,16.92292022705078,4082900
2013-12-09,28.360000610351562,28.850000381469727,28.170000076293945,28.510000228881836,17.084714889526367,3067900
2013-12-10,28.690000534057617,29.260000228881836,28.5,29.209999084472656,17.504194259643555,3772200
2013-12-11,29.399999618530273,29.690000534057617,28.81999969482422,29.149999618530273,17.468238830566406,4827100
2013-12-12,29.139999389648438,29.190000534057617,28.719999313354492,28.969999313354492,17.360374450683594,4198000
2013-12-13,29.059999465942383,29.229999542236328,28.899999618530273,29.040000915527344,17.40232276916504,3266900
2013-12-16,29.25,29.510000228881836,29.1299991607666,29.239999771118164,17.522180557250977,3305900
2013-12-17,29.25,29.920000076293945,28.899999618530273,29.809999465942383,17.863746643066406,6752500
2013-12-18,29.950000762939453,30.469999313354492,29.860000610351562,30.31999969482422,18.16936492919922,5719800
2013-12-19,30.3700008392334,30.489999771118164,29.940000534057617,30.1299991607666,18.055513381958008,5564300
2013-12-20,30.209999084472656,30.3799991607666,29.899999618530273,30.239999771118164,18.121427536010742,3865300
2013-12-23,30.469999313354492,31.030000686645508,30.309999465942383,30.860000610351562,18.49296760559082,5153900
2013-12-24,30.920000076293945,31.270000457763672,30.809999465942383,31.010000228881836,18.582857131958008,1619600
2013-12-26,31.25,31.459999084472656,31.110000610351562,31.219999313354492,18.708694458007812,2071600
2013-12-27,31.329999923706055,31.56999969482422,31.219999313354492,31.350000381469727,18.786596298217773,2040100
2013-12-30,31.5,31.940000534057617,31.290000915527344,31.290000915527344,18.750642776489258,3337600
2013-12-31,31.290000915527344,31.940000534057617,31.290000915527344,31.5,18.876487731933594,3389900
2014-01-02,31.5,31.989999771118164,31.059999465942383,31.280000686645508,18.744653701782227,6886800
2014-01-03,31.559999465942383,32.22999954223633,31.479999542236328,32.04999923706055,19.206077575683594,4700700
2014-01-06,32.279998779296875,32.68000030517578,31.420000076293945,31.479999542236328,18.864503860473633,6741900
2014-01-07,31.760000228881836,31.850000381469727,31.170000076293945,31.75,19.02629852294922,5468700
2014-01-08,31.719999313354492,31.889999389648438,31.34000015258789,31.520000457763672,18.888471603393555,2395600
2014-01-09,31.5,32.0,31.309999465942383,31.940000534057617,19.140159606933594,2642200
2014-01-10,32.18000030517578,32.540000915527344,32.06999969482422,32.279998779296875,19.343900680541992,3605800
2014-01-13,32.400001525878906,32.83000183105469,31.899999618530273,32.09000015258789,19.230045318603516,4091800
2014-01-14,32.20000076293945,32.38999938964844,31.860000610351562,32.06999969482422,19.218063354492188,2345100
2014-01-15,32.08000183105469,32.5,31.969999313354492,32.349998474121094,19.385852813720703,3254800
2014-01-16,32.36000061035156,32.4900016784668,32.0,32.4900016784668,19.469749450683594,2051000
2014-01-17,32.5,32.959999084472656,32.38999938964844,32.689998626708984,19.589601516723633,3985800
2014-01-21,32.939998626708984,33.40999984741211,32.720001220703125,32.91999816894531,19.727420806884766,2967000
2014-01-22,33.0099983215332,33.34000015258789,32.91999816894531,33.189998626708984,19.88922691345215,3059900
2014-01-23,33.119998931884766,33.13999938964844,31.56999969482422,31.809999465942383,19.062255859375,6679300
2014-01-24,31.399999618530273,31.399999618530273,29.829999923706055,31.1299991607666,18.654752731323242,10599200
2014-01-27,31.18000030517578,31.549999237060547,29.510000228881836,30.520000457763672,18.28921890258789,7574900
2014-01-28,30.690000534057617,31.280000686645508,30.540000915527344,31.110000610351562,18.642776489257812,3101600
2014-01-29,30.780000686645508,31.459999084472656,30.530000686645508,30.93000030517578,18.5349178314209,5396700
2014-01-30,32.810001373291016,33.2400016784668,31.559999465942383,32.22999954223633,19.31393814086914,14516600
2014-01-31,32.09000015258789,32.93000030517578,31.790000915527344,32.75,19.625553131103516,9069900
2014-02-03,33.25,33.33000183105469,30.520000457763672,31.15999984741211,18.672740936279297,8342300
2014-02-04,31.510000228881836,32.09000015258789,31.209999084472656,31.920000076293945,19.128173828125,5634000
2014-02-05,31.940000534057617,32.119998931884766,31.020000457763672,31.75,19.02629852294922,4396700
2014-02-06,31.440000534057617,31.559999465942383,31.06999969482422,31.260000228881836,19.08123779296875,6535000
2014-02-07,31.440000534057617,31.719999313354492,30.809999465942383,31.34000015258789,19.13006591796875,4666700
2014-02-10,31.68000030517578,31.780000686645508,31.399999618530273,31.549999237060547,19.258255004882812,5949900
2014-02-11,31.899999618530273,31.899999618530273,31.31999969482422,31.649999618530273,19.319293975830078,8308300
2014-02-12,31.739999771118164,31.950000762939453,31.280000686645508,31.399999618530273,19.166690826416016,4672200
2014-02-13,31.40999984741211,31.68000030517578,31.0,31.610000610351562,19.294878005981445,3663200
2014-02-14,31.799999237060547,31.809999465942383,31.0,31.200000762939453,19.044614791870117,4153800
2014-02-18,31.579999923706055,31.780000686645508,31.25,31.479999542236328,19.21552276611328,4239000
2014-02-19,31.479999542236328,31.690000534057617,31.329999923706055,31.3700008392334,19.14838218688965,4110800
2014-02-20,31.43000030517578,31.889999389648438,31.389999389648438,31.700000762939453,19.349817276000977,5902700
2014-02-21,32.119998931884766,32.279998779296875,31.770000457763672,32.060001373291016,19.569561004638672,6561400
2014-02-24,32.43000030517578,33.04999923706055,32.2400016784668,32.869998931884766,20.06398582458496,11253200
2014-02-25,33.15999984741211,33.29999923706055,32.66999816894531,32.93000030517578,20.100614547729492,5409800
2014-02-26,32.97999954223633,33.290000915527344,32.5099983215332,32.66999816894531,19.94190788269043,5865100
2014-02-27,32.65999984741211,33.18000030517578,32.540000915527344,32.959999084472656,20.11892318725586,5483000
2014-02-28,33.349998474121094,33.810001373291016,32.970001220703125,33.349998474121094,20.356979370117188,6191700
2014-03-03,33.150001525878906,33.27000045776367,32.43000030517578,32.68000030517578,19.94801139831543,5047700
2014-03-04,33.150001525878906,33.75,33.130001068115234,33.65999984741211,20.546207427978516,4437400
2014-03-05,33.5,34.41999816894531,33.47999954223633,34.38999938964844,20.991798400878906,4422900
2014-03-06,34.709999084472656,35.16999816894531,34.209999084472656,34.439998626708984,21.02232551574707,4462600
2014-03-07,34.66999816894531,34.9900016784668,34.38999938964844,34.77000045776367,21.2237606048584,5525500
2014-03-10,34.81999969482422,35.29999923706055,34.63999938964844,35.18000030517578,21.47402572631836,4892200
2014-03-11,35.25,35.38999938964844,34.31999969482422,34.439998626708984,21.02232551574707,3902400
2014-03-12,34.08000183105469,34.33000183105469,33.15999984741211,34.27000045776367,20.918554306030273,4128400
2014-03-13,34.36000061035156,34.529998779296875,32.959999084472656,33.40999984741211,20.393604278564453,5756500
2014-03-14,33.27000045776367,33.79999923706055,32.439998626708984,32.939998626708984,20.10671615600586,4999200
2014-03-17,33.310001373291016,33.75,33.22999954223633,33.470001220703125,20.430225372314453,3369300
2014-03-18,33.63999938964844,34.380001068115234,33.5,34.189998626708984,20.86972427368164,3835000
2014-03-19,34.20000076293945,34.599998474121094,33.560001373291016,33.77000045776367,20.613351821899414,4718800
2014-03-20,33.70000076293945,33.939998626708984,33.16999816894531,33.79999923706055,20.631664276123047,3734200
2014-03-21,33.91999816894531,34.220001220703125,33.58000183105469,33.91999816894531,20.704914093017578,3839700
2014-03-24,34.08000183105469,34.16999816894531,32.70000076293945,33.119998931884766,20.216588973999023,5242400
2014-03-25,33.380001068115234,33.5099983215332,32.41999816894531,32.880001068115234,20.07009506225586,3826000
2014-03-26,33.060001373291016,33.25,31.200000762939453,31.90999984741211,19.478002548217773,7952300
2014-03-27,31.969999313354492,32.459999084472656,31.729999542236328,32.400001525878906,19.777095794677734,3871700
2014-03-28,32.59000015258789,33.279998779296875,32.43000030517578,33.040000915527344,20.167760848999023,4157800
2014-03-31,33.43000030517578,33.560001373291016,33.0,33.25,20.295942306518555,3443900
2014-04-01,33.36000061035156,34.0,33.349998474121094,33.68000030517578,20.558412551879883,3864400
2014-04-02,33.83000183105469,33.93000030517578,33.15999984741211,33.34000015258789,20.350875854492188,3171500
2014-04-03,33.7599983215332,33.900001525878906,33.099998474121094,33.560001373291016,20.485166549682617,2712400
2014-04-04,34.099998474121094,34.47999954223633,32.56999969482422,32.79999923706055,20.02126121520996,6848300
2014-04-07,32.65999984741211,32.709999084472656,30.860000610351562,31.170000076293945,19.026294708251953,12302900
2014-04-08,31.200000762939453,31.31999969482422,29.760000228881836,30.420000076293945,18.568500518798828,12759400
2014-04-09,31.030000686645508,31.389999389648438,30.610000610351562,31.270000457763672,19.087343215942383,5748700
2014-04-10,31.43000030517578,31.489999771118164,30.020000457763672,30.040000915527344,18.336538314819336,6851800
2014-04-11,29.670000076293945,30.149999618530273,28.649999618530273,30.139999389648438,18.3975830078125,10500600
2014-04-14,30.239999771118164,30.700000762939453,29.299999237060547,29.770000457763672,18.171728134155273,5324900
2014-04-15,29.65999984741211,30.600000381469727,29.559999465942383,30.200000762939453,18.434207916259766,6015200
2014-04-16,30.540000915527344,31.040000915527344,30.209999084472656,30.940000534057617,18.885906219482422,5779300
2014-04-17,31.969999313354492,32.02000045776367,31.219999313354492,31.34000015258789,19.13006591796875,9737900
2014-04-21,31.68000030517578,31.8799991607666,31.360000610351562,31.729999542236328,19.36812400817871,5450200
2014-04-22,31.790000915527344,33.189998626708984,31.520000457763672,32.970001220703125,20.125032424926758,10914400
2014-04-23,32.95000076293945,33.15999984741211,32.470001220703125,32.5099983215332,19.844240188598633,4563200
2014-04-24,33.060001373291016,33.09000015258789,31.700000762939453,31.940000534057617,19.7084903717041,5011900
2014-04-25,31.649999618530273,31.68000030517578,30.829999923706055,31.020000457763672,19.140810012817383,5851800
2014-04-28,31.020000457763672,31.3700008392334,29.920000076293945,29.969999313354492,18.49290657043457,8885200
2014-04-29,30.0,30.530000686645508,29.760000228881836,29.989999771118164,18.505247116088867,6478700
2014-04-30,30.020000457763672,30.020000457763672,29.1200008392334,29.530000686645508,18.22140884399414,9439800
2014-05-01,29.709999084472656,29.899999618530273,29.34000015258789,29.420000076293945,18.15353012084961,6889600
2014-05-02,29.299999237060547,29.690000534057617,29.139999389648438,29.56999969482422,18.246091842651367,8443400
2014-05-05,29.440000534057617,29.700000762939453,29.25,29.479999542236328,18.190553665161133,5638400
2014-05-06,29.450000762939453,29.559999465942383,29.030000686645508,29.06999969482422,17.93756866455078,4104900
2014-05-07,29.15999984741211,29.31999969482422,27.559999465942383,28.600000381469727,17.647554397583008,14858000
2014-05-08,28.3799991607666,29.290000915527344,28.309999465942383,28.860000610351562,17.807981491088867,6178600
2014-05-09,28.40999984741211,28.81999969482422,28.329999923706055,28.520000457763672,17.598188400268555,6021800
2014-05-12,28.600000381469727,29.299999237060547,28.600000381469727,29.219999313354492,18.030122756958008,5436500
2014-05-13,29.270000457763672,29.799999237060547,29.270000457763672,29.450000762939453,18.17204475402832,5582800
2014-05-14,29.489999771118164,29.799999237060547,29.100000381469727,29.610000610351562,18.270767211914062,3249400
2014-05-15,29.450000762939453,29.479999542236328,28.579999923706055,29.06999969482422,17.93756866455078,4430500
2014-05-16,28.93000030517578,29.309999465942383,28.799999237060547,29.200000762939453,18.017780303955078,3419500
2014-05-19,29.200000762939453,29.790000915527344,29.06999969482422,29.770000457763672,18.369495391845703,3135900
2014-05-20,29.93000030517578,30.389999389648438,29.739999771118164,30.010000228881836,18.517587661743164,5118700
2014-05-21,30.260000228881836,31.09000015258789,30.260000228881836,31.0,19.128463745117188,6456500
2014-05-22,31.06999969482422,31.5,30.940000534057617,31.260000228881836,19.288902282714844,5097800
2014-05-23,31.280000686645508,31.450000762939453,31.1299991607666,31.18000030517578,19.23953628540039,2431200
2014-05-27,31.6200008392334,31.670000076293945,30.829999923706055,30.950000762939453,19.097606658935547,4999400
2014-05-28,30.959999084472656,31.200000762939453,30.860000610351562,30.959999084472656,19.103784561157227,3668900
2014-05-29,31.030000686645508,31.3700008392334,30.920000076293945,31.25,19.28272819519043,3721700
2014-05-30,31.190000534057617,31.190000534057617,30.6200008392334,31.079999923706055,19.17782974243164,4564200
2014-06-02,31.260000228881836,31.549999237060547,31.010000228881836,31.209999084472656,19.25804328918457,3142700
2014-06-03,31.200000762939453,31.25,30.950000762939453,31.219999313354492,19.264217376708984,2921300
2014-06-04,31.43000030517578,32.0,31.139999389648438,31.969999313354492,19.727001190185547,4139800
2014-06-05,32.029998779296875,32.79999923706055,31.989999771118164,32.709999084472656,20.183618545532227,4739100
2014-06-06,32.79999923706055,33.790000915527344,32.52000045776367,33.779998779296875,20.843856811523438,8361300
2014-06-09,33.79999923706055,33.91999816894531,33.380001068115234,33.5,20.671083450317383,7210700
2014-06-10,33.400001525878906,33.689998626708984,32.90999984741211,33.63999938964844,20.75747299194336,3403600
2014-06-11,33.45000076293945,33.97999954223633,33.349998474121094,33.939998626708984,20.942583084106445,3325100
2014-06-12,34.0,34.09000015258789,33.150001525878906,33.540000915527344,20.69576644897461,4646400
2014-06-13,33.4900016784668,33.70000076293945,32.869998931884766,33.279998779296875,20.535335540771484,2955100
2014-06-16,33.279998779296875,33.279998779296875,32.66999816894531,33.0,20.36255645751953,3351400
2014-06-17,33.0,33.27000045776367,32.77000045776367,33.22999954223633,20.50448226928711,2126800
2014-06-18,33.25,33.689998626708984,32.81999969482422,33.599998474121094,20.7327938079834,3701800
2014-06-19,33.75,33.939998626708984,33.5,33.619998931884766,20.745132446289062,2856700
2014-06-20,33.70000076293945,33.83000183105469,33.29999923706055,33.38999938964844,20.60321044921875,4368800
2014-06-23,33.38999938964844,33.63999938964844,33.04999923706055,33.29999923706055,20.54767608642578,2348100
2014-06-24,33.33000183105469,33.5099983215332,32.560001373291016,32.66999816894531,20.158935546875,3611900
2014-06-25,32.650001525878906,32.970001220703125,32.5099983215332,32.68000030517578,20.16510581970215,2115900
2014-06-26,32.709999084472656,33.209999084472656,32.650001525878906,33.18000030517578,20.473628997802734,2186100
2014-06-27,33.11000061035156,33.52000045776367,33.08000183105469,33.459999084472656,20.646406173706055,1594800
2014-06-30,33.459999084472656,33.540000915527344,33.209999084472656,33.439998626708984,20.634065628051758,2235100
2014-07-01,33.619998931884766,34.0,33.47999954223633,33.58000183105469,20.720447540283203,3753900
2014-07-02,33.63999938964844,34.2400016784668,33.52000045776367,33.84000015258789,20.880882263183594,4019900
2014-07-03,34.04999923706055,34.08000183105469,33.380001068115234,33.790000915527344,20.85002899169922,2358100
2014-07-07,33.709999084472656,33.7400016784668,33.15999984741211,33.279998779296875,20.535335540771484,3358100
2014-07-08,33.25,33.25,32.650001525878906,32.72999954223633,20.19595718383789,3922200
2014-07-09,32.86000061035156,33.0,32.5,32.849998474121094,20.27000617980957,3352300
2014-07-10,32.45000076293945,32.560001373291016,31.389999389648438,32.2599983215332,19.90595054626465,6028100
2014-07-11,32.279998779296875,32.349998474121094,31.920000076293945,32.27000045776367,19.9121150970459,4620000
2014-07-14,32.5,32.900001525878906,32.47999954223633,32.79999923706055,20.239154815673828,5916300
2014-07-15,32.959999084472656,33.5,32.959999084472656,33.400001525878906,20.609386444091797,6559500
2014-07-16,33.63999938964844,34.09000015258789,33.459999084472656,33.97999954223633,20.967262268066406,7392800
2014-07-17,34.61000061035156,35.0099983215332,34.0099983215332,34.13999938964844,21.06599235534668,10818400
2014-07-18,34.790000915527344,35.70000076293945,34.5099983215332,35.70000076293945,22.028587341308594,12144500
2014-07-21,35.720001220703125,35.779998779296875,35.130001068115234,35.619998931884766,21.97922706604004,10122900
2014-07-22,35.79999923706055,35.88999938964844,35.4900016784668,35.56999969482422,21.9483699798584,6198100
2014-07-23,35.56999969482422,36.08000183105469,35.52000045776367,36.02000045776367,22.226041793823242,5129600
2014-07-24,35.4900016784668,35.4900016784668,34.810001373291016,35.0099983215332,21.93779754638672,5807700
2014-07-25,34.869998931884766,34.9900016784668,34.31999969482422,34.470001220703125,21.599428176879883,4342500
2014-07-28,34.470001220703125,34.61000061035156,33.54999923706055,34.34000015258789,21.51796531677246,5668700
2014-07-29,34.560001373291016,34.560001373291016,33.849998474121094,34.189998626708984,21.423980712890625,3542900
2014-07-30,34.47999954223633,34.599998474121094,33.630001068115234,34.02000045776367,21.317455291748047,4694700
2014-07-31,33.61000061035156,33.68000030517578,32.560001373291016,32.68000030517578,20.4777889251709,7639600
2014-08-01,32.68000030517578,33.189998626708984,32.150001525878906,32.41999816894531,20.31486701965332,4590300
2014-08-04,32.77000045776367,33.0,32.41999816894531,32.810001373291016,20.559249877929688,3260400
2014-08-05,32.810001373291016,33.06999969482422,32.20000076293945,32.45000076293945,20.33366584777832,4435400
2014-08-06,32.2599983215332,32.86000061035156,32.130001068115234,32.619998931884766,20.440189361572266,3444100
2014-08-07,32.849998474121094,33.0099983215332,32.41999816894531,32.630001068115234,20.446455001831055,5566300
2014-08-08,32.689998626708984,33.040000915527344,32.33000183105469,32.97999954223633,20.665769577026367,2528500
2014-08-11,33.45000076293945,33.900001525878906,33.36000061035156,33.709999084472656,21.123205184936523,8199800
2014-08-12,33.93000030517578,33.95000076293945,33.040000915527344,33.220001220703125,20.816164016723633,3277500
2014-08-13,33.380001068115234,33.61000061035156,32.86000061035156,33.41999816894531,20.941478729248047,3214900
2014-08-14,33.470001220703125,33.59000015258789,33.369998931884766,33.540000915527344,21.01667594909668,2126600
2014-08-15,33.59000015258789,33.720001220703125,32.79999923706055,33.209999084472656,20.809890747070312,3230900
2014-08-18,33.349998474121094,33.599998474121094,32.970001220703125,33.040000915527344,20.703372955322266,3572700
2014-08-19,33.06999969482422,33.310001373291016,32.900001525878906,33.0,20.678300857543945,3066100
2014-08-20,32.84000015258789,33.099998474121094,32.66999816894531,32.880001068115234,20.60310935974121,3424000
2014-08-21,32.93000030517578,33.0,32.7400016784668,32.75,20.52165412902832,4100800
2014-08-22,32.75,32.790000915527344,32.119998931884766,32.41999816894531,20.31486701965332,6319900
2014-08-25,32.54999923706055,33.029998779296875,32.40999984741211,32.97999954223633,20.665769577026367,4644500
2014-08-26,33.04999923706055,33.34000015258789,33.02000045776367,33.099998474121094,20.740964889526367,5269500
2014-08-27,33.22999954223633,33.25,32.650001525878906,33.04999923706055,20.70962905883789,3322200
2014-08-28,33.029998779296875,33.54999923706055,32.849998474121094,33.34000015258789,20.8913516998291,2977200
2014-08-29,33.400001525878906,33.619998931884766,33.34000015258789,33.529998779296875,21.010408401489258,1701000
2014-09-02,33.650001525878906,33.869998931884766,33.45000076293945,33.470001220703125,20.972814559936523,2378100
2014-09-03,33.54999923706055,33.75,33.16999816894531,33.38999938964844,20.92268180847168,2521100
2014-09-04,33.400001525878906,33.400001525878906,32.68000030517578,32.90999984741211,20.621910095214844,4438300
2014-09-05,32.869998931884766,33.130001068115234,32.65999984741211,33.08000183105469,20.728435516357422,3412400
2014-09-08,33.029998779296875,33.16999816894531,32.599998474121094,32.75,20.52165412902832,3267800
2014-09-09,32.779998779296875,32.779998779296875,32.5,32.5,20.36499786376953,2447900
2014-09-10,32.5,32.65999984741211,32.2400016784668,32.5099983215332,20.371257781982422,3155600
2014-09-11,32.43000030517578,32.61000061035156,32.25,32.56999969482422,20.40886116027832,4016700
2014-09-12,32.54999923706055,32.65999984741211,32.189998626708984,32.369998931884766,20.283536911010742,3226900
2014-09-15,32.310001373291016,32.369998931884766,32.02000045776367,32.15999984741211,20.151948928833008,2953100
2014-09-16,32.0099983215332,32.849998474121094,31.75,32.5,20.36499786376953,3822600
2014-09-17,32.560001373291016,32.959999084472656,32.369998931884766,32.72999954223633,20.509122848510742,3831800
2014-09-18,32.97999954223633,33.29999923706055,32.72999954223633,33.150001525878906,20.772294998168945,3241900
2014-09-19,33.36000061035156,33.400001525878906,32.869998931884766,33.16999816894531,20.784826278686523,4167900
2014-09-22,33.0,33.16999816894531,32.27000045776367,32.560001373291016,20.4025936126709,3905100
2014-09-23,32.45000076293945,32.4900016784668,31.850000381469727,31.950000762939453,20.020355224609375,4667500
2014-09-24,31.940000534057617,31.940000534057617,30.709999084472656,31.649999618530273,19.83237075805664,8115900
2014-09-25,31.639999389648438,31.75,31.1200008392334,31.6200008392334,19.813573837280273,5422900
2014-09-26,31.6200008392334,32.16999816894531,31.6200008392334,32.0,20.051685333251953,2473000
2014-09-29,31.709999084472656,31.989999771118164,31.239999771118164,31.829999923706055,19.94516372680664,2322500
2014-09-30,31.770000457763672,31.90999984741211,31.290000915527344,31.479999542236328,19.725847244262695,3840400
2014-10-01,31.3799991607666,31.40999984741211,30.479999542236328,30.670000076293945,19.218286514282227,6584300
2014-10-02,30.670000076293945,30.670000076293945,29.1299991607666,30.520000457763672,19.124298095703125,9053200
2014-10-03,30.75,31.299999237060547,30.65999984741211,31.200000762939453,19.550397872924805,3166600
2014-10-06,31.399999618530273,31.420000076293945,30.790000915527344,31.110000610351562,19.494003295898438,3042700
2014-10-07,30.93000030517578,31.139999389648438,30.479999542236328,30.489999771118164,19.105501174926758,3675800
2014-10-08,30.440000534057617,30.6200008392334,29.540000915527344,30.399999618530273,19.049102783203125,7762600
2014-10-09,30.350000381469727,30.350000381469727,29.3700008392334,29.770000457763672,18.654338836669922,5393300
2014-10-10,29.950000762939453,30.34000015258789,29.399999618530273,29.600000381469727,18.54781150817871,7409300
2014-10-13,29.729999542236328,30.079999923706055,29.219999313354492,29.31999969482422,18.372360229492188,6406400
2014-10-14,29.350000381469727,29.68000030517578,28.610000610351562,29.450000762939453,18.453821182250977,6325300
2014-10-15,29.040000915527344,29.139999389648438,27.200000762939453,29.059999465942383,18.20943832397461,14784000
2014-10-16,27.149999618530273,29.209999084472656,26.559999465942383,28.889999389648438,18.102914810180664,15727600
2014-10-17,29.40999984741211,29.920000076293945,29.040000915527344,29.299999237060547,18.35982894897461,6482500
2014-10-20,29.3799991607666,29.850000381469727,29.299999237060547,29.40999984741211,18.42875862121582,5138800
2014-10-21,29.829999923706055,30.989999771118164,29.65999984741211,30.719999313354492,19.249622344970703,8833900
2014-10-22,30.899999618530273,31.389999389648438,30.670000076293945,30.81999969482422,19.312280654907227,6593800
2014-10-23,30.65999984741211,30.889999389648438,29.770000457763672,29.889999389648438,19.00079345703125,4717800
2014-10-24,29.989999771118164,30.729999542236328,29.93000030517578,30.65999984741211,19.490270614624023,3005500
2014-10-27,30.43000030517578,30.450000762939453,29.719999313354492,30.389999389648438,19.31863784790039,3038200
2014-10-28,30.469999313354492,30.600000381469727,30.18000030517578,30.549999237060547,19.420347213745117,4055200
2014-10-29,30.469999313354492,30.8700008392334,29.700000762939453,30.0,19.070720672607422,6185400
2014-10-30,30.510000228881836,30.59000015258789,29.030000686645508,29.760000228881836,18.918153762817383,6633700
2014-10-31,30.15999984741211,30.6200008392334,29.770000457763672,30.1200008392334,19.14700698852539,6826300
2014-11-03,30.139999389648438,30.600000381469727,29.899999618530273,30.299999237060547,19.26142692565918,5303400
2014-11-04,30.350000381469727,30.93000030517578,30.09000015258789,30.34000015258789,19.286855697631836,5528600
2014-11-05,30.649999618530273,30.729999542236328,30.18000030517578,30.299999237060547,19.26142692565918,3072600
2014-11-06,30.25,30.520000457763672,30.100000381469727,30.299999237060547,19.26142692565918,2594900
2014-11-07,30.299999237060547,31.170000076293945,30.200000762939453,31.139999389648438,19.795408248901367,3951000
2014-11-10,31.290000915527344,32.380001068115234,31.209999084472656,31.700000762939453,20.15139389038086,7143300
2014-11-11,31.780000686645508,31.889999389648438,31.309999465942383,31.6200008392334,20.10053825378418,3471400
2014-11-12,31.440000534057617,32.18000030517578,31.399999618530273,31.899999618530273,20.278528213500977,2577600
2014-11-13,31.90999984741211,32.2599983215332,31.65999984741211,31.81999969482422,20.227676391601562,3116200
2014-11-14,31.8700008392334,32.08000183105469,31.610000610351562,31.860000610351562,20.253101348876953,2849800
2014-11-17,31.770000457763672,32.040000915527344,31.459999084472656,32.02000045776367,20.354816436767578,3330600
2014-11-18,32.25,32.95000076293945,32.150001525878906,32.61000061035156,20.729875564575195,8450600
2014-11-19,32.61000061035156,32.959999084472656,32.4900016784668,32.66999816894531,20.768014907836914,3572000
2014-11-20,32.58000183105469,33.16999816894531,32.4900016784668,32.86000061035156,20.8887996673584,4100200
2014-11-21,33.25,33.349998474121094,32.939998626708984,33.119998931884766,21.0540714263916,7030500
2014-11-24,33.310001373291016,33.400001525878906,33.099998474121094,33.310001373291016,21.17486572265625,2779300
2014-11-25,33.29999923706055,33.41999816894531,33.08000183105469,33.380001068115234,21.219356536865234,3118000
2014-11-26,33.369998931884766,33.72999954223633,33.22999954223633,33.5,21.295635223388672,2671700
2014-11-28,33.5,33.689998626708984,33.130001068115234,33.52000045776367,21.308353424072266,1708500
2014-12-01,33.29999923706055,33.38999938964844,32.54999923706055,32.849998474121094,20.88243865966797,7851000
2014-12-02,33.099998474121094,33.5,32.9900016784668,33.02000045776367,20.990509033203125,5393100
2014-12-03,33.18000030517578,33.34000015258789,33.02000045776367,33.150001525878906,21.073144912719727,3391200
2014-12-04,33.15999984741211,33.93000030517578,33.099998474121094,33.52000045776367,21.308353424072266,4260200
2014-12-05,33.630001068115234,34.13999938964844,33.630001068115234,33.939998626708984,21.575340270996094,5524500
2014-12-08,33.959999084472656,34.099998474121094,33.65999984741211,33.939998626708984,21.575340270996094,3425400
2014-12-09,33.529998779296875,34.0,33.2599983215332,33.88999938964844,21.54355812072754,4060800
2014-12-10,33.88999938964844,34.15999984741211,33.560001373291016,34.029998779296875,21.632553100585938,5948400
2014-12-11,34.0,34.25,33.79999923706055,33.849998474121094,21.518129348754883,3076600
2014-12-12,33.56999969482422,33.59000015258789,32.58000183105469,32.90999984741211,20.920581817626953,5818800
2014-12-15,33.13999938964844,33.25,32.209999084472656,32.619998931884766,20.736228942871094,6098600
2014-12-16,32.380001068115234,33.18000030517578,32.130001068115234,32.70000076293945,20.787086486816406,2958800
2014-12-17,32.79999923706055,34.18000030517578,32.65999984741211,33.849998474121094,21.518129348754883,5729500
2014-12-18,34.25,34.310001373291016,33.720001220703125,34.310001373291016,21.810546875,4284300
2014-12-19,34.380001068115234,34.70000076293945,34.20000076293945,34.34000015258789,21.829614639282227,2786400
2014-12-22,34.36000061035156,34.58000183105469,33.65999984741211,33.79999923706055,21.486343383789062,3806300
2014-12-23,33.93000030517578,34.150001525878906,33.70000076293945,33.959999084472656,21.588045120239258,3659100
2014-12-24,33.959999084472656,34.09000015258789,33.75,34.0099983215332,21.61983871459961,899800
2014-12-26,34.130001068115234,34.2400016784668,33.880001068115234,33.91999816894531,21.562625885009766,1758200
2014-12-29,33.869998931884766,34.029998779296875,33.84000015258789,33.88999938964844,21.54355812072754,1856200
2014-12-30,33.81999969482422,34.06999969482422,33.599998474121094,33.95000076293945,21.581703186035156,2247700
2014-12-31,33.9900016784668,34.099998474121094,33.7599983215332,33.83000183105469,21.505414962768555,1593500
2015-01-02,33.97999954223633,34.27000045776367,33.720001220703125,34.130001068115234,21.696125030517578,2577200
2015-01-05,33.880001068115234,34.060001373291016,33.150001525878906,33.630001068115234,21.378273010253906,3015400
2015-01-06,33.709999084472656,33.75,32.36000061035156,32.97999954223633,20.965076446533203,3354200
2015-01-07,33.29999923706055,33.650001525878906,33.0,33.45000076293945,21.26384925842285,2517400
2015-01-08,33.79999923706055,33.91999816894531,33.61000061035156,33.709999084472656,21.429136276245117,3523000
2015-01-09,33.810001373291016,34.279998779296875,33.43000030517578,34.209999084472656,21.74697494506836,3040900
2015-01-12,34.29999923706055,34.540000915527344,33.75,34.349998474121094,21.83597755432129,4292400
2015-01-13,34.720001220703125,34.97999954223633,33.77000045776367,34.08000183105469,21.66434097290039,4665100
2015-01-14,33.70000076293945,34.06999969482422,33.369998931884766,33.95000076293945,21.581703186035156,4136500
2015-01-15,34.150001525878906,34.16999816894531,33.400001525878906,33.470001220703125,21.276567459106445,4320100
2015-01-16,33.279998779296875,33.720001220703125,32.95000076293945,33.66999816894531,21.403697967529297,5090500
2015-01-20,33.75,34.0,33.08000183105469,33.95000076293945,21.581703186035156,3089000
2015-01-21,33.95000076293945,35.0,33.880001068115234,34.70000076293945,22.058469772338867,4480000
2015-01-22,34.95000076293945,35.9900016784668,34.75,35.709999084472656,22.700519561767578,5813500
2015-01-23,35.75,36.2400016784668,35.40999984741211,36.060001373291016,22.92301368713379,4301500
2015-01-26,36.099998474121094,36.47999954223633,35.95000076293945,36.45000076293945,23.17092514038086,6159400
2015-01-27,36.04999923706055,36.880001068115234,35.86000061035156,36.58000183105469,23.25356101989746,5328300
2015-01-28,36.779998779296875,37.16999816894531,36.41999816894531,36.7400016784668,23.355276107788086,6707400
2015-01-29,36.720001220703125,37.04999923706055,35.619998931884766,36.86000061035156,23.43155860900879,7436800
2015-01-30,37.029998779296875,37.68000030517578,36.88999938964844,37.34000015258789,23.7366886138916,5944600
2015-02-02,37.880001068115234,37.91999816894531,37.16999816894531,37.27000045776367,23.69219398498535,6576600
2015-02-03,37.630001068115234,37.90999984741211,37.310001373291016,37.86000061035156,24.067249298095703,5597900
2015-02-04,37.79999923706055,37.95000076293945,37.130001068115234,37.20000076293945,23.647701263427734,6041700
2015-02-05,36.650001525878906,36.650001525878906,36.18000030517578,36.279998779296875,23.55678367614746,6084200
2015-02-06,36.560001373291016,36.689998626708984,35.880001068115234,36.08000183105469,23.426929473876953,7072300
2015-02-09,35.970001220703125,36.65999984741211,35.66999816894531,36.290000915527344,23.563283920288086,3332700
2015-02-10,36.75,36.84000015258789,36.209999084472656,36.70000076293945,23.829500198364258,3830300
2015-02-11,36.810001373291016,36.900001525878906,36.11000061035156,36.470001220703125,23.680158615112305,3876700
2015-02-12,36.59000015258789,36.93000030517578,36.279998779296875,36.90999984741211,23.965856552124023,3920300
2015-02-13,36.9900016784668,37.43000030517578,36.970001220703125,37.400001525878906,24.284019470214844,4691800
2015-02-17,37.560001373291016,37.68000030517578,36.88999938964844,37.349998474121094,24.25153923034668,4504400
2015-02-18,37.349998474121094,37.43000030517578,37.029998779296875,37.209999084472656,24.1606388092041,3202300
2015-02-19,37.13999938964844,37.630001068115234,37.099998474121094,37.52000045776367,24.361923217773438,2992500
2015-02-20,37.5,37.75,37.220001220703125,37.630001068115234,24.43335723876953,3209600
2015-02-23,37.58000183105469,37.68000030517578,37.09000015258789,37.45000076293945,24.316476821899414,5933700
2015-02-24,37.540000915527344,37.95000076293945,37.5,37.86000061035156,24.582691192626953,4040800
2015-02-25,37.790000915527344,37.91999816894531,37.5099983215332,37.86000061035156,24.582691192626953,2311300
2015-02-26,37.970001220703125,38.0,37.45000076293945,37.900001525878906,24.608671188354492,2768000
2015-02-27,37.900001525878906,38.0,37.41999816894531,37.459999084472656,24.322965621948242,2171400
2015-03-02,37.650001525878906,38.20000076293945,37.52000045776367,38.13999938964844,24.764495849609375,4339000
2015-03-03,38.119998931884766,38.31999969482422,37.720001220703125,37.849998474121094,24.576196670532227,3618700
2015-03-04,38.34000015258789,38.83000183105469,37.5,38.61000061035156,25.069673538208008,8705600
2015-03-05,38.7599983215332,39.619998931884766,38.54999923706055,39.13999938964844,25.41380500793457,4970000
2015-03-06,39.2400016784668,39.29999923706055,38.529998779296875,38.75,25.160573959350586,4633100
2015-03-09,38.90999984741211,39.0,38.15999984741211,38.29999923706055,24.86838150024414,4427200
2015-03-10,38.0,38.34000015258789,37.7599983215332,38.279998779296875,24.85539436340332,3951300
2015-03-11,38.060001373291016,38.59000015258789,37.900001525878906,38.439998626708984,24.959287643432617,3307700
2015-03-12,38.70000076293945,38.84000015258789,38.290000915527344,38.689998626708984,25.121620178222656,3209000
2015-03-13,38.66999816894531,38.75,37.91999816894531,37.95000076293945,24.641128540039062,3579600
2015-03-16,38.189998626708984,38.61000061035156,38.040000915527344,38.31999969482422,24.881370544433594,3109000
2015-03-17,38.22999954223633,38.22999954223633,37.86000061035156,38.08000183105469,24.725543975830078,2614000
2015-03-18,38.560001373291016,38.91999816894531,37.90999984741211,38.70000076293945,25.128110885620117,3655400
2015-03-19,38.720001220703125,38.779998779296875,38.33000183105469,38.689998626708984,25.121620178222656,2239900
2015-03-20,38.81999969482422,39.029998779296875,38.58000183105469,38.689998626708984,25.121620178222656,3476500
2015-03-23,38.720001220703125,38.95000076293945,38.290000915527344,38.36000061035156,24.9073429107666,3361900
2015-03-24,38.369998931884766,38.459999084472656,38.060001373291016,38.29999923706055,24.86838150024414,1633200
2015-03-25,38.41999816894531,38.45000076293945,37.900001525878906,37.9900016784668,24.66710662841797,3784300
2015-03-26,37.72999954223633,37.810001373291016,37.279998779296875,37.59000015258789,24.407384872436523,3121800
2015-03-27,37.63999938964844,38.02000045776367,37.5,38.0099983215332,24.680086135864258,3005700
2015-03-30,38.22999954223633,38.83000183105469,38.15999984741211,38.40999984741211,24.93981170654297,4203600
2015-03-31,38.36000061035156,38.93000030517578,38.2599983215332,38.88999938964844,25.251474380493164,4081700
2015-04-01,39.0,39.279998779296875,38.779998779296875,39.040000915527344,25.348876953125,5307200
2015-04-02,39.0,39.15999984741211,38.77000045776367,38.77000045776367,25.17356300354004,3562900
2015-04-06,38.689998626708984,38.88999938964844,38.310001373291016,38.54999923706055,25.030712127685547,4058200
2015-04-07,38.68000030517578,39.31999969482422,38.5,38.939998626708984,25.283935546875,3697100
2015-04-08,38.95000076293945,39.459999084472656,38.939998626708984,39.209999084472656,25.459251403808594,4456000
2015-04-09,39.279998779296875,39.400001525878906,38.939998626708984,39.20000076293945,25.4527587890625,3888100
2015-04-10,39.59000015258789,40.20000076293945,39.279998779296875,40.02000045776367,25.985191345214844,5526800
2015-04-13,40.349998474121094,40.88999938964844,39.790000915527344,40.150001525878906,26.069602966308594,5316800
2015-04-14,40.369998931884766,40.5,39.90999984741211,40.040000915527344,25.9981746673584,4234700
2015-04-15,40.220001220703125,41.15999984741211,40.11000061035156,41.02000045776367,26.63449478149414,5632300
2015-04-16,42.20000076293945,42.25,41.130001068115234,41.150001525878906,26.718902587890625,9404100
2015-04-17,41.220001220703125,41.849998474121094,40.939998626708984,41.849998474121094,27.173419952392578,6304000
2015-04-20,42.720001220703125,42.75,41.689998626708984,41.81999969482422,27.15394401550293,6894600
2015-04-21,42.0,42.04999923706055,41.36000061035156,41.720001220703125,27.08900260925293,4570500
2015-04-22,42.09000015258789,42.150001525878906,41.5099983215332,41.7599983215332,27.1149845123291,6449600
2015-04-23,40.83000183105469,41.43000030517578,40.790000915527344,40.9900016784668,27.19460105895996,6634100
2015-04-24,41.15999984741211,41.529998779296875,41.060001373291016,41.40999984741211,27.473249435424805,4826600
2015-04-27,41.7400016784668,41.79999923706055,41.45000076293945,41.59000015258789,27.592662811279297,4008200
2015-04-28,41.619998931884766,41.7400016784668,41.0,41.689998626708984,27.65900993347168,3411600
2015-04-29,41.66999816894531,42.41999816894531,41.34000015258789,41.77000045776367,27.712085723876953,4499500
2015-04-30,41.47999954223633,41.75,40.650001525878906,40.959999084472656,27.174694061279297,5847200
2015-05-01,41.06999969482422,41.7599983215332,41.0099983215332,41.7400016784668,27.69217872619629,3412100
2015-05-04,42.84000015258789,42.900001525878906,42.20000076293945,42.54999923706055,28.229572296142578,7192100
2015-05-05,42.810001373291016,43.040000915527344,42.13999938964844,42.279998779296875,28.05043601989746,5541700
2015-05-06,42.619998931884766,42.720001220703125,41.58000183105469,41.75,27.69881248474121,4379500
2015-05-07,41.70000076293945,42.70000076293945,41.560001373291016,42.2599983215332,28.03716468811035,4658900
2015-05-08,42.779998779296875,42.93000030517578,42.529998779296875,42.599998474121094,28.262741088867188,4084100
2015-05-11,42.650001525878906,42.900001525878906,42.41999816894531,42.689998626708984,28.322446823120117,4853200
2015-05-12,42.66999816894531,42.77000045776367,42.27000045776367,42.540000915527344,28.222936630249023,3162400
2015-05-13,42.7400016784668,42.75,42.310001373291016,42.58000183105469,28.249475479125977,2795200
2015-05-14,42.77000045776367,43.20000076293945,42.720001220703125,43.09000015258789,28.587831497192383,3293600
2015-05-15,43.099998474121094,43.45000076293945,43.08000183105469,43.38999938964844,28.78685760498047,2893900
2015-05-18,43.43000030517578,44.150001525878906,43.29999923706055,43.959999084472656,29.16501808166504,4297900
2015-05-19,44.2599983215332,44.43000030517578,43.560001373291016,43.63999938964844,28.95271873474121,4648800
2015-05-20,43.88999938964844,43.97999954223633,43.58000183105469,43.7599983215332,29.032333374023438,2576700
2015-05-21,43.75,43.849998474121094,43.33000183105469,43.56999969482422,28.906286239624023,3225300
2015-05-22,43.61000061035156,43.619998931884766,43.060001373291016,43.41999816894531,28.806764602661133,3604100
2015-05-26,43.47999954223633,43.5,43.0099983215332,43.18000030517578,28.64753532409668,3664000
2015-05-27,43.13999938964844,43.47999954223633,43.060001373291016,43.45000076293945,28.826677322387695,3260400
2015-05-28,43.459999084472656,43.650001525878906,43.150001525878906,43.630001068115234,28.94608497619629,2204100
2015-05-29,43.65999984741211,43.91999816894531,43.20000076293945,43.79999923706055,29.058874130249023,2961100
2015-06-01,44.0099983215332,44.029998779296875,43.279998779296875,43.5,28.859844207763672,3881400
2015-06-02,43.400001525878906,43.5,42.9900016784668,43.34000015258789,28.753681182861328,4608500
2015-06-03,43.75,44.04999923706055,43.45000076293945,43.540000915527344,28.886371612548828,4401600
2015-06-04,43.36000061035156,43.52000045776367,42.900001525878906,43.02000045776367,28.541393280029297,5179800
2015-06-05,43.0,43.150001525878906,42.25,42.400001525878906,28.13005256652832,4564300
2015-06-08,42.400001525878906,42.59000015258789,41.650001525878906,41.900001525878906,27.798328399658203,4878000
2015-06-09,41.849998474121094,41.849998474121094,40.5099983215332,41.189998626708984,27.3272762298584,7017000
2015-06-10,41.369998931884766,42.43000030517578,41.25,42.0099983215332,27.871305465698242,3688200
2015-06-11,42.209999084472656,42.720001220703125,42.15999984741211,42.41999816894531,28.143327713012695,3267300
2015-06-12,42.349998474121094,42.540000915527344,42.0099983215332,42.5,28.196392059326172,2582300
2015-06-15,42.25,42.369998931884766,41.720001220703125,42.2400016784668,28.023893356323242,4309000
2015-06-16,42.16999816894531,42.33000183105469,41.84000015258789,41.97999954223633,27.851409912109375,2341100
2015-06-17,42.099998474121094,42.29999923706055,41.81999969482422,41.880001068115234,27.785062789916992,2808200
2015-06-18,41.90999984741211,42.439998626708984,41.88999938964844,42.0,27.864673614501953,3681800
2015-06-19,42.029998779296875,42.47999954223633,41.900001525878906,42.38999938964844,28.123422622680664,2800100
2015-06-22,42.56999969482422,42.61000061035156,42.119998931884766,42.16999816894531,27.977458953857422,3076200
2015-06-23,42.189998626708984,42.33000183105469,41.900001525878906,42.13999938964844,27.95755386352539,2656000
2015-06-24,42.06999969482422,42.13999938964844,40.93000030517578,41.380001068115234,27.453338623046875,5835000
2015-06-25,41.5,41.66999816894531,40.529998779296875,41.08000183105469,27.254304885864258,4939800
2015-06-26,41.08000183105469,41.5099983215332,40.650001525878906,41.5,27.532957077026367,3184500
2015-06-29,40.560001373291016,41.22999954223633,40.33000183105469,40.63999938964844,26.962392807006836,4713800
2015-06-30,41.119998931884766,41.13999938964844,40.380001068115234,40.869998931884766,27.114978790283203,3281200
2015-07-01,41.5,41.599998474121094,40.720001220703125,40.91999816894531,27.148147583007812,3404600
2015-07-02,40.959999084472656,41.31999969482422,40.7400016784668,41.31999969482422,27.413528442382812,2421200
2015-07-06,40.9900016784668,41.189998626708984,40.27000045776367,40.470001220703125,26.849605560302734,3728400
2015-07-07,40.58000183105469,40.599998474121094,38.560001373291016,39.77000045776367,26.38518714904785,7388800
2015-07-08,39.290000915527344,39.4900016784668,38.58000183105469,38.599998474121094,25.608964920043945,4746000
2015-07-09,39.279998779296875,39.34000015258789,38.86000061035156,39.09000015258789,25.934051513671875,3557500
2015-07-10,39.880001068115234,39.880001068115234,39.33000183105469,39.61000061035156,26.279050827026367,3747500
2015-07-13,40.0,40.95000076293945,39.959999084472656,40.90999984741211,27.141515731811523,4232100
2015-07-14,41.0,41.369998931884766,40.869998931884766,41.06999969482422,27.247669219970703,3435000
2015-07-15,41.189998626708984,41.43000030517578,40.869998931884766,41.33000183105469,27.420166015625,3027000
2015-07-16,41.45000076293945,42.599998474121094,40.38999938964844,41.959999084472656,27.838130950927734,8302300
2015-07-17,42.029998779296875,42.150001525878906,41.529998779296875,41.599998474121094,27.59929656982422,4198000
2015-07-20,41.7400016784668,41.86000061035156,41.279998779296875,41.599998474121094,27.59929656982422,3710900
2015-07-21,41.630001068115234,41.939998626708984,41.45000076293945,41.849998474121094,27.76515769958496,2573500
2015-07-22,41.709999084472656,41.95000076293945,41.310001373291016,41.5,27.532957077026367,3254200
2015-07-23,40.75,40.79999923706055,39.599998474121094,39.72999954223633,26.837196350097656,5881700
2015-07-24,39.72999954223633,39.95000076293945,37.709999084472656,38.2599983215332,25.844228744506836,9072900
2015-07-27,37.81999969482422,38.470001220703125,36.7599983215332,38.099998474121094,25.73613929748535,6579200
2015-07-28,38.40999984741211,39.11000061035156,38.38999938964844,38.61000061035156,26.080652236938477,4581300
2015-07-29,38.86000061035156,39.41999816894531,38.689998626708984,39.369998931884766,26.59402084350586,3370300
2015-07-30,39.5,39.939998626708984,39.13999938964844,39.290000915527344,26.539987564086914,2661500
2015-07-31,39.4900016784668,39.75,39.029998779296875,39.25,26.512962341308594,2492000
2015-08-03,39.599998474121094,39.61000061035156,38.4900016784668,38.7400016784668,26.16846466064453,3327800
2015-08-04,38.79999923706055,39.619998931884766,38.599998474121094,39.4900016784668,26.675085067749023,2891800
2015-08-05,39.709999084472656,40.04999923706055,38.849998474121094,38.95000076293945,26.310317993164062,3025400
2015-08-06,39.029998779296875,39.34000015258789,37.77000045776367,38.439998626708984,25.9658145904541,5431800
2015-08-07,38.31999969482422,38.459999084472656,36.900001525878906,37.83000183105469,25.553770065307617,4998100
2015-08-10,38.119998931884766,39.2599983215332,38.040000915527344,39.130001068115234,26.431901931762695,3345300
2015-08-11,38.599998474121094,38.959999084472656,37.689998626708984,37.91999816894531,25.614564895629883,4337500
2015-08-12,37.439998626708984,38.20000076293945,36.15999984741211,38.099998474121094,25.73613929748535,6030200
2015-08-13,38.099998474121094,38.38999938964844,37.75,38.15999984741211,25.776681900024414,2790300
2015-08-14,38.13999938964844,38.790000915527344,38.02000045776367,38.650001525878906,26.1076717376709,2706300
2015-08-17,38.599998474121094,38.720001220703125,38.029998779296875,38.43000030517578,25.95906639099121,3175400
2015-08-18,38.459999084472656,38.5,37.0,37.279998779296875,25.182247161865234,5367400
2015-08-19,37.0,37.279998779296875,36.45000076293945,36.75,24.82423973083496,4835200
2015-08-20,36.459999084472656,36.58000183105469,34.27000045776367,34.5099983215332,23.311145782470703,9465100
2015-08-21,34.0,34.20000076293945,33.060001373291016,33.95000076293945,22.932872772216797,12296300
2015-08-24,30.65999984741211,34.400001525878906,28.559999465942383,32.689998626708984,22.081748962402344,10624300
2015-08-25,35.790000915527344,35.9900016784668,32.400001525878906,32.400001525878906,21.885860443115234,8547300
2015-08-26,33.54999923706055,34.560001373291016,33.0099983215332,34.33000183105469,23.189556121826172,6761600
2015-08-27,35.619998931884766,36.540000915527344,34.95000076293945,35.61000061035156,24.054182052612305,7806600
2015-08-28,35.29999923706055,35.91999816894531,35.0099983215332,35.66999816894531,24.094711303710938,3440200
2015-08-31,35.5,35.619998931884766,33.93000030517578,34.25,23.135515213012695,6451800
2015-09-01,33.4900016784668,33.58000183105469,32.31999969482422,32.45000076293945,21.91963768005371,10785000
2015-09-02,33.13999938964844,33.15999984741211,32.099998474121094,32.61000061035156,22.0277099609375,7544100
2015-09-03,32.869998931884766,34.810001373291016,32.70000076293945,33.47999954223633,22.615388870239258,5736500
2015-09-04,33.29999923706055,33.75,32.63999938964844,33.66999816894531,22.743730545043945,3795500
2015-09-08,34.540000915527344,35.4900016784668,33.970001220703125,35.40999984741211,23.91908836364746,5875400
2015-09-09,35.849998474121094,36.0,34.47999954223633,34.56999969482422,23.35167121887207,4133200
2015-09-10,34.470001220703125,34.58000183105469,33.599998474121094,34.040000915527344,22.993663787841797,5387700
2015-09-11,33.91999816894531,34.349998474121094,33.22999954223633,34.0099983215332,22.973398208618164,4428100
2015-09-14,33.97999954223633,34.189998626708984,33.31999969482422,34.0099983215332,22.973398208618164,2307200
2015-09-15,34.09000015258789,35.209999084472656,33.91999816894531,34.689998626708984,23.432723999023438,4273000
2015-09-16,34.720001220703125,34.88999938964844,34.119998931884766,34.720001220703125,23.45299530029297,2847900
2015-09-17,34.72999954223633,36.040000915527344,34.290000915527344,35.7400016784668,24.141998291015625,4769600
2015-09-18,34.970001220703125,35.029998779296875,33.7400016784668,34.18000030517578,23.088226318359375,6250500
2015-09-21,34.56999969482422,34.65999984741211,33.75,34.29999923706055,23.169288635253906,3298700
2015-09-22,33.709999084472656,34.150001525878906,33.459999084472656,33.900001525878906,22.899089813232422,2884600
2015-09-23,33.93000030517578,34.09000015258789,32.880001068115234,33.40999984741211,22.568105697631836,4220100
2015-09-24,32.970001220703125,33.04999923706055,31.700000762939453,32.58000183105469,22.0074462890625,6241900
2015-09-25,33.25,33.79999923706055,32.599998474121094,32.849998474121094,22.189828872680664,4399200
2015-09-28,32.52000045776367,32.66999816894531,30.0,30.899999618530273,20.872623443603516,12590900
2015-09-29,30.899999618530273,31.0,29.399999618530273,30.06999969482422,20.311965942382812,7923600
2015-09-30,30.549999237060547,31.75,29.809999465942383,31.670000076293945,21.392749786376953,7845600
2015-10-01,31.770000457763672,31.850000381469727,30.450000762939453,31.43000030517578,21.230634689331055,5466100
2015-10-02,30.989999771118164,32.150001525878906,30.540000915527344,31.5,21.277917861938477,7419700
2015-10-05,31.899999618530273,33.619998931884766,31.850000381469727,33.38999938964844,22.55459213256836,5346700
2015-10-06,33.40999984741211,33.869998931884766,32.849998474121094,33.79999923706055,22.83154296875,5645900
2015-10-07,34.029998779296875,35.2400016784668,33.939998626708984,34.70000076293945,23.439485549926758,6681300
2015-10-08,34.439998626708984,34.54999923706055,33.7599983215332,34.0099983215332,22.973398208618164,5008200
2015-10-09,34.11000061035156,34.650001525878906,33.90999984741211,34.119998931884766,23.04770278930664,3690700
2015-10-12,34.20000076293945,34.209999084472656,33.0099983215332,33.810001373291016,22.838302612304688,3527100
2015-10-13,33.29999923706055,34.20000076293945,33.15999984741211,33.189998626708984,22.419490814208984,3098000
2015-10-14,33.2400016784668,33.84000015258789,32.650001525878906,33.54999923706055,22.662670135498047,5989000
2015-10-15,33.58000183105469,34.849998474121094,33.220001220703125,34.04999923706055,23.000415802001953,6641300
2015-10-16,34.63999938964844,35.0,34.209999084472656,34.52000045776367,23.317895889282227,5719200
2015-10-19,34.189998626708984,34.400001525878906,33.72999954223633,33.93000030517578,22.919357299804688,4117100
2015-10-20,33.93000030517578,34.15999984741211,33.290000915527344,33.36000061035156,22.534332275390625,5192300
2015-10-21,33.540000915527344,33.880001068115234,33.31999969482422,33.619998931884766,22.709957122802734,3754600
2015-10-22,33.40999984741211,33.9900016784668,33.209999084472656,33.34000015258789,22.853906631469727,3806300
2015-10-23,33.720001220703125,34.52000045776367,33.540000915527344,34.43000030517578,23.601072311401367,5106900
2015-10-26,34.43000030517578,34.56999969482422,34.209999084472656,34.41999816894531,23.594228744506836,3981600
2015-10-27,34.279998779296875,34.29999923706055,33.45000076293945,34.09000015258789,23.36801528930664,3513600
2015-10-28,33.91999816894531,34.5,32.939998626708984,34.5,23.649065017700195,5403200
2015-10-29,34.189998626708984,34.619998931884766,33.77000045776367,33.779998779296875,23.155521392822266,3753200
2015-10-30,33.84000015258789,34.189998626708984,32.88999938964844,33.060001373291016,22.661970138549805,3990300
2015-11-02,33.38999938964844,34.599998474121094,33.290000915527344,34.130001068115234,23.39543914794922,4711700
2015-11-03,34.150001525878906,34.650001525878906,33.81999969482422,34.59000015258789,23.71076011657715,4174300
2015-11-04,34.47999954223633,34.709999084472656,33.459999084472656,33.75,23.13495445251465,5355700
2015-11-05,33.90999984741211,34.34000015258789,33.060001373291016,33.52000045776367,22.977291107177734,4354000
2015-11-06,33.61000061035156,33.68000030517578,32.56999969482422,32.880001068115234,22.53858184814453,5205200
2015-11-09,32.650001525878906,32.75,31.540000915527344,32.04999923706055,21.969636917114258,5446300
2015-11-10,32.0,32.2599983215332,31.149999618530273,32.25,22.106733322143555,4447800
2015-11-11,32.380001068115234,32.43000030517578,31.360000610351562,31.549999237060547,21.62689781188965,3944500
2015-11-12,31.219999313354492,31.75,30.920000076293945,31.09000015258789,21.31157684326172,3149900
2015-11-13,31.0,31.170000076293945,30.3700008392334,30.610000610351562,20.982547760009766,4129000
2015-11-16,30.540000915527344,31.5,30.389999389648438,31.3799991607666,21.510364532470703,3636700
2015-11-17,31.549999237060547,31.700000762939453,30.790000915527344,30.8700008392334,21.1607723236084,5015400
2015-11-18,30.950000762939453,31.600000381469727,30.899999618530273,31.59000015258789,21.654319763183594,3682000
2015-11-19,31.75,32.06999969482422,31.31999969482422,31.440000534057617,21.55149269104004,3356300
2015-11-20,31.530000686645508,31.59000015258789,30.68000030517578,31.18000030517578,21.37327003479004,4741900
2015-11-23,31.09000015258789,31.329999923706055,30.56999969482422,31.010000228881836,21.256744384765625,3541600
2015-11-24,30.75,30.90999984741211,30.5,30.670000076293945,21.023679733276367,3982200
2015-11-25,30.670000076293945,31.190000534057617,30.420000076293945,31.079999923706055,21.30472755432129,3229800
2015-11-27,31.100000381469727,31.18000030517578,30.6299991607666,31.0,21.2498836517334,1447400
2015-11-30,31.110000610351562,31.25,30.600000381469727,31.229999542236328,21.407541275024414,2949100
2015-12-01,31.450000762939453,31.8700008392334,31.290000915527344,31.709999084472656,21.736572265625,3694000
2015-12-02,31.670000076293945,31.760000228881836,30.25,30.639999389648438,21.00310707092285,5730900
2015-12-03,30.6299991607666,31.15999984741211,29.979999542236328,30.399999618530273,20.838590621948242,5850100
2015-12-04,30.489999771118164,30.729999542236328,30.219999313354492,30.649999618530273,21.009963989257812,3532700
2015-12-07,30.420000076293945,30.489999771118164,30.0,30.40999984741211,20.84545135498047,4354700
2015-12-08,29.81999969482422,30.06999969482422,29.200000762939453,29.989999771118164,20.557552337646484,6479700
2015-12-09,31.139999389648438,31.399999618530273,30.200000762939453,30.520000457763672,20.920854568481445,5729800
2015-12-10,30.479999542236328,30.709999084472656,30.239999771118164,30.40999984741211,20.84545135498047,3675900
2015-12-11,30.0,30.020000457763672,28.5,28.81999969482422,19.755537033081055,8310000
2015-12-14,28.81999969482422,28.950000762939453,26.81999969482422,27.799999237060547,19.05634880065918,10941400
2015-12-15,28.09000015258789,29.3700008392334,28.049999237060547,28.959999084472656,19.851503372192383,4749400
2015-12-16,29.200000762939453,29.850000381469727,28.6299991607666,29.799999237060547,20.427305221557617,6040600
2015-12-17,30.0,30.8700008392334,29.979999542236328,30.56999969482422,20.95513153076172,7287400
2015-12-18,30.360000610351562,30.420000076293945,29.34000015258789,29.600000381469727,20.290205001831055,9241100
2015-12-21,29.959999084472656,30.6200008392334,29.8700008392334,30.110000610351562,20.639802932739258,5027600
2015-12-22,30.18000030517578,30.270000457763672,29.639999389648438,30.079999923706055,20.619243621826172,6348800
2015-12-23,30.229999542236328,30.860000610351562,30.020000457763672,30.860000610351562,21.153919219970703,3259800
2015-12-24,30.700000762939453,30.920000076293945,30.440000534057617,30.670000076293945,21.023679733276367,1605700
2015-12-28,30.520000457763672,30.6299991607666,30.1200008392334,30.40999984741211,20.84545135498047,2755600
2015-12-29,30.530000686645508,30.6200008392334,29.5,30.170000076293945,20.680936813354492,5345500
2015-12-30,30.0,30.190000534057617,29.559999465942383,29.709999084472656,20.36561393737793,3793900
2015-12-31,29.350000381469727,29.600000381469727,28.950000762939453,29.239999771118164,20.04343605041504,5601200
2016-01-04,28.6299991607666,29.149999618530273,28.270000457763672,28.950000762939453,19.844648361206055,6938500
2016-01-05,29.040000915527344,29.049999237060547,27.920000076293945,28.139999389648438,19.289413452148438,6048200
2016-01-06,27.520000457763672,27.530000686645508,26.950000762939453,27.290000915527344,18.706748962402344,7954000
2016-01-07,26.68000030517578,27.110000610351562,26.31999969482422,26.3799991607666,18.082963943481445,7027400
2016-01-08,26.610000610351562,26.809999465942383,25.459999084472656,25.5,17.47974395751953,6510600
2016-01-11,25.889999389648438,25.93000030517578,24.40999984741211,24.649999618530273,16.897085189819336,10717500
2016-01-12,24.979999542236328,25.3700008392334,24.520000457763672,25.170000076293945,17.25353240966797,7051000
2016-01-13,25.389999389648438,25.860000610351562,24.209999084472656,24.450000762939453,16.759986877441406,6789100
2016-01-14,24.5,25.860000610351562,23.270000457763672,25.639999389648438,17.575708389282227,9436900
2016-01-15,24.399999618530273,24.940000534057617,23.850000381469727,24.559999465942383,16.835391998291016,10831400
2016-01-19,24.8799991607666,25.1299991607666,23.520000457763672,24.010000228881836,16.458375930786133,6339200
2016-01-20,23.030000686645508,24.209999084472656,22.309999465942383,23.75,16.2801513671875,9144100
2016-01-21,23.950000762939453,25.040000915527344,23.920000076293945,24.15999984741211,16.561199188232422,6641600
2016-01-22,25.059999465942383,26.219999313354492,25.010000228881836,26.209999084472656,17.966432571411133,7988700
2016-01-25,26.030000686645508,26.049999237060547,25.0,25.030000686645508,17.15756607055664,5634800
2016-01-26,25.040000915527344,26.559999465942383,24.93000030517578,26.290000915527344,18.02127456665039,7426800
2016-01-27,26.25,26.459999084472656,24.979999542236328,25.600000381469727,17.548295974731445,4930900
2016-01-28,25.06999969482422,25.860000610351562,24.06999969482422,25.1200008392334,17.21926498413086,7779900
2016-01-29,25.270000457763672,26.489999771118164,25.25,26.270000457763672,18.007564544677734,7165800
2016-02-01,26.200000762939453,27.6200008392334,25.600000381469727,27.3700008392334,18.761594772338867,8013300
2016-02-02,26.889999389648438,27.25,26.059999465942383,26.3799991607666,18.082963943481445,8963500
2016-02-03,26.6200008392334,27.0,24.93000030517578,26.469999313354492,18.14466094970703,8325400
2016-02-04,25.860000610351562,27.329999923706055,25.729999542236328,26.350000381469727,18.488468170166016,7624700
2016-02-05,26.239999771118164,27.18000030517578,26.079999923706055,26.469999313354492,18.572660446166992,5875900
2016-02-08,25.690000534057617,25.739999771118164,23.709999084472656,24.440000534057617,17.148319244384766,10853200
2016-02-09,23.719999313354492,25.1200008392334,23.600000381469727,24.459999084472656,17.16234588623047,4999600
2016-02-10,24.920000076293945,25.350000381469727,24.5,24.5,17.190418243408203,5785000
2016-02-11,23.549999237060547,24.540000915527344,22.610000610351562,23.020000457763672,16.151975631713867,10453400
2016-02-12,23.559999465942383,24.68000030517578,22.670000076293945,24.6299991607666,17.281627655029297,9964300
2016-02-16,25.530000686645508,25.969999313354492,24.489999771118164,25.969999313354492,18.221839904785156,6816100
2016-02-17,26.270000457763672,26.969999313354492,25.969999313354492,26.6299991607666,18.68492317199707,7137900
2016-02-18,26.889999389648438,26.889999389648438,26.15999984741211,26.469999313354492,18.572660446166992,4300100
2016-02-19,26.079999923706055,26.309999465942383,25.610000610351562,25.8700008392334,18.151676177978516,4455000
2016-02-22,26.3700008392334,26.989999771118164,26.260000228881836,26.670000076293945,18.71299171447754,5095900
2016-02-23,26.5,26.700000762939453,25.299999237060547,25.739999771118164,18.060461044311523,4477000
2016-02-24,25.260000228881836,25.889999389648438,24.670000076293945,25.729999542236328,18.05344581604004,4549500
2016-02-25,25.770000457763672,25.93000030517578,25.049999237060547,25.479999542236328,17.878028869628906,6390200
2016-02-26,25.75,26.31999969482422,25.579999923706055,25.610000610351562,17.9692440032959,5243900
2016-02-29,25.600000381469727,26.299999237060547,25.239999771118164,25.969999313354492,18.221839904785156,5019000
2016-03-01,26.440000534057617,27.75,26.399999618530273,27.049999237060547,18.979625701904297,7079300
2016-03-02,27.209999084472656,28.200000762939453,26.670000076293945,28.079999923706055,19.702316284179688,6649800
2016-03-03,28.010000228881836,28.59000015258789,27.520000457763672,28.540000915527344,20.02507781982422,5779400
2016-03-04,28.700000762939453,29.34000015258789,28.389999389648438,29.06999969482422,20.396953582763672,6582400
2016-03-07,28.700000762939453,29.190000534057617,28.420000076293945,29.059999465942383,20.389938354492188,4795500
2016-03-08,28.790000915527344,28.989999771118164,28.079999923706055,28.25,19.821598052978516,6398600
2016-03-09,28.450000762939453,28.700000762939453,27.420000076293945,27.6200008392334,19.37956428527832,5965900
2016-03-10,27.850000381469727,27.93000030517578,26.75,27.3700008392334,19.204151153564453,4882100
2016-03-11,27.850000381469727,27.889999389648438,27.149999618530273,27.520000457763672,19.309396743774414,5349800
2016-03-14,27.6200008392334,27.68000030517578,27.139999389648438,27.309999465942383,19.16205406188965,3919500
2016-03-15,27.100000381469727,27.15999984741211,26.440000534057617,27.079999923706055,19.000667572021484,3156500
2016-03-16,27.010000228881836,28.09000015258789,26.940000534057617,27.770000457763672,19.48480987548828,4040400
2016-03-17,27.770000457763672,28.649999618530273,27.549999237060547,28.18000030517578,19.772485733032227,4932600
2016-03-18,28.43000030517578,28.670000076293945,27.780000686645508,27.989999771118164,19.639171600341797,4246600
2016-03-21,27.829999923706055,28.18000030517578,27.549999237060547,28.020000457763672,19.66022491455078,4398700
2016-03-22,27.729999542236328,27.989999771118164,27.559999465942383,27.799999237060547,19.505859375,2705700
2016-03-23,27.709999084472656,27.8799991607666,26.829999923706055,26.959999084472656,18.916475296020508,4105100
2016-03-24,26.600000381469727,26.6200008392334,25.93000030517578,26.450000762939453,18.558626174926758,4480500
2016-03-28,26.549999237060547,26.59000015258789,26.170000076293945,26.309999465942383,18.46040153503418,3484300
2016-03-29,26.200000762939453,27.670000076293945,25.989999771118164,27.579999923706055,19.351497650146484,5602200
2016-03-30,27.940000534057617,28.190000534057617,27.690000534057617,27.940000534057617,19.604087829589844,3889500
2016-03-31,27.809999465942383,28.219999313354492,27.790000915527344,28.049999237060547,19.681270599365234,2152900
2016-04-01,27.799999237060547,28.219999313354492,27.43000030517578,28.1299991607666,19.73740577697754,3155500
2016-04-04,28.110000610351562,28.170000076293945,27.31999969482422,27.399999618530273,19.225200653076172,4971600
2016-04-05,27.1200008392334,27.5,26.780000686645508,27.34000015258789,19.183095932006836,2557600
2016-04-06,27.399999618530273,27.690000534057617,27.010000228881836,27.59000015258789,19.358510971069336,2594200
2016-04-07,27.399999618530273,27.729999542236328,26.860000610351562,26.899999618530273,18.874372482299805,3760800
2016-04-08,27.219999313354492,27.34000015258789,26.43000030517578,26.670000076293945,18.71299171447754,4457000
2016-04-11,26.770000457763672,27.030000686645508,26.530000686645508,26.530000686645508,18.61476707458496,3237400
2016-04-12,26.670000076293945,27.399999618530273,26.31999969482422,27.170000076293945,19.063819885253906,3626300
2016-04-13,27.440000534057617,28.670000076293945,27.420000076293945,28.59000015258789,20.06015968322754,5402800
2016-04-14,28.559999465942383,29.049999237060547,28.229999542236328,29.010000228881836,20.3548583984375,4957700
2016-04-15,28.920000076293945,29.360000610351562,28.6299991607666,28.780000686645508,20.193479537963867,2841900
2016-04-18,28.719999313354492,29.25,28.639999389648438,29.030000686645508,20.3688907623291,3284900
2016-04-19,29.209999084472656,29.510000228881836,29.09000015258789,29.389999389648438,20.621475219726562,3840100
2016-04-20,29.440000534057617,29.600000381469727,29.09000015258789,29.440000534057617,20.65656280517578,3851600
2016-04-21,29.350000381469727,29.459999084472656,28.100000381469727,28.229999542236328,19.807567596435547,5952300
2016-04-22,27.950000762939453,28.850000381469727,27.899999618530273,28.450000762939453,19.961933135986328,2977200
2016-04-25,28.399999618530273,28.440000534057617,28.040000915527344,28.290000915527344,19.849668502807617,2404700
2016-04-26,28.399999618530273,28.93000030517578,28.3799991607666,28.670000076293945,20.116294860839844,3117900
2016-04-27,28.799999237060547,29.020000457763672,28.540000915527344,28.84000015258789,20.23557472229004,3131900
2016-04-28,28.3700008392334,28.600000381469727,27.670000076293945,27.780000686645508,19.682924270629883,3509000
2016-04-29,27.739999771118164,27.760000228881836,27.049999237060547,27.440000534057617,19.44202423095703,3367600
2016-05-02,27.489999771118164,27.8799991607666,27.450000762939453,27.639999389648438,19.583728790283203,2419100
2016-05-03,27.31999969482422,27.34000015258789,26.520000457763672,27.040000915527344,19.15860939025879,4131900
2016-05-04,26.899999618530273,27.06999969482422,26.329999923706055,26.59000015258789,18.83976936340332,3341700
2016-05-05,26.760000228881836,26.979999542236328,26.3799991607666,26.760000228881836,18.960222244262695,2637500
2016-05-06,26.5,26.920000076293945,26.440000534057617,26.68000030517578,18.903545379638672,1982400
2016-05-09,26.850000381469727,26.8700008392334,26.309999465942383,26.780000686645508,18.974395751953125,3315100
2016-05-10,26.950000762939453,27.299999237060547,26.760000228881836,26.950000762939453,19.094846725463867,2392900
2016-05-11,26.739999771118164,26.979999542236328,26.610000610351562,26.780000686645508,18.974395751953125,2266400
2016-05-12,26.899999618530273,26.979999542236328,25.889999389648438,26.350000381469727,18.66972541809082,4291600
2016-05-13,26.1200008392334,26.459999084472656,25.610000610351562,25.799999237060547,18.28003692626953,3058400
2016-05-16,25.809999465942383,26.190000534057617,25.799999237060547,25.93000030517578,18.372140884399414,3786900
2016-05-17,25.829999923706055,26.299999237060547,25.670000076293945,26.059999465942383,18.464248657226562,2387100
2016-05-18,26.0,26.31999969482422,25.260000228881836,25.290000915527344,17.918682098388672,8437800
2016-05-19,25.219999313354492,25.219999313354492,24.209999084472656,24.790000915527344,17.564422607421875,7150700
2016-05-20,24.889999389648438,25.719999313354492,24.75,25.450000762939453,18.03205108642578,12141400
2016-05-23,25.459999084472656,25.540000915527344,25.139999389648438,25.229999542236328,17.87617301940918,2779800
2016-05-24,25.459999084472656,26.299999237060547,25.329999923706055,26.18000030517578,18.54927635192871,4187000
2016-05-25,26.360000610351562,27.290000915527344,26.290000915527344,26.709999084472656,18.924793243408203,4793900
2016-05-26,26.709999084472656,26.850000381469727,26.3700008392334,26.5,18.776002883911133,1687000
2016-05-27,26.530000686645508,27.239999771118164,26.489999771118164,26.790000915527344,18.981483459472656,3409200
2016-05-31,26.850000381469727,27.0,25.93000030517578,26.190000534057617,18.556364059448242,5216000
2016-06-01,25.950000762939453,26.510000228881836,25.719999313354492,26.260000228881836,18.605958938598633,2759300
2016-06-02,26.110000610351562,26.31999969482422,25.969999313354492,26.280000686645508,18.620128631591797,2439400
2016-06-03,26.030000686645508,26.1200008392334,25.649999618530273,26.09000015258789,18.48551368713379,2555400
2016-06-06,26.139999389648438,26.729999542236328,26.079999923706055,26.700000762939453,18.917709350585938,3331300
2016-06-07,26.719999313354492,27.0,26.649999618530273,26.719999313354492,18.9318790435791,4862700
2016-06-08,26.75,27.1200008392334,26.700000762939453,26.920000076293945,19.07358741760254,2982000
2016-06-09,26.850000381469727,26.889999389648438,26.450000762939453,26.5,18.776002883911133,2077100
2016-06-10,26.139999389648438,26.200000762939453,25.850000381469727,26.06999969482422,18.471345901489258,4627500
2016-06-13,25.81999969482422,26.139999389648438,25.739999771118164,25.739999771118164,18.237524032592773,2798600
2016-06-14,25.690000534057617,25.780000686645508,24.84000015258789,25.049999237060547,17.74863624572754,4348400
2016-06-15,25.229999542236328,25.399999618530273,24.899999618530273,25.200000762939453,17.854917526245117,4752500
2016-06-16,24.979999542236328,25.09000015258789,24.459999084472656,24.920000076293945,17.656530380249023,3300500
2016-06-17,24.950000762939453,25.190000534057617,24.56999969482422,24.90999984741211,17.649444580078125,3321300
2016-06-20,25.3700008392334,25.93000030517578,25.34000015258789,25.489999771118164,18.060386657714844,4706800
2016-06-21,25.68000030517578,25.860000610351562,25.280000686645508,25.31999969482422,17.939945220947266,4050700
2016-06-22,25.329999923706055,25.600000381469727,25.06999969482422,25.170000076293945,17.833662033081055,2334900
2016-06-23,25.43000030517578,25.889999389648438,25.329999923706055,25.8799991607666,18.336715698242188,5054300
2016-06-24,24.440000534057617,25.489999771118164,24.350000381469727,24.469999313354492,17.337692260742188,7158400
2016-06-27,24.030000686645508,24.079999923706055,23.260000228881836,23.31999969482422,16.522890090942383,6585100
2016-06-28,23.979999542236328,24.260000228881836,23.520000457763672,23.860000610351562,16.905488967895508,5615500
2016-06-29,24.010000228881836,24.75,23.850000381469727,24.75,17.53607940673828,4295400
2016-06-30,24.899999618530273,24.969999313354492,24.350000381469727,24.540000915527344,17.387290954589844,3411300
2016-07-01,24.450000762939453,24.829999923706055,24.350000381469727,24.5,17.35895347595215,2811300
2016-07-05,24.280000686645508,24.280000686645508,23.25,23.25,16.47328758239746,7263000
2016-07-06,23.010000228881836,23.06999969482422,22.450000762939453,22.959999084472656,16.267812728881836,13704700
2016-07-07,23.200000762939453,23.549999237060547,23.049999237060547,23.40999984741211,16.58664894104004,6718900
2016-07-08,23.639999389648438,24.1200008392334,23.5,24.0,17.004688262939453,5146100
2016-07-11,24.1200008392334,24.510000228881836,24.020000457763672,24.100000381469727,17.075538635253906,4460400
2016-07-12,24.3700008392334,24.90999984741211,24.200000762939453,24.56999969482422,17.408544540405273,7021400
2016-07-13,24.600000381469727,25.0,24.170000076293945,24.799999237060547,17.571502685546875,4596700
2016-07-14,25.049999237060547,25.309999465942383,24.93000030517578,25.06999969482422,17.762807846069336,3571000
2016-07-15,25.200000762939453,25.239999771118164,24.940000534057617,25.0,17.713212966918945,3062700
2016-07-18,25.0,25.239999771118164,24.959999084472656,25.1299991607666,17.805326461791992,4415600
2016-07-19,25.030000686645508,25.329999923706055,24.969999313354492,25.299999237060547,17.925769805908203,2371700
2016-07-20,25.299999237060547,26.030000686645508,25.010000228881836,25.84000015258789,18.30837631225586,5304800
2016-07-21,26.09000015258789,26.989999771118164,26.040000915527344,26.829999923706055,19.00981903076172,7130700
2016-07-22,26.850000381469727,27.520000457763672,26.81999969482422,27.420000076293945,19.4278507232666,5742900
2016-07-25,27.469999313354492,28.280000686645508,27.450000762939453,27.68000030517578,19.61206817626953,6130000
2016-07-26,27.700000762939453,27.84000015258789,27.489999771118164,27.670000076293945,19.6049861907959,4886000
2016-07-27,27.690000534057617,28.020000457763672,27.299999237060547,27.5,19.48453712463379,6077700
2016-07-28,27.139999389648438,27.209999084472656,26.81999969482422,26.989999771118164,19.376842498779297,3890300
2016-07-29,26.8799991607666,27.030000686645508,26.68000030517578,26.84000015258789,19.269155502319336,2166000
2016-08-01,26.799999237060547,26.899999618530273,26.40999984741211,26.469999313354492,19.003522872924805,5022000
2016-08-02,26.329999923706055,26.450000762939453,25.84000015258789,25.950000762939453,18.63020133972168,4885200
2016-08-03,25.950000762939453,26.709999084472656,25.93000030517578,26.65999984741211,19.139930725097656,5817300
2016-08-04,26.690000534057617,26.860000610351562,26.3799991607666,26.6299991607666,19.118389129638672,3929500
2016-08-05,26.809999465942383,27.290000915527344,26.770000457763672,27.190000534057617,19.52043342590332,4200700
2016-08-08,27.459999084472656,27.68000030517578,27.260000228881836,27.6299991607666,19.83631706237793,3694900
2016-08-09,27.719999313354492,28.149999618530273,27.65999984741211,27.889999389648438,20.022979736328125,5918500
2016-08-10,27.850000381469727,28.06999969482422,27.65999984741211,27.829999923706055,19.97990608215332,2506200
2016-08-11,27.950000762939453,28.229999542236328,27.8799991607666,27.899999618530273,20.030160903930664,2049100
2016-08-12,27.780000686645508,27.899999618530273,27.579999923706055,27.600000381469727,19.814783096313477,2935000
2016-08-15,27.6200008392334,28.06999969482422,27.600000381469727,27.940000534057617,20.058874130249023,2026600
2016-08-16,27.899999618530273,27.940000534057617,27.719999313354492,27.8700008392334,20.008617401123047,1513000
2016-08-17,27.799999237060547,28.100000381469727,27.700000762939453,27.889999389648438,20.022979736328125,2235500
2016-08-18,27.889999389648438,28.399999618530273,27.889999389648438,28.31999969482422,20.331689834594727,3507300
2016-08-19,28.219999313354492,28.360000610351562,28.059999465942383,28.190000534057617,20.238357543945312,1756400
2016-08-22,28.079999923706055,28.239999771118164,27.889999389648438,28.200000762939453,20.24553871154785,1919300
2016-08-23,28.360000610351562,28.510000228881836,28.190000534057617,28.229999542236328,20.267072677612305,2845200
2016-08-24,28.15999984741211,28.25,28.020000457763672,28.15999984741211,20.21681785583496,2006000
2016-08-25,28.0,28.229999542236328,27.770000457763672,27.81999969482422,19.97272491455078,1862100
2016-08-26,27.829999923706055,27.969999313354492,27.100000381469727,27.440000534057617,19.699913024902344,4042800
2016-08-29,27.5,27.809999465942383,27.3700008392334,27.600000381469727,19.814783096313477,2509800
2016-08-30,27.65999984741211,27.690000534057617,27.450000762939453,27.579999923706055,19.800426483154297,1427200
2016-08-31,27.670000076293945,27.670000076293945,27.170000076293945,27.420000076293945,19.685550689697266,1544900
2016-09-01,27.59000015258789,27.59000015258789,26.65999984741211,26.93000030517578,19.33376693725586,3836900
2016-09-02,26.979999542236328,27.239999771118164,26.75,26.8799991607666,19.297874450683594,3513200
2016-09-06,26.950000762939453,26.989999771118164,26.469999313354492,26.700000762939453,19.16864585876465,2288600
2016-09-07,26.799999237060547,26.799999237060547,26.389999389648438,26.6200008392334,19.11121368408203,2542300
2016-09-08,26.559999465942383,27.0,26.549999237060547,26.790000915527344,19.233261108398438,1853600
2016-09-09,26.6299991607666,26.649999618530273,25.920000076293945,26.170000076293945,18.788148880004883,4552000
2016-09-12,25.90999984741211,26.450000762939453,25.3799991607666,26.31999969482422,18.89583396911621,4037900
2016-09-13,26.06999969482422,26.110000610351562,25.510000228881836,25.780000686645508,18.508155822753906,4865600
2016-09-14,25.690000534057617,25.739999771118164,25.299999237060547,25.59000015258789,18.371747970581055,3069200
2016-09-15,25.59000015258789,26.020000457763672,25.450000762939453,25.790000915527344,18.51534080505371,2852700
2016-09-16,25.780000686645508,25.780000686645508,25.459999084472656,25.760000228881836,18.49379539489746,2079800
2016-09-19,25.799999237060547,26.09000015258789,25.719999313354492,25.829999923706055,18.544052124023438,2000600
2016-09-20,26.020000457763672,26.149999618530273,25.709999084472656,25.959999084472656,18.63737678527832,2293900
2016-09-21,26.0,26.420000076293945,25.90999984741211,26.350000381469727,18.91737174987793,2577100
2016-09-22,26.5,26.610000610351562,25.959999084472656,26.049999237060547,18.70199203491211,4356500
2016-09-23,26.0,26.1200008392334,25.760000228881836,25.829999923706055,18.544052124023438,3470000
2016-09-26,25.59000015258789,25.639999389648438,25.260000228881836,25.459999084472656,18.278409957885742,3149200
2016-09-27,25.350000381469727,25.440000534057617,24.920000076293945,25.0,17.94817352294922,5416800
2016-09-28,25.100000381469727,25.18000030517578,24.860000610351562,25.1200008392334,18.034326553344727,3493500
2016-09-29,25.06999969482422,25.520000457763672,24.889999389648438,25.059999465942383,17.99124526977539,4169800
2016-09-30,25.260000228881836,25.700000762939453,25.049999237060547,25.530000686645508,18.328670501708984,5698500
2016-10-03,25.43000030517578,25.729999542236328,25.049999237060547,25.190000534057617,18.084577560424805,2580300
2016-10-04,25.290000915527344,25.360000610351562,24.8799991607666,25.09000015258789,18.012786865234375,3674100
2016-10-05,25.25,25.360000610351562,24.979999542236328,25.139999389648438,18.04867935180664,4127900
2016-10-06,25.1299991607666,25.139999389648438,24.649999618530273,24.790000915527344,17.797409057617188,3163100
2016-10-07,24.790000915527344,24.790000915527344,24.459999084472656,24.68000030517578,17.71843910217285,2548200
2016-10-10,24.790000915527344,24.8799991607666,24.520000457763672,24.65999984741211,17.704076766967773,2064700
2016-10-11,24.6200008392334,24.649999618530273,24.020000457763672,24.299999237060547,17.44562530517578,4147300
2016-10-12,24.31999969482422,24.399999618530273,24.020000457763672,24.15999984741211,17.345111846923828,3651100
2016-10-13,24.0,24.020000457763672,23.739999771118164,23.84000015258789,17.115371704101562,5397600
2016-10-14,23.959999084472656,24.190000534057617,23.639999389648438,23.68000030517578,17.00050926208496,3911900
2016-10-17,23.729999542236328,23.729999542236328,23.34000015258789,23.520000457763672,16.885644912719727,3626800
2016-10-18,23.799999237060547,23.799999237060547,23.3799991607666,23.610000610351562,16.950252532958984,3569100
2016-10-19,23.75,24.049999237060547,23.610000610351562,23.709999084472656,17.022045135498047,4980100
2016-10-20,23.75,23.780000686645508,23.469999313354492,23.6200008392334,16.95743179321289,2957100
2016-10-21,23.530000686645508,24.110000610351562,23.40999984741211,24.06999969482422,17.280500411987305,4458200
2016-10-24,24.540000915527344,25.049999237060547,24.40999984741211,24.790000915527344,17.797409057617188,4905500
2016-10-25,24.799999237060547,25.25,24.700000762939453,25.040000915527344,17.976884841918945,4284500
2016-10-26,25.100000381469727,25.459999084472656,24.940000534057617,25.3799991607666,18.220985412597656,5456900
2016-10-27,26.0,26.299999237060547,25.15999984741211,25.34000015258789,18.19226837158203,6865500
2016-10-28,25.479999542236328,25.93000030517578,25.350000381469727,25.5,18.3071346282959,3880500
2016-10-31,25.549999237060547,25.780000686645508,25.020000457763672,25.030000686645508,17.969711303710938,2671700
2016-11-01,25.149999618530273,25.649999618530273,24.799999237060547,24.920000076293945,17.890735626220703,3303300
2016-11-02,24.799999237060547,24.8700008392334,24.329999923706055,24.360000610351562,17.488698959350586,4040700
2016-11-03,24.010000228881836,24.170000076293945,23.700000762939453,23.84000015258789,17.40837287902832,3472200
2016-11-04,23.700000762939453,24.100000381469727,23.510000228881836,23.540000915527344,17.189311981201172,3129500
2016-11-07,24.0,24.209999084472656,23.670000076293945,23.860000610351562,17.422977447509766,3750400
2016-11-08,23.84000015258789,24.079999923706055,23.520000457763672,24.040000915527344,17.554418563842773,3875500
2016-11-09,23.979999542236328,24.079999923706055,23.329999923706055,23.690000534057617,17.298843383789062,9296800
2016-11-10,23.989999771118164,24.639999389648438,23.719999313354492,24.530000686645508,17.9122257232666,9968300
2016-11-11,24.59000015258789,24.65999984741211,24.100000381469727,24.200000762939453,17.671253204345703,7100900
2016-11-14,24.5,25.309999465942383,24.450000762939453,25.270000457763672,18.452579498291016,7727600
2016-11-15,25.40999984741211,26.0,25.200000762939453,25.899999618530273,18.91262435913086,6076300
2016-11-16,25.809999465942383,25.969999313354492,25.299999237060547,25.559999465942383,18.66434669494629,4338900
2016-11-17,25.579999923706055,26.1200008392334,25.43000030517578,25.899999618530273,18.91262435913086,3679900
2016-11-18,26.0,26.610000610351562,25.809999465942383,26.600000381469727,19.423776626586914,5052400
2016-11-21,26.75,26.8700008392334,26.110000610351562,26.350000381469727,19.241214752197266,5213700
2016-11-22,26.459999084472656,26.6299991607666,26.34000015258789,26.489999771118164,19.343448638916016,3173800
2016-11-23,26.290000915527344,26.5,25.950000762939453,26.030000686645508,19.007551193237305,4305900
2016-11-25,26.049999237060547,26.65999984741211,26.0,26.549999237060547,19.38726043701172,1970400
2016-11-28,26.389999389648438,26.540000915527344,25.760000228881836,25.809999465942383,18.84690284729004,4329000
2016-11-29,25.84000015258789,26.170000076293945,25.68000030517578,25.989999771118164,18.97834014892578,2580100
2016-11-30,26.200000762939453,26.479999542236328,25.709999084472656,25.739999771118164,18.7957820892334,3374600
2016-12-01,25.969999313354492,26.389999389648438,25.700000762939453,26.149999618530273,19.095172882080078,4824500
2016-12-02,26.030000686645508,26.1299991607666,25.56999969482422,25.860000610351562,18.883411407470703,3432500
2016-12-05,25.950000762939453,26.5,25.81999969482422,26.399999618530273,19.277727127075195,2995600
2016-12-06,26.610000610351562,26.639999389648438,26.200000762939453,26.549999237060547,19.38726043701172,3837200
2016-12-07,26.6299991607666,28.75,26.600000381469727,28.56999969482422,20.862295150756836,13422700
2016-12-08,28.65999984741211,29.950000762939453,28.540000915527344,29.809999465942383,21.767772674560547,11927500
2016-12-09,29.799999237060547,30.25,29.479999542236328,29.520000457763672,21.556011199951172,12007700
2016-12-12,29.5,29.5,28.549999237060547,29.290000915527344,21.3880558013916,6305800
2016-12-13,29.3799991607666,29.549999237060547,29.010000228881836,29.329999923706055,21.417266845703125,3748700
2016-12-14,29.1299991607666,29.670000076293945,28.950000762939453,29.100000381469727,21.249317169189453,3612700
2016-12-15,29.100000381469727,29.68000030517578,29.049999237060547,29.229999542236328,21.344247817993164,4853900
2016-12-16,29.610000610351562,29.700000762939453,28.920000076293945,28.969999313354492,21.154382705688477,21434400
2016-12-19,28.920000076293945,29.1299991607666,28.75,29.079999923706055,21.234710693359375,3401900
2016-12-20,29.079999923706055,29.440000534057617,28.770000457763672,28.90999984741211,21.110572814941406,4298400
2016-12-21,28.760000228881836,28.860000610351562,28.3799991607666,28.5,20.811182022094727,3245400
2016-12-22,28.40999984741211,28.479999542236328,27.920000076293945,27.989999771118164,20.43877410888672,4272600
2016-12-23,27.950000762939453,28.219999313354492,27.719999313354492,28.139999389648438,20.548309326171875,2733100
2016-12-27,28.15999984741211,28.209999084472656,27.700000762939453,27.739999771118164,20.2562198638916,3851900
2016-12-28,27.739999771118164,27.8700008392334,27.270000457763672,27.329999923706055,19.956829071044922,3863400
2016-12-29,27.31999969482422,27.56999969482422,26.940000534057617,27.149999618530273,19.825395584106445,4335000
2016-12-30,27.1299991607666,27.149999618530273,26.649999618530273,27.030000686645508,19.737764358520508,5342800
2017-01-03,27.5,28.219999313354492,27.350000381469727,28.1200008392334,20.533702850341797,8002100
2017-01-04,28.5,30.479999542236328,28.5,29.799999237060547,21.760465621948242,14730100
2017-01-05,29.850000381469727,30.6299991607666,29.700000762939453,30.420000076293945,22.213199615478516,7738700
2017-01-06,30.700000762939453,30.90999984741211,30.209999084472656,30.510000228881836,22.278921127319336,6141000
2017-01-09,30.739999771118164,31.15999984741211,30.170000076293945,30.469999313354492,22.249711990356445,5750100
2017-01-10,30.459999084472656,30.489999771118164,29.899999618530273,30.06999969482422,21.957626342773438,5295900
2017-01-11,29.899999618530273,30.299999237060547,29.899999618530273,30.209999084472656,22.059860229492188,3799900
2017-01-12,30.18000030517578,30.239999771118164,29.899999618530273,30.200000762939453,22.052553176879883,3231900
2017-01-13,30.200000762939453,30.479999542236328,30.09000015258789,30.09000015258789,21.97222900390625,3524900
2017-01-17,30.170000076293945,30.200000762939453,29.389999389648438,29.670000076293945,21.665536880493164,3932900
2017-01-18,29.579999923706055,29.670000076293945,29.149999618530273,29.579999923706055,21.59981918334961,2745600
2017-01-19,29.559999465942383,29.6299991607666,28.979999542236328,29.309999465942383,21.402660369873047,4032300
2017-01-20,29.540000915527344,29.600000381469727,29.200000762939453,29.579999923706055,21.59981918334961,3715900
2017-01-23,29.649999618530273,29.84000015258789,29.5,29.56999969482422,21.59251594543457,3206000
2017-01-24,29.559999465942383,30.510000228881836,29.469999313354492,30.309999465942383,22.13288116455078,5439600
2017-01-25,30.399999618530273,30.649999618530273,30.049999237060547,30.6200008392334,22.359243392944336,7151900
2017-01-26,31.049999237060547,31.5,30.860000610351562,31.209999084472656,22.79007339477539,6669700
2017-01-27,31.3799991607666,31.420000076293945,31.1299991607666,31.299999237060547,22.855789184570312,4833000
2017-01-30,31.1200008392334,31.299999237060547,30.610000610351562,31.020000457763672,22.651330947875977,3739300
2017-01-31,30.84000015258789,30.979999542236328,30.239999771118164,30.6299991607666,22.366546630859375,3623900
2017-02-01,31.030000686645508,31.690000534057617,31.010000228881836,31.15999984741211,22.75356101989746,7004700
2017-02-02,30.799999237060547,30.829999923706055,30.260000228881836,30.790000915527344,22.82770347595215,3850100
2017-02-03,31.15999984741211,31.329999923706055,30.540000915527344,30.739999771118164,22.790632247924805,3943600
2017-02-06,30.600000381469727,30.799999237060547,30.520000457763672,30.6200008392334,22.7016658782959,3998000
2017-02-07,30.68000030517578,30.90999984741211,30.360000610351562,30.549999237060547,22.649768829345703,3659800
2017-02-08,30.360000610351562,30.829999923706055,30.170000076293945,30.530000686645508,22.634933471679688,3736200
2017-02-09,30.530000686645508,30.530000686645508,29.829999923706055,30.170000076293945,22.3680362701416,5034200
2017-02-10,30.190000534057617,30.43000030517578,30.020000457763672,30.350000381469727,22.501487731933594,3262300
2017-02-13,30.579999923706055,30.690000534057617,30.280000686645508,30.450000762939453,22.57562828063965,3104600
2017-02-14,30.520000457763672,30.68000030517578,30.3700008392334,30.450000762939453,22.57562828063965,3776100
2017-02-15,30.729999542236328,31.059999465942383,30.5,30.940000534057617,22.93890953063965,4679700
2017-02-16,30.84000015258789,31.149999618530273,30.34000015258789,30.399999618530273,22.538555145263672,7116100
2017-02-17,30.299999237060547,30.329999923706055,30.020000457763672,30.219999313354492,22.40510368347168,3917400
2017-02-21,30.3700008392334,30.600000381469727,30.299999237060547,30.549999237060547,22.649768829345703,5324800
2017-02-22,30.479999542236328,30.59000015258789,30.219999313354492,30.31999969482422,22.479246139526367,2156100
2017-02-23,30.420000076293945,30.440000534057617,29.549999237060547,29.829999923706055,22.11595916748047,4788000
2017-02-24,29.56999969482422,29.639999389648438,29.190000534057617,29.540000915527344,21.900955200195312,4377500
2017-02-27,29.43000030517578,29.899999618530273,29.139999389648438,29.790000915527344,22.086307525634766,3842200
2017-02-28,29.719999313354492,29.899999618530273,29.280000686645508,29.540000915527344,21.900955200195312,3063000
2017-03-01,29.989999771118164,30.1299991607666,29.809999465942383,30.0,22.24199104309082,4165100
2017-03-02,29.90999984741211,30.06999969482422,29.68000030517578,29.68000030517578,22.004749298095703,2404800
2017-03-03,29.6200008392334,29.829999923706055,29.360000610351562,29.65999984741211,21.98992156982422,4002100
2017-03-06,29.65999984741211,29.75,29.450000762939453,29.520000457763672,21.886123657226562,1922100
2017-03-07,29.5,29.5,29.1299991607666,29.389999389648438,21.789735794067383,2424500
2017-03-08,29.610000610351562,29.610000610351562,29.010000228881836,29.100000381469727,21.574737548828125,3002500
2017-03-09,29.100000381469727,29.270000457763672,28.450000762939453,28.6200008392334,21.2188663482666,6262900
2017-03-10,28.780000686645508,29.049999237060547,28.719999313354492,28.940000534057617,21.456113815307617,2935400
2017-03-13,30.06999969482422,30.579999923706055,29.829999923706055,30.350000381469727,22.501487731933594,12509400
2017-03-14,30.31999969482422,30.420000076293945,30.0,30.239999771118164,22.4199275970459,3887700
2017-03-15,30.489999771118164,30.75,30.360000610351562,30.510000228881836,22.62010955810547,5388000
2017-03-16,30.8799991607666,30.90999984741211,30.360000610351562,30.600000381469727,22.686838150024414,4301500
2017-03-17,30.649999618530273,30.829999923706055,30.59000015258789,30.59000015258789,22.67942237854004,3205000
2017-03-20,30.65999984741211,30.739999771118164,30.459999084472656,30.530000686645508,22.634933471679688,2847400
2017-03-21,30.739999771118164,30.739999771118164,29.81999969482422,30.010000228881836,22.24941062927246,5859400
2017-03-22,29.8700008392334,30.18000030517578,29.5,29.979999542236328,22.227170944213867,4460600
2017-03-23,29.899999618530273,30.219999313354492,29.670000076293945,29.889999389648438,22.160442352294922,3084400
2017-03-24,29.889999389648438,30.059999465942383,29.510000228881836,29.68000030517578,22.004749298095703,2615000
2017-03-27,29.450000762939453,29.600000381469727,29.190000534057617,29.59000015258789,21.938020706176758,4091500
2017-03-28,29.56999969482422,29.850000381469727,29.5,29.6200008392334,21.960264205932617,2947500
2017-03-29,29.68000030517578,29.68000030517578,29.1200008392334,29.309999465942383,21.73043441772461,6175300
2017-03-30,29.5,29.780000686645508,29.450000762939453,29.690000534057617,22.012163162231445,3781700
2017-03-31,29.729999542236328,29.799999237060547,29.610000610351562,29.700000762939453,22.01957130432129,3019200
2017-04-03,29.700000762939453,29.780000686645508,29.18000030517578,29.540000915527344,21.900955200195312,4031800
2017-04-04,29.399999618530273,29.690000534057617,29.299999237060547,29.639999389648438,21.9750919342041,1877600
2017-04-05,29.8799991607666,29.989999771118164,29.440000534057617,29.469999313354492,21.84905242919922,3218100
2017-04-06,29.459999084472656,30.1200008392334,29.399999618530273,29.760000228881836,22.064062118530273,2959800
2017-04-07,29.549999237060547,29.920000076293945,29.299999237060547,29.389999389648438,21.789735794067383,4060000
2017-04-10,29.399999618530273,29.59000015258789,29.270000457763672,29.440000534057617,21.826810836791992,2690700
2017-04-11,29.329999923706055,29.489999771118164,29.170000076293945,29.239999771118164,21.678531646728516,2790200
2017-04-12,29.200000762939453,29.309999465942383,29.0,29.260000228881836,21.693361282348633,2138800
2017-04-13,29.25,29.510000228881836,28.850000381469727,28.860000610351562,21.396799087524414,3668200
2017-04-17,28.8700008392334,29.270000457763672,28.860000610351562,29.25,21.685949325561523,3073400
2017-04-18,29.170000076293945,29.84000015258789,29.049999237060547,29.600000381469727,21.9454402923584,3993200
2017-04-19,29.729999542236328,30.350000381469727,29.700000762939453,30.059999465942383,22.286481857299805,5064500
2017-04-20,30.969999313354492,31.049999237060547,30.059999465942383,30.219999313354492,22.40510368347168,12210100
2017-04-21,30.59000015258789,30.639999389648438,30.15999984741211,30.280000686645508,22.4495906829834,10118500
2017-04-24,31.100000381469727,31.170000076293945,30.139999389648438,30.43000030517578,22.56079864501953,9706400
2017-04-25,30.6299991607666,31.170000076293945,30.59000015258789,30.889999389648438,22.90184211730957,12027200
2017-04-26,31.079999923706055,31.440000534057617,30.969999313354492,31.270000457763672,23.183574676513672,6408900
2017-04-27,30.450000762939453,31.030000686645508,30.149999618530273,30.969999313354492,23.61826515197754,7140500
2017-04-28,31.030000686645508,31.030000686645508,30.75,30.84000015258789,23.51912498474121,5412700
2017-05-01,30.979999542236328,31.200000762939453,30.829999923706055,30.84000015258789,23.51912498474121,4574200
2017-05-02,30.979999542236328,31.079999923706055,30.739999771118164,30.75,23.450489044189453,4420800
2017-05-03,30.75,30.8799991607666,30.709999084472656,30.790000915527344,23.480995178222656,3128600
2017-05-04,30.809999465942383,30.8799991607666,30.18000030517578,30.260000228881836,23.07680892944336,5363600
2017-05-05,30.219999313354492,30.3700008392334,30.0,30.280000686645508,23.09206199645996,3492300
2017-05-08,30.360000610351562,30.6200008392334,30.0,30.1200008392334,22.970046997070312,5502200
2017-05-09,30.270000457763672,30.350000381469727,29.950000762939453,29.989999771118164,22.870895385742188,12947700
2017-05-10,30.020000457763672,30.200000762939453,29.920000076293945,30.020000457763672,22.893781661987305,2751100
2017-05-11,30.1200008392334,30.18000030517578,29.68000030517578,30.0,22.878524780273438,3364800
2017-05-12,29.979999542236328,30.020000457763672,29.790000915527344,29.90999984741211,22.809892654418945,3146600
2017-05-15,30.0,30.270000457763672,29.969999313354492,30.110000610351562,22.962419509887695,3623200
2017-05-16,30.229999542236328,30.239999771118164,29.8799991607666,30.209999084472656,23.03867530822754,2628600
2017-05-17,29.90999984741211,30.0,29.059999465942383,29.31999969482422,22.359941482543945,5583600
2017-05-18,29.170000076293945,29.40999984741211,29.030000686645508,29.280000686645508,22.329444885253906,6941000
2017-05-19,29.34000015258789,30.049999237060547,29.31999969482422,29.8700008392334,22.779386520385742,3980600
2017-05-22,31.450000762939453,32.33000183105469,31.350000381469727,31.8799991607666,24.31224250793457,20893000
2017-05-23,32.22999954223633,33.0099983215332,32.189998626708984,32.470001220703125,24.762191772460938,11464200
2017-05-24,32.720001220703125,32.79999923706055,32.41999816894531,32.529998779296875,24.807952880859375,4357600
2017-05-25,32.630001068115234,32.7599983215332,32.45000076293945,32.470001220703125,24.762191772460938,3749100
2017-05-26,32.470001220703125,32.650001525878906,32.369998931884766,32.58000183105469,24.846080780029297,4348900
2017-05-30,32.77000045776367,33.09000015258789,32.709999084472656,32.86000061035156,25.05961799621582,5149500
2017-05-31,32.97999954223633,33.08000183105469,32.36000061035156,32.880001068115234,25.074867248535156,3939600
2017-06-01,32.9900016784668,33.790000915527344,32.93000030517578,33.45000076293945,25.50956153869629,7322500
2017-06-02,33.4900016784668,33.93000030517578,33.47999954223633,33.689998626708984,25.692584991455078,5738600
2017-06-05,33.70000076293945,33.790000915527344,33.220001220703125,33.31999969482422,25.410415649414062,6010900
2017-06-06,33.25,33.34000015258789,33.0099983215332,33.11000061035156,25.250268936157227,4710800
2017-06-07,33.15999984741211,33.540000915527344,33.04999923706055,33.290000915527344,25.387537002563477,3683800
2017-06-08,33.290000915527344,33.619998931884766,33.029998779296875,33.290000915527344,25.387537002563477,4684900
2017-06-09,33.31999969482422,33.79999923706055,33.029998779296875,33.369998931884766,25.448551177978516,4721800
2017-06-12,33.29999923706055,33.400001525878906,32.599998474121094,32.630001068115234,24.884212493896484,6847900
2017-06-13,32.849998474121094,33.099998474121094,32.810001373291016,32.93000030517578,25.11299705505371,3797300
2017-06-14,33.08000183105469,33.08000183105469,32.68000030517578,32.77000045776367,24.990976333618164,2590000
2017-06-15,32.52000045776367,32.630001068115234,32.130001068115234,32.540000915527344,24.815570831298828,2869600
2017-06-16,32.68000030517578,32.7599983215332,32.43000030517578,32.65999984741211,24.907089233398438,2844400
2017-06-19,32.95000076293945,33.40999984741211,32.90999984741211,33.06999969482422,25.219762802124023,4360300
2017-06-20,33.06999969482422,33.15999984741211,32.63999938964844,32.939998626708984,25.120624542236328,3606100
2017-06-21,32.81999969482422,33.2400016784668,32.7599983215332,32.959999084472656,25.135875701904297,3189100
2017-06-22,33.150001525878906,33.33000183105469,33.0,33.060001373291016,25.212133407592773,5358800
2017-06-23,33.099998474121094,33.33000183105469,32.970001220703125,33.13999938964844,25.273143768310547,2269800
2017-06-26,33.33000183105469,33.34000015258789,32.52000045776367,33.150001525878906,25.28077507019043,2906200
2017-06-27,33.099998474121094,33.369998931884766,32.849998474121094,32.95000076293945,25.12824821472168,2907700
2017-06-28,33.099998474121094,33.630001068115234,33.060001373291016,33.34000015258789,25.425674438476562,3287300
2017-06-29,33.540000915527344,33.630001068115234,32.81999969482422,33.27000045776367,25.372283935546875,3910600
2017-06-30,33.349998474121094,33.439998626708984,32.880001068115234,33.349998474121094,25.43329620361328,4566100
2017-07-03,33.54999923706055,33.54999923706055,33.02000045776367,33.119998931884766,25.25789451599121,3893500
2017-07-05,33.189998626708984,33.279998779296875,32.880001068115234,33.029998779296875,25.189258575439453,3486700
2017-07-06,32.84000015258789,33.0,32.70000076293945,32.880001068115234,25.074867248535156,2719000
2017-07-07,32.970001220703125,33.08000183105469,32.61000061035156,32.9900016784668,25.15875244140625,3478200
2017-07-10,33.0099983215332,33.459999084472656,32.9900016784668,33.29999923706055,25.395160675048828,2272700
2017-07-11,33.34000015258789,33.65999984741211,33.150001525878906,33.529998779296875,25.57056427001953,2602100
2017-07-12,33.81999969482422,34.099998474121094,33.63999938964844,33.66999816894531,25.677331924438477,3419700
2017-07-13,33.810001373291016,34.099998474121094,33.599998474121094,33.869998931884766,25.829856872558594,2479000
2017-07-14,33.75,34.54999923706055,33.689998626708984,34.439998626708984,26.26455307006836,3530700
2017-07-17,34.5,34.810001373291016,34.439998626708984,34.54999923706055,26.348434448242188,3304000
2017-07-18,34.54999923706055,34.599998474121094,34.349998474121094,34.5099983215332,26.317935943603516,2626000
2017-07-19,34.83000183105469,35.09000015258789,34.560001373291016,34.779998779296875,26.523834228515625,4428800
2017-07-20,34.66999816894531,34.970001220703125,34.0099983215332,34.279998779296875,26.142528533935547,7950700
2017-07-21,34.47999954223633,34.689998626708984,34.09000015258789,34.41999816894531,26.249298095703125,3050900
2017-07-24,34.5,34.709999084472656,34.310001373291016,34.349998474121094,26.195913314819336,3142200
2017-07-25,34.560001373291016,34.79999923706055,34.43000030517578,34.54999923706055,26.348434448242188,3591700
2017-07-26,34.70000076293945,34.95000076293945,34.470001220703125,34.4900016784668,26.30268096923828,5502000
2017-07-27,34.099998474121094,34.209999084472656,33.189998626708984,33.77000045776367,26.163225173950195,4922200
2017-07-28,33.70000076293945,33.72999954223633,33.310001373291016,33.529998779296875,25.977283477783203,2389300
2017-07-31,33.5,33.529998779296875,33.18000030517578,33.45000076293945,25.91530990600586,2536200
2017-08-01,33.59000015258789,33.91999816894531,33.36000061035156,33.5,25.954044342041016,2542900
2017-08-02,33.59000015258789,33.619998931884766,32.88999938964844,33.209999084472656,25.729366302490234,8952000
2017-08-03,33.11000061035156,33.43000030517578,33.060001373291016,33.18000030517578,25.70612335205078,2452800
2017-08-04,33.33000183105469,34.02000045776367,33.290000915527344,33.779998779296875,26.17097282409668,4048300
2017-08-07,33.970001220703125,34.06999969482422,33.72999954223633,33.849998474121094,26.225204467773438,2592700
2017-08-08,33.900001525878906,34.31999969482422,33.7599983215332,33.790000915527344,26.178720474243164,4853200
2017-08-09,33.650001525878906,33.72999954223633,33.29999923706055,33.400001525878906,25.876575469970703,4775200
2017-08-10,33.27000045776367,33.31999969482422,31.81999969482422,32.29999923706055,25.02434539794922,7548500
2017-08-11,32.029998779296875,32.130001068115234,31.600000381469727,31.950000762939453,24.753185272216797,4904900
2017-08-14,32.2400016784668,32.77000045776367,32.22999954223633,32.43000030517578,25.125064849853516,3284900
2017-08-15,32.59000015258789,32.599998474121094,32.2599983215332,32.2599983215332,24.99335479736328,2156800
2017-08-16,32.36000061035156,32.470001220703125,32.099998474121094,32.16999816894531,24.923627853393555,1469800
2017-08-17,32.06999969482422,32.119998931884766,31.5,31.600000381469727,24.482019424438477,3075300
2017-08-18,31.510000228881836,31.790000915527344,31.139999389648438,31.520000457763672,24.420042037963867,3259200
2017-08-21,31.489999771118164,31.639999389648438,31.030000686645508,31.360000610351562,24.296085357666016,2971400
2017-08-22,31.520000457763672,31.950000762939453,31.479999542236328,31.760000228881836,24.605979919433594,2172100
2017-08-23,31.739999771118164,31.8700008392334,31.559999465942383,31.799999237060547,24.636972427368164,1806900
2017-08-24,31.799999237060547,31.950000762939453,31.600000381469727,31.6200008392334,24.497516632080078,1771500
2017-08-25,31.6200008392334,31.899999618530273,31.56999969482422,31.56999969482422,24.458782196044922,1938000
2017-08-28,31.670000076293945,32.16999816894531,31.610000610351562,31.950000762939453,24.753185272216797,2221400
2017-08-29,31.639999389648438,31.950000762939453,31.559999465942383,31.940000534057617,24.745441436767578,2090500
2017-08-30,32.0,32.68000030517578,31.90999984741211,32.529998779296875,25.20254135131836,2931400
2017-08-31,32.7400016784668,32.84000015258789,32.38999938964844,32.72999954223633,25.35748863220215,3060800
2017-09-01,32.84000015258789,33.09000015258789,32.709999084472656,32.709999084472656,25.34199333190918,3554500
2017-09-05,32.369998931884766,32.560001373291016,31.540000915527344,32.040000915527344,24.822912216186523,4666000
2017-09-06,32.099998474121094,32.2599983215332,31.709999084472656,32.0099983215332,24.799663543701172,2290000
2017-09-07,32.0099983215332,32.099998474121094,31.399999618530273,31.6200008392334,24.497516632080078,2809400
2017-09-08,31.510000228881836,31.729999542236328,31.40999984741211,31.610000610351562,24.48977279663086,1366900
2017-09-11,31.84000015258789,32.29999923706055,31.829999923706055,32.150001525878906,24.90813636779785,2281700
2017-09-12,32.310001373291016,32.34000015258789,31.950000762939453,32.20000076293945,24.946874618530273,1808100
2017-09-13,32.150001525878906,32.18000030517578,31.75,32.029998779296875,24.815162658691406,2362900
2017-09-14,32.0,32.2400016784668,31.889999389648438,32.09000015258789,24.861648559570312,1696200
2017-09-15,32.099998474121094,32.33000183105469,31.969999313354492,32.290000915527344,25.0165958404541,2443900
2017-09-18,32.400001525878906,32.650001525878906,32.16999816894531,32.33000183105469,25.047590255737305,2441300
2017-09-19,32.380001068115234,32.630001068115234,32.15999984741211,32.40999984741211,25.109567642211914,1949600
2017-09-20,32.5099983215332,32.75,32.38999938964844,32.619998931884766,25.272266387939453,1908700
2017-09-21,32.650001525878906,32.95000076293945,32.56999969482422,32.709999084472656,25.34199333190918,2557300
2017-09-22,32.650001525878906,33.25,32.599998474121094,33.16999816894531,25.698375701904297,3470000
2017-09-25,33.029998779296875,33.38999938964844,32.86000061035156,33.130001068115234,25.66739273071289,2556100
2017-09-26,33.22999954223633,33.29999923706055,32.75,32.83000183105469,25.43496322631836,2073500
2017-09-27,33.0099983215332,33.2599983215332,32.689998626708984,32.93000030517578,25.51243782043457,3197300
2017-09-28,33.11000061035156,33.52000045776367,33.0,33.33000183105469,25.822338104248047,2512300
2017-09-29,33.31999969482422,33.56999969482422,33.290000915527344,33.369998931884766,25.853330612182617,2469200
2017-10-02,33.38999938964844,33.47999954223633,32.45000076293945,33.0,25.566675186157227,5090200
2017-10-03,33.0099983215332,33.47999954223633,32.810001373291016,33.22999954223633,25.744861602783203,4006100
2017-10-04,33.27000045776367,33.70000076293945,33.25,33.560001373291016,26.000530242919922,2927200
2017-10-05,33.65999984741211,33.83000183105469,33.40999984741211,33.619998931884766,26.047016143798828,3013900
2017-10-06,33.5,33.72999954223633,33.150001525878906,33.439998626708984,25.907560348510742,2634400
2017-10-09,33.5,33.560001373291016,33.099998474121094,33.2599983215332,25.768102645874023,1866300
2017-10-10,33.529998779296875,33.54999923706055,32.93000030517578,33.08000183105469,25.628652572631836,2672700
2017-10-11,33.06999969482422,33.29999923706055,32.93000030517578,33.189998626708984,25.713871002197266,1876600
2017-10-12,33.2400016784668,33.439998626708984,32.959999084472656,33.0,25.566675186157227,1915200
2017-10-13,33.0099983215332,33.029998779296875,32.75,32.93000030517578,25.51243782043457,2087900
2017-10-16,33.08000183105469,33.31999969482422,33.0,33.2599983215332,25.768102645874023,3143800
2017-10-17,33.25,33.33000183105469,33.08000183105469,33.220001220703125,25.73711585998535,1914100
2017-10-18,33.25,33.650001525878906,33.25,33.4900016784668,25.94629669189453,3758900
2017-10-19,33.88999938964844,34.52000045776367,33.779998779296875,34.0099983215332,26.349164962768555,7803100
2017-10-20,34.25,34.790000915527344,34.20000076293945,34.459999084472656,26.697799682617188,4656100
2017-10-23,34.61000061035156,35.0,34.599998474121094,34.720001220703125,26.89923667907715,5288800
2017-10-24,34.95000076293945,35.06999969482422,34.2400016784668,34.59000015258789,26.79851722717285,5026800
2017-10-25,34.75,34.75,33.45000076293945,34.16999816894531,26.47312355041504,5228800
2017-10-26,34.16999816894531,34.36000061035156,33.709999084472656,33.77000045776367,26.163225173950195,4149400
2017-10-27,33.369998931884766,33.59000015258789,32.5099983215332,33.5,26.296672821044922,4909200
2017-10-30,33.45000076293945,33.5,32.81999969482422,33.04999923706055,25.943431854248047,4571300
2017-10-31,33.02000045776367,33.43000030517578,32.79999923706055,33.290000915527344,26.131826400756836,4401600
2017-11-01,33.40999984741211,33.5,32.720001220703125,32.88999938964844,25.81783676147461,4649100
2017-11-02,32.79999923706055,32.83000183105469,31.5,32.5099983215332,25.519546508789062,6677300
2017-11-03,32.38999938964844,33.04999923706055,32.22999954223633,32.88999938964844,25.81783676147461,3605200
2017-11-06,32.970001220703125,33.27000045776367,32.810001373291016,33.029998779296875,25.927734375,3240000
2017-11-07,33.0099983215332,33.34000015258789,32.91999816894531,33.040000915527344,25.935583114624023,2347600
2017-11-08,32.939998626708984,33.029998779296875,32.47999954223633,32.650001525878906,25.629444122314453,2574900
2017-11-09,32.47999954223633,32.810001373291016,32.2599983215332,32.43000030517578,25.45674705505371,2736100
2017-11-10,32.36000061035156,32.56999969482422,31.920000076293945,32.130001068115234,25.22126007080078,3732200
2017-11-13,32.0,32.119998931884766,31.649999618530273,31.760000228881836,24.93081283569336,3232000
2017-11-14,31.610000610351562,31.649999618530273,30.8799991607666,31.200000762939453,24.491230010986328,4458700
2017-11-15,30.770000457763672,31.139999389648438,29.56999969482422,30.920000076293945,24.27143669128418,8337500
2017-11-16,31.100000381469727,31.799999237060547,31.049999237060547,31.56999969482422,24.781667709350586,4037200
2017-11-17,31.56999969482422,31.950000762939453,31.489999771118164,31.780000686645508,24.946516036987305,2508000
2017-11-20,31.809999465942383,31.989999771118164,31.690000534057617,31.829999923706055,24.98576545715332,2885300
2017-11-21,31.93000030517578,32.2400016784668,31.809999465942383,31.8799991607666,25.025007247924805,2536600
2017-11-22,31.8799991607666,31.979999542236328,31.540000915527344,31.850000381469727,25.001461029052734,3328100
2017-11-24,31.899999618530273,31.969999313354492,31.530000686645508,31.670000076293945,24.86016845703125,1056000
2017-11-27,31.56999969482422,31.649999618530273,31.18000030517578,31.309999465942383,24.577571868896484,3246300
2017-11-28,31.34000015258789,31.690000534057617,31.139999389648438,31.489999771118164,24.7188720703125,2661000
2017-11-29,31.43000030517578,31.84000015258789,31.260000228881836,31.530000686645508,24.750272750854492,4192600
2017-11-30,31.420000076293945,31.8799991607666,31.299999237060547,31.719999313354492,24.899412155151367,3889000
2017-12-01,31.639999389648438,31.790000915527344,30.850000381469727,31.579999923706055,24.789522171020508,3988600
2017-12-04,31.75,32.5,31.719999313354492,32.11000061035156,25.20555877685547,5931100
2017-12-05,32.150001525878906,32.619998931884766,31.899999618530273,32.13999938964844,25.229101181030273,3249800
2017-12-06,31.950000762939453,32.18000030517578,31.540000915527344,31.760000228881836,24.93081283569336,2740400
2017-12-07,31.770000457763672,32.25,31.559999465942383,31.93000030517578,25.06425666809082,2466600
2017-12-08,32.09000015258789,32.22999954223633,31.709999084472656,32.189998626708984,25.268352508544922,2705900
2017-12-11,32.279998779296875,32.36000061035156,31.829999923706055,32.16999816894531,25.252653121948242,2381200
2017-12-12,32.09000015258789,32.2599983215332,31.979999542236328,32.04999923706055,25.158456802368164,2016400
2017-12-13,32.0,32.040000915527344,31.700000762939453,31.989999771118164,25.111356735229492,3152700
2017-12-14,31.899999618530273,32.040000915527344,31.579999923706055,31.719999313354492,24.899412155151367,2650600
2017-12-15,31.610000610351562,31.90999984741211,31.3700008392334,31.40999984741211,24.656068801879883,3317600
2017-12-18,31.549999237060547,31.920000076293945,31.3799991607666,31.799999237060547,24.96221351623535,5846900
2017-12-19,31.850000381469727,32.06999969482422,31.56999969482422,31.700000762939453,24.88371467590332,2921600
2017-12-20,31.850000381469727,32.029998779296875,31.75,31.989999771118164,25.111356735229492,3602700
2017-12-21,32.0,33.27000045776367,31.969999313354492,32.900001525878906,25.825687408447266,8411200
2017-12-22,32.959999084472656,33.22999954223633,32.689998626708984,32.7599983215332,25.715787887573242,2673700
2017-12-26,32.77000045776367,32.90999984741211,32.15999984741211,32.33000183105469,25.378252029418945,2676600
2017-12-27,32.310001373291016,32.59000015258789,32.15999984741211,32.5099983215332,25.519546508789062,2538200
2017-12-28,32.5,32.599998474121094,31.950000762939453,32.27000045776367,25.33115577697754,4501800
2017-12-29,32.38999938964844,32.439998626708984,32.0099983215332,32.02000045776367,25.134906768798828,2457100
2018-01-02,32.380001068115234,33.060001373291016,32.29999923706055,32.52000045776367,25.527393341064453,5241100
2018-01-03,32.70000076293945,33.29999923706055,32.70000076293945,33.0,25.904190063476562,6720800
2018-01-04,33.22999954223633,33.5,33.150001525878906,33.2599983215332,26.108278274536133,3939300
2018-01-05,33.439998626708984,33.54999923706055,32.90999984741211,33.0099983215332,25.91203498840332,3525900
2018-01-08,33.0,33.34000015258789,32.959999084472656,33.279998779296875,26.123977661132812,3231200
2018-01-09,33.459999084472656,33.900001525878906,33.459999084472656,33.7400016784668,26.485065460205078,5443200
2018-01-10,33.77000045776367,34.54999923706055,33.5,34.18000030517578,26.83045196533203,11147700
2018-01-11,34.31999969482422,34.83000183105469,34.2599983215332,34.529998779296875,27.10520362854004,6183400
2018-01-12,35.43000030517578,35.58000183105469,34.95000076293945,35.38999938964844,27.7802791595459,10429400
2018-01-16,35.779998779296875,36.310001373291016,34.369998931884766,35.02000045776367,27.489839553833008,9418700
2018-01-17,35.06999969482422,35.2599983215332,34.650001525878906,34.959999084472656,27.442731857299805,5065100
2018-01-18,34.849998474121094,35.08000183105469,34.68000030517578,34.90999984741211,27.403488159179688,3402400
2018-01-19,34.959999084472656,35.08000183105469,34.43000030517578,34.70000076293945,27.238643646240234,5052600
2018-01-22,34.63999938964844,35.18000030517578,34.470001220703125,35.0,27.474136352539062,3935200
2018-01-23,35.0,36.02000045776367,34.95000076293945,35.83000183105469,28.125654220581055,4987700
2018-01-24,36.25,36.33000183105469,35.68000030517578,36.08000183105469,28.321908950805664,5629000
2018-01-25,36.20000076293945,36.4900016784668,35.70000076293945,36.349998474121094,28.533851623535156,5898500
2018-01-26,36.45000076293945,37.0,36.16999816894531,36.779998779296875,28.871387481689453,4276000
2018-01-29,36.66999816894531,36.84000015258789,35.84000015258789,36.560001373291016,28.698694229125977,5768300
2018-01-30,35.86000061035156,36.18000030517578,35.4900016784668,36.130001068115234,28.361154556274414,6107800
2018-01-31,36.20000076293945,36.81999969482422,35.95000076293945,36.54999923706055,28.690847396850586,4932400
2018-02-01,37.04999923706055,37.52000045776367,36.099998474121094,36.349998474121094,28.533851623535156,8954500
2018-02-02,36.02000045776367,36.029998779296875,34.68000030517578,35.29999923706055,27.709630966186523,8404900
2018-02-05,34.84000015258789,35.29999923706055,33.2599983215332,34.2400016784668,26.877561569213867,9027500
2018-02-06,33.599998474121094,34.7599983215332,32.41999816894531,34.650001525878906,27.19939422607422,10017700
2018-02-07,34.63999938964844,35.25,34.5099983215332,34.95000076293945,27.434886932373047,5240900
2018-02-08,35.029998779296875,35.18000030517578,33.63999938964844,33.900001525878906,26.610660552978516,8691200
2018-02-09,33.16999816894531,33.47999954223633,31.690000534057617,32.95000076293945,26.5301456451416,11010700
2018-02-12,33.25,33.630001068115234,32.720001220703125,33.279998779296875,26.795854568481445,4475800
2018-02-13,33.25,33.58000183105469,32.810001373291016,33.54999923706055,27.01323890686035,12708700
2018-02-14,33.279998779296875,33.79999923706055,33.040000915527344,33.779998779296875,27.19843292236328,5930000
2018-02-15,34.0,34.86000061035156,33.7599983215332,34.650001525878906,27.898921966552734,6964500
2018-02-16,34.599998474121094,34.869998931884766,34.34000015258789,34.5099983215332,27.786205291748047,3445500
2018-02-20,34.40999984741211,34.61000061035156,33.90999984741211,34.16999816894531,27.512439727783203,5831200
2018-02-21,34.2599983215332,34.619998931884766,33.97999954223633,34.040000915527344,27.407779693603516,4358000
2018-02-22,34.06999969482422,34.130001068115234,33.72999954223633,34.02000045776367,27.391674041748047,4460300
2018-02-23,34.20000076293945,34.310001373291016,33.91999816894531,34.2599983215332,27.58490562438965,3356200
2018-02-26,34.34000015258789,34.52000045776367,34.0,34.45000076293945,27.737890243530273,3850700
2018-02-27,34.439998626708984,34.630001068115234,34.099998474121094,34.20000076293945,27.53660011291504,4415200
2018-02-28,34.27000045776367,34.470001220703125,33.91999816894531,34.0,27.375568389892578,7737500
2018-03-01,34.0,34.34000015258789,33.0099983215332,33.56999969482422,27.029346466064453,7373800
2018-03-02,33.220001220703125,33.47999954223633,32.13999938964844,33.349998474121094,26.852210998535156,6494900
2018-03-05,33.04999923706055,33.56999969482422,33.0,33.43000030517578,26.916627883911133,2835500
2018-03-06,33.65999984741211,33.709999084472656,33.099998474121094,33.61000061035156,27.06155014038086,3198000
2018-03-07,33.279998779296875,33.54999923706055,33.040000915527344,33.209999084472656,26.739486694335938,3435400
2018-03-08,33.310001373291016,33.41999816894531,32.95000076293945,33.40999984741211,26.90052032470703,2640200
2018-03-09,33.66999816894531,34.099998474121094,33.650001525878906,34.060001373291016,27.423877716064453,4976400
2018-03-12,34.15999984741211,34.650001525878906,34.060001373291016,34.43000030517578,27.721786499023438,10395100
2018-03-13,34.59000015258789,34.689998626708984,34.0,34.2599983215332,27.58490562438965,2805200
2018-03-14,34.349998474121094,34.380001068115234,33.849998474121094,33.97999954223633,27.35946273803711,3262200
2018-03-15,33.939998626708984,34.150001525878906,33.459999084472656,33.68000030517578,27.117908477783203,7837700
2018-03-16,33.75,34.040000915527344,33.599998474121094,33.790000915527344,27.206485748291016,1937600
2018-03-19,33.810001373291016,33.83000183105469,32.83000183105469,33.380001068115234,26.87636375427246,4092900
2018-03-20,33.540000915527344,33.65999984741211,33.189998626708984,33.38999938964844,26.884422302246094,1996200
2018-03-21,33.310001373291016,33.59000015258789,33.20000076293945,33.27000045776367,26.787797927856445,2304500
2018-03-22,33.0,33.09000015258789,32.29999923706055,32.4900016784668,26.159767150878906,14648300
2018-03-23,32.45000076293945,32.5,31.6200008392334,31.8799991607666,25.668617248535156,8658600
2018-03-26,32.54999923706055,32.599998474121094,31.860000610351562,32.25,25.966533660888672,5121400
2018-03-27,32.38999938964844,32.40999984741211,31.479999542236328,31.770000457763672,25.58005714416504,4640500
2018-03-28,31.799999237060547,32.08000183105469,31.25,31.520000457763672,25.37876319885254,3437300
2018-03-29,31.639999389648438,32.189998626708984,31.299999237060547,31.950000762939453,25.724985122680664,3338300
2018-04-02,31.790000915527344,31.979999542236328,30.829999923706055,31.469999313354492,25.338502883911133,15034200
2018-04-03,31.610000610351562,31.700000762939453,30.889999389648438,31.1200008392334,25.05669593811035,4502600
2018-04-04,30.729999542236328,31.420000076293945,30.360000610351562,31.299999237060547,25.201627731323242,4794600
2018-04-05,31.360000610351562,31.520000457763672,30.81999969482422,31.299999237060547,25.201627731323242,3788800
2018-04-06,31.0,31.049999237060547,30.1299991607666,31.010000228881836,24.968130111694336,9307000
2018-04-09,31.190000534057617,31.229999542236328,30.65999984741211,30.709999084472656,24.726577758789062,7023800
2018-04-10,31.0,31.280000686645508,30.90999984741211,31.059999465942383,25.008386611938477,8355100
2018-04-11,30.809999465942383,31.420000076293945,30.700000762939453,30.979999542236328,24.943973541259766,3466100
2018-04-12,31.020000457763672,31.329999923706055,30.760000228881836,31.1299991607666,25.064748764038086,2600900
2018-04-13,31.389999389648438,31.450000762939453,30.68000030517578,30.719999313354492,24.734630584716797,3115200
2018-04-16,30.850000381469727,31.149999618530273,30.809999465942383,31.049999237060547,25.000337600708008,2037900
2018-04-17,31.260000228881836,32.13999938964844,31.170000076293945,31.479999542236328,25.3465576171875,5093100
2018-04-18,31.59000015258789,32.04999923706055,31.56999969482422,31.780000686645508,25.588106155395508,6168500
2018-04-19,32.099998474121094,32.79999923706055,31.940000534057617,32.119998931884766,25.861858367919922,6229900
2018-04-20,32.220001220703125,32.47999954223633,31.90999984741211,32.22999954223633,25.95042610168457,3440100
2018-04-23,32.31999969482422,32.72999954223633,32.27000045776367,32.349998474121094,26.047046661376953,2976700
2018-04-24,32.540000915527344,32.83000183105469,31.950000762939453,32.18000030517578,25.910171508789062,6047700
2018-04-25,32.060001373291016,32.20000076293945,31.440000534057617,31.65999984741211,25.49148941040039,4094500
2018-04-26,31.40999984741211,31.700000762939453,30.920000076293945,31.510000228881836,25.370708465576172,5767800
2018-04-27,31.18000030517578,31.239999771118164,30.670000076293945,30.829999923706055,25.102027893066406,4419800
2018-04-30,30.850000381469727,31.1299991607666,30.84000015258789,30.950000762939453,25.199724197387695,5004100
2018-05-01,31.0,31.280000686645508,30.649999618530273,31.100000381469727,25.32185935974121,6258000
2018-05-02,31.06999969482422,31.219999313354492,30.860000610351562,30.940000534057617,25.19158172607422,2268300
2018-05-03,31.649999618530273,32.45000076293945,30.84000015258789,31.059999465942383,25.289289474487305,7501800
2018-05-04,31.079999923706055,32.220001220703125,30.920000076293945,31.809999465942383,25.899948120117188,5137700
2018-05-07,31.940000534057617,32.119998931884766,31.65999984741211,31.8799991607666,25.956939697265625,5978200
2018-05-08,31.889999389648438,31.969999313354492,31.479999542236328,31.639999389648438,25.761526107788086,3944300
2018-05-09,31.639999389648438,31.969999313354492,31.459999084472656,31.950000762939453,26.013935089111328,4711200
2018-05-10,31.940000534057617,32.09000015258789,31.690000534057617,31.8799991607666,25.956939697265625,2668200
2018-05-11,31.90999984741211,31.90999984741211,31.3700008392334,31.469999313354492,25.623111724853516,3037300
2018-05-14,31.549999237060547,31.690000534057617,31.100000381469727,31.18000030517578,25.386991500854492,3180900
2018-05-15,31.149999618530273,31.360000610351562,30.940000534057617,31.100000381469727,25.32185935974121,3682500
2018-05-16,31.059999465942383,31.579999923706055,31.059999465942383,31.290000915527344,25.476558685302734,3019000
2018-05-17,31.31999969482422,31.530000686645508,31.170000076293945,31.450000762939453,25.60683250427246,2078400
2018-05-18,31.399999618530273,31.540000915527344,31.209999084472656,31.290000915527344,25.476558685302734,1741700
2018-05-21,31.34000015258789,31.940000534057617,31.34000015258789,31.68000030517578,25.794099807739258,3361300
2018-05-22,31.75,31.93000030517578,31.549999237060547,31.8700008392334,25.94879913330078,5244600
2018-05-23,31.75,32.06999969482422,31.5,31.790000915527344,25.8836612701416,6091900
2018-05-24,31.729999542236328,31.850000381469727,31.280000686645508,31.799999237060547,25.891803741455078,3819800
2018-05-25,31.799999237060547,32.08000183105469,31.520000457763672,31.920000076293945,25.98950958251953,2894000
2018-05-29,31.610000610351562,31.799999237060547,31.219999313354492,31.420000076293945,25.582401275634766,5054700
2018-05-30,31.600000381469727,32.0099983215332,31.540000915527344,31.729999542236328,25.83480453491211,2570500
2018-05-31,31.75,31.979999542236328,31.700000762939453,31.93000030517578,25.997650146484375,2306600
2018-06-01,32.08000183105469,32.4900016784668,32.060001373291016,32.34000015258789,26.33147430419922,2847200
2018-06-04,32.45000076293945,32.75,32.33000183105469,32.5,26.461748123168945,2209100
2018-06-05,32.45000076293945,32.59000015258789,32.18000030517578,32.41999816894531,26.396610260009766,2898900
2018-06-06,32.459999084472656,32.790000915527344,32.349998474121094,32.619998931884766,26.5594539642334,2551000
2018-06-07,32.75,33.029998779296875,32.47999954223633,32.65999984741211,26.592023849487305,2624000
2018-06-08,32.689998626708984,32.900001525878906,32.540000915527344,32.75,26.665300369262695,1564100
2018-06-11,32.7599983215332,33.15999984741211,32.75,32.900001525878906,26.787425994873047,2231500
2018-06-12,33.060001373291016,33.349998474121094,32.81999969482422,32.81999969482422,26.7222957611084,3270500
2018-06-13,32.95000076293945,33.41999816894531,32.90999984741211,33.040000915527344,26.90142059326172,2645700
2018-06-14,33.33000183105469,33.540000915527344,33.130001068115234,33.29999923706055,27.11311149597168,5576700
2018-06-15,33.04999923706055,33.45000076293945,32.84000015258789,33.2599983215332,27.080547332763672,3455600
2018-06-18,33.0099983215332,33.189998626708984,32.86000061035156,33.040000915527344,26.90142059326172,2407300
2018-06-19,32.54999923706055,32.79999923706055,32.29999923706055,32.72999954223633,26.649015426635742,3055700
2018-06-20,32.790000915527344,33.02000045776367,32.720001220703125,32.7400016784668,26.657161712646484,2138500
2018-06-21,32.70000076293945,32.72999954223633,32.040000915527344,32.439998626708984,26.412899017333984,5076500
2018-06-22,32.59000015258789,32.7599983215332,32.36000061035156,32.540000915527344,26.494319915771484,5139200
2018-06-25,32.369998931884766,32.459999084472656,31.75,31.989999771118164,26.0465030670166,4971000
2018-06-26,32.13999938964844,32.779998779296875,31.530000686645508,31.780000686645508,25.875518798828125,7526000
2018-06-27,31.950000762939453,32.220001220703125,31.799999237060547,31.84000015258789,25.924365997314453,3536500
2018-06-28,31.809999465942383,32.0,31.600000381469727,31.709999084472656,25.818523406982422,2910600
2018-06-29,31.969999313354492,32.560001373291016,31.81999969482422,32.16999816894531,26.193058013916016,3405200
2018-07-02,32.0,33.209999084472656,31.959999084472656,33.15999984741211,26.999120712280273,4853200
2018-07-03,33.189998626708984,34.5,33.08000183105469,34.25,27.886606216430664,4634200
2018-07-05,34.27000045776367,35.310001373291016,34.25,35.130001068115234,28.603111267089844,8636000
2018-07-06,35.0,35.63999938964844,34.88999938964844,35.529998779296875,28.92879867553711,5952700
2018-07-09,35.63999938964844,35.939998626708984,34.70000076293945,35.11000061035156,28.586828231811523,5482800
2018-07-10,35.130001068115234,35.34000015258789,34.90999984741211,34.939998626708984,28.44841194152832,4059300
2018-07-11,34.65999984741211,34.939998626708984,34.310001373291016,34.630001068115234,28.19601058959961,2470600
2018-07-12,34.86000061035156,35.18000030517578,34.61000061035156,35.060001373291016,28.546117782592773,2103300
2018-07-13,35.02000045776367,35.59000015258789,34.90999984741211,35.209999084472656,28.668256759643555,2300400
2018-07-16,35.20000076293945,35.66999816894531,34.970001220703125,35.33000183105469,28.765960693359375,2578400
2018-07-17,35.189998626708984,35.90999984741211,35.11000061035156,35.709999084472656,29.07535743713379,3791800
2018-07-18,35.880001068115234,36.59000015258789,35.54999923706055,36.22999954223633,29.498746871948242,7096000
2018-07-19,36.52000045776367,36.52000045776367,35.189998626708984,35.63999938964844,29.018367767333984,5083800
2018-07-20,35.77000045776367,36.150001525878906,35.58000183105469,35.95000076293945,29.270763397216797,3795400
2018-07-23,36.0,36.189998626708984,35.79999923706055,35.9900016784668,29.303327560424805,2125000
2018-07-24,36.34000015258789,36.45000076293945,35.95000076293945,36.189998626708984,29.466169357299805,3768600
2018-07-25,36.11000061035156,36.15999984741211,35.77000045776367,36.04999923706055,29.352191925048828,4701100
2018-07-26,36.119998931884766,36.43000030517578,35.91999816894531,36.0,29.31147575378418,3929300
2018-07-27,35.41999816894531,35.880001068115234,35.20000076293945,35.290000915527344,29.20389747619629,4204200
2018-07-30,35.349998474121094,35.56999969482422,34.86000061035156,34.959999084472656,28.930801391601562,2567100
2018-07-31,35.11000061035156,35.45000076293945,34.720001220703125,34.91999816894531,28.897708892822266,3578300
2018-08-01,34.849998474121094,35.13999938964844,34.43000030517578,34.779998779296875,28.781843185424805,4557300
2018-08-02,34.540000915527344,35.0,34.4900016784668,34.720001220703125,28.73219871520996,2462000
2018-08-03,34.810001373291016,35.060001373291016,34.810001373291016,35.0099983215332,28.972185134887695,1795000
2018-08-06,35.130001068115234,35.5099983215332,34.9900016784668,35.279998779296875,29.195619583129883,1898900
2018-08-07,35.310001373291016,35.90999984741211,35.310001373291016,35.560001373291016,29.42733383178711,2630800
2018-08-08,35.59000015258789,36.09000015258789,35.529998779296875,35.970001220703125,29.766626358032227,2740800
2018-08-09,35.9900016784668,36.38999938964844,35.599998474121094,35.77000045776367,29.601118087768555,2325500
2018-08-10,35.54999923706055,35.58000183105469,35.290000915527344,35.349998474121094,29.253551483154297,2951100
2018-08-13,35.36000061035156,35.5,34.77000045776367,34.9900016784668,28.95564079284668,2337000
2018-08-14,35.150001525878906,36.029998779296875,35.150001525878906,35.7599983215332,29.592838287353516,3003000
2018-08-15,35.45000076293945,35.75,35.290000915527344,35.40999984741211,29.303203582763672,2154500
2018-08-16,35.599998474121094,36.209999084472656,35.43000030517578,35.849998474121094,29.667312622070312,2898900
2018-08-17,35.81999969482422,36.33000183105469,35.79999923706055,36.20000076293945,29.95696258544922,4551600
2018-08-20,36.25,37.06999969482422,36.25,36.79999923706055,30.453479766845703,5732600
2018-08-21,36.900001525878906,37.16999816894531,36.380001068115234,36.4900016784668,30.196945190429688,3282400
2018-08-22,36.400001525878906,36.599998474121094,36.290000915527344,36.40999984741211,30.130735397338867,2721700
2018-08-23,36.43000030517578,36.72999954223633,36.279998779296875,36.29999923706055,30.039705276489258,2445000
2018-08-24,36.52000045776367,36.790000915527344,36.5,36.70000076293945,30.370725631713867,2421600
2018-08-27,36.900001525878906,37.060001373291016,36.7400016784668,36.880001068115234,30.519683837890625,2970800
2018-08-28,36.83000183105469,37.150001525878906,36.630001068115234,36.720001220703125,30.387279510498047,1681800
2018-08-29,36.689998626708984,37.0,36.310001373291016,36.91999816894531,30.552776336669922,1926500
2018-08-30,36.810001373291016,37.029998779296875,36.630001068115234,36.88999938964844,30.527957916259766,1554600
2018-08-31,36.77000045776367,37.02000045776367,36.70000076293945,36.90999984741211,30.54451560974121,1287400
2018-09-04,36.79999923706055,37.02000045776367,36.709999084472656,36.90999984741211,30.54451560974121,1374800
2018-09-05,36.790000915527344,36.959999084472656,36.18000030517578,36.459999084472656,30.172121047973633,3226600
2018-09-06,36.439998626708984,36.56999969482422,34.86000061035156,35.459999084472656,29.344573974609375,7281700
2018-09-07,35.34000015258789,35.66999816894531,35.16999816894531,35.2599983215332,29.179065704345703,1597200
2018-09-10,35.41999816894531,36.0099983215332,35.34000015258789,35.900001525878906,29.708696365356445,2354600
2018-09-11,35.83000183105469,36.099998474121094,35.54999923706055,35.63999938964844,29.493539810180664,2343500
2018-09-12,35.5,35.91999816894531,35.209999084472656,35.79999923706055,29.625944137573242,2163300
2018-09-13,35.79999923706055,36.2400016784668,35.79999923706055,35.939998626708984,29.741804122924805,1959100
2018-09-14,36.25,37.0,36.060001373291016,36.79999923706055,30.453479766845703,4761700
2018-09-17,36.959999084472656,37.2400016784668,36.84000015258789,37.099998474121094,30.701736450195312,3384100
2018-09-18,36.9900016784668,37.939998626708984,36.91999816894531,37.529998779296875,31.05757713317871,5128800
2018-09-19,37.79999923706055,38.0,37.439998626708984,37.5,31.03275489807129,2555000
2018-09-20,37.72999954223633,38.29999923706055,37.65999984741211,37.779998779296875,31.264474868774414,3624100
2018-09-21,38.5,39.849998474121094,38.189998626708984,39.4900016784668,32.679569244384766,9660800
2018-09-24,39.77000045776367,40.599998474121094,39.5099983215332,39.689998626708984,32.84506607055664,6579400
2018-09-25,39.9900016784668,40.0,38.880001068115234,39.040000915527344,32.30717849731445,4472700
2018-09-26,38.93000030517578,39.06999969482422,38.459999084472656,38.56999969482422,31.918228149414062,2814300
2018-09-27,38.77000045776367,38.939998626708984,38.0,38.099998474121094,31.529277801513672,3901500
2018-09-28,38.0,38.130001068115234,37.900001525878906,38.08000183105469,31.51273536682129,1392300
2018-10-01,38.400001525878906,38.939998626708984,38.34000015258789,38.7599983215332,32.07545471191406,5734600
2018-10-02,38.70000076293945,38.91999816894531,38.400001525878906,38.5,31.86029815673828,3429300
2018-10-03,38.81999969482422,39.599998474121094,38.77000045776367,39.040000915527344,32.30717849731445,3254600
2018-10-04,38.540000915527344,38.83000183105469,37.40999984741211,37.689998626708984,31.189992904663086,6738300
2018-10-05,37.66999816894531,37.88999938964844,36.939998626708984,37.34000015258789,30.90035057067871,6609400
2018-10-08,37.2599983215332,37.36000061035156,37.029998779296875,37.25,30.825870513916016,2872300
2018-10-09,37.060001373291016,37.47999954223633,36.79999923706055,37.15999984741211,30.75140380859375,2790200
2018-10-10,37.16999816894531,37.16999816894531,34.630001068115234,34.779998779296875,28.781843185424805,9520600
2018-10-11,34.70000076293945,35.86000061035156,34.31999969482422,34.59000015258789,28.624622344970703,7431000
2018-10-12,35.369998931884766,35.52000045776367,34.599998474121094,34.849998474121094,28.839771270751953,4305800
2018-10-15,35.119998931884766,35.529998779296875,34.810001373291016,35.150001525878906,29.088045120239258,4388000
2018-10-16,35.59000015258789,36.18000030517578,35.540000915527344,36.0,29.79144859313965,3560400
2018-10-17,36.150001525878906,36.65999984741211,35.90999984741211,36.09000015258789,29.865934371948242,5421700
2018-10-18,36.47999954223633,36.47999954223633,34.689998626708984,35.29999923706055,29.21217155456543,7671800
2018-10-19,35.150001525878906,35.4900016784668,34.599998474121094,34.650001525878906,28.67426872253418,6056900
2018-10-22,34.790000915527344,34.97999954223633,34.189998626708984,34.349998474121094,28.42600440979004,2595300
2018-10-23,33.88999938964844,33.88999938964844,32.72999954223633,33.779998779296875,27.95431137084961,6908400
2018-10-24,33.7599983215332,33.959999084472656,31.989999771118164,32.0,26.481287002563477,8841000
2018-10-25,32.400001525878906,32.880001068115234,31.6200008392334,32.7400016784668,27.09366798400879,9298100
2018-10-26,31.489999771118164,31.90999984741211,30.959999084472656,31.729999542236328,26.7813720703125,6984700
2018-10-29,32.220001220703125,32.599998474121094,30.290000915527344,30.43000030517578,25.684118270874023,9592500
2018-10-30,30.43000030517578,31.81999969482422,30.079999923706055,31.739999771118164,26.789812088012695,5580500
2018-10-31,32.40999984741211,32.970001220703125,32.16999816894531,32.36000061035156,27.313119888305664,6011700
2018-11-01,32.900001525878906,33.709999084472656,32.529998779296875,33.61000061035156,28.368165969848633,5903400
2018-11-02,33.75,33.959999084472656,33.189998626708984,33.20000076293945,28.022111892700195,4254300
2018-11-05,33.439998626708984,34.40999984741211,33.279998779296875,33.83000183105469,28.553855895996094,5573500
2018-11-06,33.849998474121094,34.91999816894531,33.83000183105469,34.279998779296875,28.933671951293945,5358300
2018-11-07,34.540000915527344,35.18000030517578,34.5099983215332,35.16999816894531,29.684858322143555,4290100
2018-11-08,34.900001525878906,35.779998779296875,34.63999938964844,35.349998474121094,29.836793899536133,3258900
2018-11-09,34.970001220703125,35.08000183105469,33.7400016784668,33.9900016784668,28.688905715942383,4861000
2018-11-12,33.849998474121094,34.13999938964844,32.97999954223633,33.189998626708984,28.013669967651367,3716500
2018-11-13,33.470001220703125,33.84000015258789,33.2599983215332,33.36000061035156,28.157155990600586,5720000
2018-11-14,33.56999969482422,34.189998626708984,32.7599983215332,32.91999816894531,27.78577995300293,2589400
2018-11-15,32.83000183105469,32.91999816894531,32.099998474121094,32.5,27.431283950805664,4375100
2018-11-16,32.15999984741211,32.59000015258789,31.68000030517578,32.459999084472656,27.39752197265625,4136200
2018-11-19,32.38999938964844,32.45000076293945,31.700000762939453,31.799999237060547,26.840457916259766,5302500
2018-11-20,31.059999465942383,31.459999084472656,30.799999237060547,30.989999771118164,26.156789779663086,6264700
2018-11-21,31.479999542236328,32.58000183105469,31.420000076293945,32.43000030517578,27.37220001220703,3934600
2018-11-23,32.16999816894531,33.560001373291016,32.15999984741211,33.18000030517578,28.00522804260254,1886300
2018-11-26,33.869998931884766,34.970001220703125,33.630001068115234,34.369998931884766,29.009632110595703,6847600
2018-11-27,34.150001525878906,34.220001220703125,33.529998779296875,33.81999969482422,28.5454158782959,2794100
2018-11-28,34.150001525878906,34.2400016784668,33.279998779296875,34.099998474121094,28.781749725341797,7185600
2018-11-29,33.939998626708984,34.16999816894531,33.400001525878906,33.75,28.486339569091797,8033500
2018-11-30,33.720001220703125,34.02000045776367,33.59000015258789,33.72999954223633,28.469453811645508,3499800
2018-12-03,34.619998931884766,35.38999938964844,34.25,34.849998474121094,29.414770126342773,11074000
2018-12-04,34.720001220703125,34.849998474121094,32.5,32.709999084472656,27.608531951904297,8865500
2018-12-06,32.380001068115234,32.380001068115234,30.920000076293945,32.099998474121094,27.093660354614258,13378100
2018-12-07,32.15999984741211,32.72999954223633,31.25,31.420000076293945,26.519718170166016,5195300
2018-12-10,31.170000076293945,31.190000534057617,29.290000915527344,30.489999771118164,25.734764099121094,14101500
2018-12-11,31.149999618530273,31.700000762939453,30.049999237060547,30.520000457763672,25.760086059570312,6351700
2018-12-12,30.8799991607666,31.1299991607666,30.5,30.5,25.743202209472656,8202400
2018-12-13,30.5,30.709999084472656,30.110000610351562,30.399999618530273,25.658798217773438,11948100
2018-12-14,30.0,30.479999542236328,29.600000381469727,29.760000228881836,25.11861801147461,9136000
2018-12-17,29.530000686645508,29.729999542236328,28.639999389648438,28.799999237060547,24.30833625793457,14284700
2018-12-18,29.0,29.420000076293945,28.6200008392334,28.700000762939453,24.22393798828125,7802400
2018-12-19,28.790000915527344,29.09000015258789,27.600000381469727,27.600000381469727,23.29549217224121,8903100
2018-12-20,27.510000228881836,27.920000076293945,26.8799991607666,27.709999084472656,23.388334274291992,16654600
2018-12-21,27.889999389648438,29.0,27.8799991607666,28.510000228881836,24.063566207885742,11734300
2018-12-24,28.209999084472656,29.65999984741211,28.06999969482422,28.979999542236328,24.460262298583984,5887000
2018-12-26,29.200000762939453,30.670000076293945,28.829999923706055,30.639999389648438,25.86136817932129,7488000
2018-12-27,30.200000762939453,30.469999313354492,29.309999465942383,30.459999084472656,25.709442138671875,4966700
2018-12-28,30.440000534057617,31.09000015258789,30.010000228881836,30.09000015258789,25.39714813232422,4444600
2018-12-31,30.299999237060547,30.68000030517578,29.329999923706055,29.809999465942383,25.160818099975586,4622800
2019-01-02,29.270000457763672,30.290000915527344,28.510000228881836,30.06999969482422,25.38027000427246,3733300
2019-01-03,29.8700008392334,30.1200008392334,29.100000381469727,29.229999542236328,24.671274185180664,5371900
2019-01-04,29.90999984741211,30.549999237060547,29.809999465942383,30.229999542236328,25.51531219482422,5867600
2019-01-07,30.450000762939453,31.420000076293945,29.8700008392334,31.1299991607666,26.274948120117188,6071700
2019-01-08,31.56999969482422,31.8700008392334,30.979999542236328,31.399999618530273,26.50284194946289,4062700
2019-01-09,31.549999237060547,32.189998626708984,31.280000686645508,31.739999771118164,26.789812088012695,4154200
2019-01-10,31.5,31.889999389648438,31.360000610351562,31.729999542236328,26.7813720703125,2471600
2019-01-11,31.59000015258789,32.279998779296875,31.31999969482422,31.969999313354492,26.983945846557617,5714300
2019-01-14,31.559999465942383,32.27000045776367,31.469999313354492,31.979999542236328,26.992382049560547,7823500
2019-01-15,32.20000076293945,32.58000183105469,31.989999771118164,32.22999954223633,27.203392028808594,2824000
2019-01-16,32.560001373291016,33.31999969482422,32.5,32.58000183105469,27.498809814453125,5412900
2019-01-17,32.41999816894531,33.06999969482422,32.380001068115234,32.63999938964844,27.549449920654297,2815700
2019-01-18,32.97999954223633,33.470001220703125,32.90999984741211,32.90999984741211,27.777339935302734,5201100
2019-01-22,32.79999923706055,33.34000015258789,32.29999923706055,32.59000015258789,27.50724983215332,4813200
2019-01-23,32.75,32.970001220703125,32.16999816894531,32.36000061035156,27.313119888305664,4024200
2019-01-24,32.459999084472656,32.84000015258789,32.25,32.5099983215332,27.439722061157227,3083100
2019-01-25,32.81999969482422,33.45000076293945,32.70000076293945,32.9900016784668,27.844863891601562,4037500
2019-01-28,32.790000915527344,33.209999084472656,32.630001068115234,33.189998626708984,28.013669967651367,2327600
2019-01-29,33.25,33.43000030517578,33.08000183105469,33.15999984741211,27.988346099853516,2327100
2019-01-30,33.20000076293945,33.369998931884766,32.29999923706055,33.13999938964844,27.971464157104492,5478300
2019-01-31,33.13999938964844,33.91999816894531,33.130001068115234,33.70000076293945,28.444129943847656,5582500
2019-02-01,33.61000061035156,34.4900016784668,33.58000183105469,34.0,28.697343826293945,3421400
2019-02-04,34.06999969482422,34.540000915527344,34.0,34.36000061035156,29.001190185546875,2721900
2019-02-05,34.349998474121094,34.779998779296875,34.04999923706055,34.619998931884766,29.22064971923828,2853900
2019-02-06,34.66999816894531,34.88999938964844,34.560001373291016,34.56999969482422,29.178447723388672,2554700
2019-02-07,34.529998779296875,34.650001525878906,33.810001373291016,34.5099983215332,29.127805709838867,3966700
2019-02-08,33.63999938964844,33.810001373291016,33.06999969482422,33.7599983215332,28.98185920715332,3430500
2019-02-11,33.79999923706055,33.97999954223633,33.20000076293945,33.29999923706055,28.58696746826172,3021700
2019-02-12,33.459999084472656,33.880001068115234,33.369998931884766,33.599998474121094,28.844507217407227,3572600
2019-02-13,33.83000183105469,33.86000061035156,33.459999084472656,33.77000045776367,28.990447998046875,3094500
2019-02-14,33.70000076293945,33.77000045776367,33.11000061035156,33.20000076293945,28.50112533569336,3351300
2019-02-15,33.22999954223633,33.68000030517578,33.20000076293945,33.349998474121094,28.62989044189453,4362100
2019-02-19,33.349998474121094,33.5,32.38999938964844,33.5,28.758663177490234,4395300
2019-02-20,33.540000915527344,34.470001220703125,33.529998779296875,34.41999816894531,29.548450469970703,4916000
2019-02-21,34.220001220703125,34.47999954223633,33.880001068115234,34.0099983215332,29.196481704711914,2008100
2019-02-22,34.150001525878906,34.290000915527344,33.400001525878906,33.650001525878906,28.887434005737305,3484900
2019-02-25,33.93000030517578,34.209999084472656,33.709999084472656,33.900001525878906,29.102048873901367,3888600
2019-02-26,33.630001068115234,33.79999923706055,33.40999984741211,33.720001220703125,28.947526931762695,2427200
2019-02-27,33.540000915527344,33.63999938964844,33.349998474121094,33.529998779296875,28.78441619873047,2072600
2019-02-28,33.45000076293945,33.7400016784668,33.22999954223633,33.38999938964844,28.664230346679688,2090600
2019-03-01,33.75,34.09000015258789,33.470001220703125,33.540000915527344,28.792999267578125,2104500
2019-03-04,33.72999954223633,33.95000076293945,33.16999816894531,33.70000076293945,28.930356979370117,2022000
2019-03-05,33.4900016784668,33.75,33.349998474121094,33.470001220703125,28.73290252685547,1401800
2019-03-06,33.380001068115234,33.84000015258789,33.25,33.720001220703125,28.947526931762695,2156600
2019-03-07,33.599998474121094,33.599998474121094,32.869998931884766,33.22999954223633,28.526872634887695,4332200
2019-03-08,32.810001373291016,33.02000045776367,32.439998626708984,32.939998626708984,28.27791976928711,2740100
2019-03-11,33.22999954223633,33.650001525878906,33.04999923706055,33.4900016784668,28.75007438659668,1952500
2019-03-12,33.65999984741211,33.90999984741211,33.540000915527344,33.630001068115234,28.870262145996094,1431200
2019-03-13,33.79999923706055,34.38999938964844,33.79999923706055,34.220001220703125,29.376760482788086,2590300
2019-03-14,34.189998626708984,34.5099983215332,34.130001068115234,34.43000030517578,29.557031631469727,1516400
2019-03-15,34.43000030517578,35.0,34.41999816894531,34.880001068115234,29.94334602355957,2777400
2019-03-18,35.0,35.599998474121094,34.959999084472656,35.470001220703125,30.44983673095703,2618600
2019-03-19,35.70000076293945,36.0,34.849998474121094,35.060001373291016,30.097869873046875,2668000
2019-03-20,35.0,35.2400016784668,34.810001373291016,34.81999969482422,29.89183235168457,1306300
2019-03-21,34.650001525878906,35.59000015258789,34.599998474121094,35.25,30.260976791381836,2287300
2019-03-22,34.880001068115234,35.02000045776367,33.75,34.31999969482422,29.462604522705078,2891800
2019-03-25,34.29999923706055,34.38999938964844,33.599998474121094,34.13999938964844,29.308076858520508,2208900
2019-03-26,34.47999954223633,34.65999984741211,34.13999938964844,34.5099983215332,29.625715255737305,1666400
2019-03-27,34.7400016784668,35.349998474121094,34.34000015258789,34.40999984741211,29.539871215820312,2456000
2019-03-28,34.310001373291016,34.869998931884766,34.2599983215332,34.61000061035156,29.71156120300293,1635400
2019-03-29,34.79999923706055,35.04999923706055,34.59000015258789,34.970001220703125,30.020606994628906,1366800
2019-04-01,35.20000076293945,35.5,35.18000030517578,35.400001525878906,30.389753341674805,2049700
2019-04-02,35.279998779296875,35.380001068115234,34.43000030517578,34.630001068115234,29.72873306274414,3056800
2019-04-03,34.83000183105469,35.279998779296875,34.66999816894531,34.81999969482422,29.89183235168457,2340300
2019-04-04,34.63999938964844,35.029998779296875,34.599998474121094,34.720001220703125,29.805992126464844,2332800
2019-04-05,34.77000045776367,35.11000061035156,34.66999816894531,34.810001373291016,29.883255004882812,2479700
2019-04-08,34.61000061035156,34.84000015258789,34.470001220703125,34.83000183105469,29.900426864624023,2432600
2019-04-09,34.540000915527344,34.650001525878906,34.20000076293945,34.45000076293945,29.57420539855957,1368300
2019-04-10,34.40999984741211,34.77000045776367,34.20000076293945,34.7599983215332,29.840330123901367,1982200
2019-04-11,34.81999969482422,35.150001525878906,34.619998931884766,34.869998931884766,29.93475914001465,1522500
2019-04-12,35.119998931884766,35.650001525878906,35.119998931884766,35.529998779296875,30.5013484954834,3065200
2019-04-15,35.47999954223633,35.75,35.279998779296875,35.540000915527344,30.50993537902832,2178800
2019-04-16,35.54999923706055,36.25,35.529998779296875,35.790000915527344,30.724546432495117,3369600
2019-04-17,36.08000183105469,36.08000183105469,35.599998474121094,35.93000030517578,30.84473991394043,3260500
2019-04-18,38.970001220703125,39.349998474121094,37.95000076293945,38.619998931884766,33.154014587402344,28121400
2019-04-22,38.93000030517578,40.27000045776367,38.4900016784668,39.02000045776367,33.49740219116211,10329600
2019-04-23,39.869998931884766,40.04999923706055,39.22999954223633,39.72999954223633,34.106910705566406,6346600
2019-04-24,39.79999923706055,40.380001068115234,39.619998931884766,39.93000030517578,34.27860641479492,5521400
2019-04-25,40.0,40.75,39.439998626708984,40.13999938964844,34.458885192871094,5659400
2019-04-26,39.83000183105469,40.56999969482422,39.7400016784668,40.189998626708984,34.82279586791992,4102400
2019-04-29,40.0099983215332,40.59000015258789,39.9900016784668,40.5099983215332,35.100059509277344,3414000
2019-04-30,40.4900016784668,40.75,39.459999084472656,39.459999084472656,34.190284729003906,4152500
2019-05-01,39.709999084472656,40.290000915527344,39.709999084472656,39.849998474121094,34.528202056884766,4931500
2019-05-02,39.849998474121094,39.900001525878906,39.189998626708984,39.56999969482422,34.28559112548828,4583200
2019-05-03,39.47999954223633,40.06999969482422,39.400001525878906,40.060001373291016,34.71015930175781,4031400
2019-05-06,39.20000076293945,39.72999954223633,39.02000045776367,39.11000061035156,33.88702392578125,4192900
2019-05-07,38.72999954223633,39.41999816894531,38.13999938964844,38.849998474121094,33.6617431640625,5374800
2019-05-08,38.90999984741211,39.4900016784668,38.880001068115234,39.09000015258789,33.86969757080078,2920900
2019-05-09,38.65999984741211,39.630001068115234,38.439998626708984,39.4900016784668,34.21628189086914,3296600
2019-05-10,39.099998474121094,39.83000183105469,39.09000015258789,39.810001373291016,34.49354553222656,4003000
2019-05-13,39.0,39.41999816894531,38.47999954223633,38.79999923706055,33.618431091308594,4790300
2019-05-14,38.779998779296875,39.439998626708984,38.779998779296875,39.38999938964844,34.129638671875,2900500
2019-05-15,38.959999084472656,39.75,38.849998474121094,39.58000183105469,34.29426193237305,3265000
2019-05-16,39.75,40.54999923706055,39.75,40.400001525878906,35.00475311279297,5484600
2019-05-17,40.31999969482422,40.959999084472656,40.2599983215332,40.650001525878906,35.22136688232422,4279100
2019-05-20,40.529998779296875,41.0,40.47999954223633,40.61000061035156,35.186710357666016,3482900
2019-05-21,40.79999923706055,41.84000015258789,40.79999923706055,41.79999923706055,36.2177848815918,5336900
2019-05-22,41.59000015258789,42.119998931884766,41.529998779296875,41.70000076293945,36.13113784790039,3986000
2019-05-23,41.060001373291016,41.150001525878906,40.650001525878906,41.150001525878906,35.65458679199219,3273000
2019-05-24,41.0,41.150001525878906,40.349998474121094,40.650001525878906,35.22136688232422,5200900
2019-05-28,40.619998931884766,40.70000076293945,39.83000183105469,39.880001068115234,34.554195404052734,3905100
2019-05-29,39.47999954223633,39.4900016784668,38.83000183105469,39.470001220703125,34.19894027709961,5284200
2019-05-30,39.45000076293945,39.790000915527344,38.88999938964844,39.25,34.008323669433594,3814300
2019-05-31,38.56999969482422,38.58000183105469,37.54999923706055,37.849998474121094,32.795291900634766,8016700
2019-06-03,37.61000061035156,38.900001525878906,36.790000915527344,38.900001525878906,33.705081939697266,5361100
2019-06-04,39.290000915527344,39.849998474121094,39.119998931884766,39.79999923706055,34.48488235473633,3776900
2019-06-05,40.38999938964844,40.689998626708984,40.0,40.08000183105469,34.72748947143555,4002600
2019-06-06,40.119998931884766,41.029998779296875,40.119998931884766,40.97999954223633,35.507301330566406,4572800
2019-06-07,41.099998474121094,42.189998626708984,41.0099983215332,41.970001220703125,36.36508560180664,8618100
2019-06-10,42.29999923706055,43.279998779296875,42.15999984741211,42.45000076293945,36.780982971191406,7357000
2019-06-11,42.90999984741211,43.0,42.25,42.79999923706055,37.084251403808594,8922500
2019-06-12,42.61000061035156,43.13999938964844,42.0099983215332,42.970001220703125,37.23154067993164,4044300
2019-06-13,43.25,44.0,43.18000030517578,43.95000076293945,38.08066940307617,6068700
2019-06-14,43.97999954223633,44.470001220703125,43.849998474121094,44.13999938964844,38.24528884887695,5993200
2019-06-17,44.369998931884766,45.380001068115234,44.18000030517578,44.2400016784668,38.33193588256836,7737700
2019-06-18,44.599998474121094,44.83000183105469,43.20000076293945,43.38999938964844,37.5954475402832,8252500
2019-06-19,43.470001220703125,44.93000030517578,43.439998626708984,44.79999923706055,38.81714630126953,6157700
2019-06-20,45.099998474121094,45.63999938964844,44.54999923706055,44.810001373291016,38.82582092285156,7489500
2019-06-21,44.720001220703125,45.61000061035156,44.70000076293945,45.040000915527344,39.02509689331055,5052900
2019-06-24,45.29999923706055,45.34000015258789,44.099998474121094,44.400001525878906,38.4705696105957,4517100
2019-06-25,44.25,44.86000061035156,44.060001373291016,44.189998626708984,38.28861618041992,3757000
2019-06-26,44.189998626708984,44.470001220703125,43.7599983215332,44.18000030517578,38.27995300292969,5712000
2019-06-27,44.0,44.95000076293945,43.970001220703125,44.310001373291016,38.39258575439453,3679400
2019-06-28,44.56999969482422,45.13999938964844,44.369998931884766,44.41999816894531,38.48789978027344,6671600
2019-07-01,45.810001373291016,46.58000183105469,45.31999969482422,46.58000183105469,40.359439849853516,56688100
2019-07-02,46.869998931884766,47.34000015258789,45.13999938964844,47.34000015258789,41.017940521240234,16567000
2019-07-03,47.5,47.93000030517578,47.18000030517578,47.47999954223633,41.139244079589844,5540300
2019-07-05,47.529998779296875,47.54999923706055,46.709999084472656,47.209999084472656,40.90530014038086,4159700
2019-07-08,46.189998626708984,46.790000915527344,45.83000183105469,46.2599983215332,40.08217239379883,8536000
2019-07-09,45.65999984741211,46.58000183105469,45.41999816894531,46.470001220703125,40.264137268066406,6651400
2019-07-10,46.63999938964844,46.63999938964844,45.7400016784668,46.380001068115234,40.186153411865234,4646300
2019-07-11,46.599998474121094,46.630001068115234,45.849998474121094,46.06999969482422,39.91755294799805,4231600
2019-07-12,46.099998474121094,46.40999984741211,45.619998931884766,46.02000045776367,39.874229431152344,5258400
2019-07-15,46.0099983215332,46.13999938964844,45.45000076293945,45.65999984741211,39.562294006347656,7606900
2019-07-16,45.709999084472656,46.38999938964844,45.68000030517578,45.83000183105469,39.709598541259766,4196000
2019-07-17,45.900001525878906,46.0,45.060001373291016,45.279998779296875,39.23305130004883,6743400
2019-07-18,45.81999969482422,47.369998931884766,45.06999969482422,45.650001525878906,39.55363464355469,10298400
2019-07-19,45.880001068115234,46.369998931884766,45.61000061035156,45.630001068115234,39.53630828857422,4065900
2019-07-22,45.95000076293945,48.060001373291016,45.86000061035156,47.84000015258789,41.451175689697266,9999700
2019-07-23,47.869998931884766,48.72999954223633,47.439998626708984,48.599998474121094,42.109676361083984,6222400
2019-07-24,48.41999816894531,49.45000076293945,48.349998474121094,49.2400016784668,42.664215087890625,7144600
2019-07-25,49.34000015258789,49.810001373291016,48.720001220703125,49.720001220703125,43.08010482788086,7357600
2019-07-26,49.040000915527344,49.54999923706055,48.959999084472656,49.2599983215332,43.097599029541016,4343600
2019-07-29,49.290000915527344,49.290000915527344,48.2599983215332,48.650001525878906,42.56391525268555,5296600
2019-07-30,48.13999938964844,49.11000061035156,48.04999923706055,49.06999969482422,42.93136978149414,4682400
2019-07-31,49.16999816894531,49.38999938964844,47.2400016784668,47.97999954223633,41.97773361206055,6319900
2019-08-01,48.0,48.0,46.459999084472656,46.81999969482422,40.96284484863281,10228200
2019-08-02,46.470001220703125,46.720001220703125,45.040000915527344,46.619998931884766,40.78786087036133,8956300
2019-08-05,45.5099983215332,45.900001525878906,43.470001220703125,44.529998779296875,38.959320068359375,12402200
2019-08-06,44.95000076293945,46.0,44.93000030517578,45.810001373291016,40.07918930053711,5364800
2019-08-07,44.900001525878906,46.650001525878906,44.84000015258789,46.5,40.68286895751953,7127200
2019-08-08,47.439998626708984,48.279998779296875,46.77000045776367,48.22999954223633,42.19645309448242,8205700
2019-08-09,48.13999938964844,48.310001373291016,47.40999984741211,47.560001373291016,41.61027145385742,5964800
2019-08-12,47.029998779296875,47.29999923706055,46.209999084472656,46.459999084472656,40.64788055419922,4273200
2019-08-13,46.209999084472656,47.709999084472656,46.20000076293945,47.650001525878906,41.68900680541992,5045900
2019-08-14,46.369998931884766,47.0,45.29999923706055,45.849998474121094,40.11418533325195,5461800
2019-08-15,46.0,46.61000061035156,45.279998779296875,45.720001220703125,40.00045394897461,4329000
2019-08-16,46.099998474121094,47.310001373291016,46.04999923706055,47.22999954223633,41.32155227661133,3702000
2019-08-19,47.83000183105469,48.38999938964844,47.540000915527344,47.84000015258789,41.855247497558594,4829000
2019-08-20,47.790000915527344,49.0099983215332,47.720001220703125,48.84000015258789,42.73014831542969,5309100
2019-08-21,49.290000915527344,50.02000045776367,49.25,49.459999084472656,43.2725830078125,5202700
2019-08-22,49.54999923706055,50.08000183105469,49.34000015258789,49.79999923706055,43.570045471191406,5326600
2019-08-23,49.810001373291016,50.029998779296875,48.56999969482422,48.810001373291016,42.703895568847656,4061200
2019-08-26,49.040000915527344,49.790000915527344,49.029998779296875,49.2400016784668,43.08011245727539,3567700
2019-08-27,49.61000061035156,49.95000076293945,49.45000076293945,49.689998626708984,43.47380447387695,3711000
2019-08-28,49.81999969482422,49.880001068115234,49.06999969482422,49.66999816894531,43.45630645751953,2866700
2019-08-29,50.0,50.09000015258789,49.27000045776367,49.54999923706055,43.35132598876953,3449500
2019-08-30,49.79999923706055,49.95000076293945,49.459999084472656,49.7599983215332,43.53504943847656,2239200
2019-09-03,49.279998779296875,49.599998474121094,48.349998474121094,48.709999084472656,42.61641311645508,3760800
2019-09-04,49.20000076293945,49.40999984741211,48.380001068115234,49.09000015258789,42.94887924194336,3682400
2019-09-05,49.7599983215332,50.45000076293945,49.439998626708984,50.08000183105469,43.81502151489258,5208900
2019-09-06,50.02000045776367,50.630001068115234,49.95000076293945,50.369998931884766,44.06874084472656,3825900
2019-09-09,50.650001525878906,51.310001373291016,50.54999923706055,50.97999954223633,44.60243606567383,6322700
2019-09-10,51.0,51.4900016784668,49.439998626708984,49.63999938964844,43.4300651550293,5758200
2019-09-11,50.84000015258789,50.9900016784668,49.34000015258789,50.41999816894531,44.11248779296875,7372100
2019-09-12,50.540000915527344,52.900001525878906,50.5,52.2400016784668,45.704803466796875,9549800
2019-09-13,52.400001525878906,54.189998626708984,52.29999923706055,53.54999923706055,46.85092544555664,10165700
2019-09-16,53.18000030517578,55.16999816894531,52.81999969482422,53.52000045776367,46.82468032836914,8828600
2019-09-17,53.630001068115234,54.470001220703125,52.88999938964844,53.52000045776367,46.82468032836914,7062200
2019-09-18,52.849998474121094,53.65999984741211,52.540000915527344,52.849998474121094,46.23849105834961,10295100
2019-09-19,52.79999923706055,53.68000030517578,52.68000030517578,52.900001525878906,46.28224563598633,10645900
2019-09-20,52.900001525878906,53.25,52.029998779296875,52.88999938964844,46.27348709106445,44448100
2019-09-23,52.54999923706055,53.619998931884766,52.470001220703125,53.29999923706055,46.632205963134766,8086400
2019-09-24,53.0,53.63999938964844,52.290000915527344,52.79999923706055,46.19475173950195,11453800
2019-09-25,52.220001220703125,53.11000061035156,52.029998779296875,52.84000015258789,46.22975158691406,10000900
2019-09-26,52.849998474121094,52.869998931884766,51.90999984741211,52.630001068115234,46.046016693115234,8923400
2019-09-27,52.650001525878906,52.79999923706055,49.41999816894531,50.220001220703125,43.93750762939453,10135600
2019-09-30,50.130001068115234,50.16999816894531,48.36000061035156,48.84000015258789,42.73014831542969,12332300
2019-10-01,49.5,49.65999984741211,46.97999954223633,47.209999084472656,41.30405807495117,11179100
2019-10-02,46.279998779296875,46.900001525878906,45.59000015258789,46.65999984741211,40.82285690307617,9339600
2019-10-03,46.709999084472656,47.959999084472656,46.27000045776367,47.619998931884766,41.66276931762695,6808000
2019-10-04,48.029998779296875,48.31999969482422,46.7400016784668,46.93000030517578,41.059085845947266,6522700
2019-10-07,46.61000061035156,46.65999984741211,45.65999984741211,45.900001525878906,40.15793228149414,9453000
2019-10-08,45.2599983215332,46.150001525878906,45.02000045776367,45.61000061035156,39.90421676635742,5620900
2019-10-09,46.18000030517578,46.81999969482422,45.90999984741211,46.470001220703125,40.656639099121094,3062700
2019-10-10,46.45000076293945,46.97999954223633,46.04999923706055,46.5099983215332,40.69162368774414,4778200
2019-10-11,47.02000045776367,47.7599983215332,46.91999816894531,47.11000061035156,41.21656799316406,5127100
2019-10-14,46.630001068115234,47.06999969482422,46.16999816894531,46.5,40.68286895751953,7073400
2019-10-15,46.84000015258789,47.310001373291016,46.279998779296875,47.09000015258789,41.199066162109375,4081700
2019-10-16,47.459999084472656,47.66999816894531,46.04999923706055,46.810001373291016,40.954097747802734,3129400
2019-10-17,47.02000045776367,47.95000076293945,46.65999984741211,47.79999923706055,41.82025146484375,4175600
2019-10-18,47.599998474121094,48.540000915527344,47.529998779296875,48.38999938964844,42.33644485473633,4006000
2019-10-21,48.869998931884766,49.56999969482422,48.68000030517578,49.09000015258789,42.94887924194336,4163100
2019-10-22,49.56999969482422,49.849998474121094,48.93000030517578,49.099998474121094,42.95762252807617,3439700
2019-10-23,49.75,51.91999816894531,49.650001525878906,51.5099983215332,45.066123962402344,7601000
2019-10-24,51.5,52.27000045776367,51.47999954223633,52.04999923706055,45.5385856628418,4581900
2019-10-25,52.25,53.0,51.54999923706055,52.86000061035156,46.24724578857422,4157200
2019-10-28,53.0,53.40999984741211,52.43000030517578,52.790000915527344,46.18599319458008,3583200
2019-10-29,52.66999816894531,53.209999084472656,52.38999938964844,52.95000076293945,46.325984954833984,2387400
2019-10-30,52.79999923706055,53.20000076293945,52.54999923706055,52.970001220703125,46.343482971191406,3502400
2019-10-31,52.7599983215332,53.189998626708984,52.400001525878906,53.15999984741211,46.50971984863281,2378700
2019-11-01,52.939998626708984,53.849998474121094,52.810001373291016,53.65999984741211,47.38392639160156,3410800
2019-11-04,53.900001525878906,54.08000183105469,52.810001373291016,53.15999984741211,46.94240188598633,3405800
2019-11-05,53.099998474121094,53.29999923706055,52.54999923706055,52.790000915527344,46.61567687988281,2552200
2019-11-06,52.5,52.560001373291016,51.310001373291016,52.040000915527344,45.953399658203125,6270100
2019-11-07,52.63999938964844,52.939998626708984,51.380001068115234,51.400001525878906,45.38825607299805,7323000
2019-11-08,51.220001220703125,51.90999984741211,51.20000076293945,51.529998779296875,45.50304412841797,5158600
2019-11-11,51.529998779296875,52.040000915527344,51.349998474121094,51.90999984741211,45.83860397338867,3059700
2019-11-12,51.9900016784668,52.119998931884766,51.310001373291016,51.959999084472656,45.88276290893555,3553500
2019-11-13,51.70000076293945,52.86000061035156,51.59000015258789,52.41999816894531,46.2889518737793,5364800
2019-11-14,52.34000015258789,52.900001525878906,52.189998626708984,52.630001068115234,46.47439193725586,2576100
2019-11-15,52.880001068115234,53.150001525878906,52.40999984741211,52.52000045776367,46.37725830078125,2917700
2019-11-18,52.5,53.099998474121094,52.2400016784668,52.36000061035156,46.23597717285156,3380700
2019-11-19,52.38999938964844,52.66999816894531,51.63999938964844,51.970001220703125,45.8915901184082,3897100
2019-11-20,51.790000915527344,52.13999938964844,51.439998626708984,51.619998931884766,45.58251953125,3959500
2019-11-21,51.560001373291016,52.20000076293945,51.52000045776367,51.65999984741211,45.61784362792969,3087500
2019-11-22,51.70000076293945,52.06999969482422,50.970001220703125,51.2599983215332,45.264625549316406,4101500
2019-11-25,51.29999923706055,52.4900016784668,51.15999984741211,52.470001220703125,46.33311080932617,4636000
2019-11-26,53.0,53.470001220703125,52.540000915527344,53.36000061035156,47.11901092529297,31373200
2019-11-27,53.349998474121094,54.36000061035156,53.04999923706055,54.2400016784668,47.89609146118164,5284500
2019-11-29,54.04999923706055,54.58000183105469,54.0,54.220001220703125,47.878421783447266,1951500
2019-12-02,54.40999984741211,54.439998626708984,52.720001220703125,52.900001525878906,46.71281433105469,5671400
2019-12-03,52.349998474121094,53.11000061035156,51.779998779296875,53.0,46.801116943359375,4150300
2019-12-04,53.099998474121094,53.47999954223633,52.91999816894531,53.099998474121094,46.88942337036133,2701800
2019-12-05,53.459999084472656,53.93000030517578,53.25,53.52000045776367,47.260292053222656,3923000
2019-12-06,54.0,54.47999954223633,53.91999816894531,53.91999816894531,47.6135139465332,2834900
2019-12-09,54.22999954223633,54.77000045776367,53.95000076293945,54.13999938964844,47.80778121948242,3922100
2019-12-10,54.2400016784668,54.77000045776367,54.09000015258789,54.40999984741211,48.04620361328125,3971100
2019-12-11,54.5,55.0,54.31999969482422,54.91999816894531,48.496551513671875,2453900
2019-12-12,54.970001220703125,55.209999084472656,54.029998779296875,54.16999816894531,47.83427047729492,3567200
2019-12-13,54.0,54.38999938964844,53.52000045776367,53.630001068115234,47.35742950439453,2680200
2019-12-16,53.95000076293945,54.810001373291016,53.81999969482422,54.529998779296875,48.15217208862305,3568800
2019-12-17,54.720001220703125,54.77000045776367,54.06999969482422,54.58000183105469,48.19632339477539,3521200
2019-12-18,54.4900016784668,54.83000183105469,54.16999816894531,54.619998931884766,48.23163986206055,3390600
2019-12-19,54.599998474121094,55.7599983215332,54.5099983215332,55.75,49.22947311401367,4067000
2019-12-20,55.65999984741211,55.970001220703125,55.08000183105469,55.79999923706055,49.27362823486328,3898300
2019-12-23,55.880001068115234,56.16999816894531,55.2599983215332,55.290000915527344,48.823280334472656,2387700
2019-12-24,55.25,55.59000015258789,55.08000183105469,55.400001525878906,48.92041015625,1238100
2019-12-26,55.459999084472656,56.41999816894531,55.400001525878906,56.29999923706055,49.715145111083984,2150700
2019-12-27,56.400001525878906,56.689998626708984,56.040000915527344,56.13999938964844,49.57386779785156,1731600
2019-12-30,56.16999816894531,56.20000076293945,55.470001220703125,56.0,49.450233459472656,1923100
2019-12-31,56.0,56.29999923706055,55.630001068115234,55.939998626708984,49.39726257324219,1641900
2020-01-02,56.20000076293945,56.459999084472656,55.560001373291016,55.79999923706055,49.27362823486328,3372700
2020-01-03,55.22999954223633,56.060001373291016,54.93000030517578,56.0,49.450233459472656,2411100
2020-01-06,55.209999084472656,55.93000030517578,55.040000915527344,55.900001525878906,49.3619384765625,2503700
2020-01-07,55.93000030517578,56.310001373291016,55.790000915527344,55.900001525878906,49.3619384765625,2668500
2020-01-08,55.900001525878906,57.0,55.880001068115234,56.7400016784668,50.10369110107422,2913300
2020-01-09,57.150001525878906,58.400001525878906,56.88999938964844,57.849998474121094,51.0838623046875,4385500
2020-01-10,58.02000045776367,58.189998626708984,57.4900016784668,57.720001220703125,50.96906280517578,4975400
2020-01-13,57.880001068115234,58.689998626708984,57.380001068115234,58.43000030517578,51.59601974487305,3273900
2020-01-14,58.560001373291016,58.84000015258789,58.0099983215332,58.11000061035156,51.31344985961914,2611300
2020-01-15,57.66999816894531,58.689998626708984,57.619998931884766,58.22999954223633,51.41941452026367,3557500
2020-01-16,58.709999084472656,60.189998626708984,58.68000030517578,60.150001525878906,53.11484909057617,5922200
2020-01-17,60.77000045776367,61.38999938964844,60.38999938964844,60.7599983215332,53.653507232666016,4276500
2020-01-21,60.5,61.77000045776367,60.15999984741211,61.16999816894531,54.01555252075195,4923500
2020-01-22,61.380001068115234,63.13999938964844,61.349998474121094,62.869998931884766,55.516719818115234,4678000
2020-01-23,62.869998931884766,63.77000045776367,62.599998474121094,63.72999954223633,56.2761344909668,4800700
2020-01-24,64.0999984741211,64.18000030517578,61.66999816894531,62.209999084472656,54.93391036987305,7476500
2020-01-27,59.84000015258789,61.65999984741211,59.369998931884766,61.189998626708984,54.033206939697266,3727000
2020-01-28,61.380001068115234,62.33000183105469,61.150001525878906,61.619998931884766,54.41292190551758,3725900
2020-01-29,62.15999984741211,63.13999938964844,61.95000076293945,62.650001525878906,55.322452545166016,4279200
2020-01-30,62.47999954223633,63.5,60.0,61.11000061035156,53.96256637573242,8556100
2020-01-31,61.0,61.130001068115234,59.619998931884766,61.06999969482422,53.92724609375,6128600
2020-02-03,61.599998474121094,61.72999954223633,60.52000045776367,60.52000045776367,53.44158172607422,3200900
2020-02-04,61.33000183105469,63.70000076293945,61.279998779296875,63.27000045776367,55.86993408203125,4175600
2020-02-05,63.84000015258789,64.38999938964844,63.02000045776367,63.72999954223633,56.2761344909668,3266400
2020-02-06,63.7599983215332,64.27999877929688,62.93000030517578,64.20999908447266,56.70000076293945,2877300
2020-02-07,63.099998474121094,63.86000061035156,61.93000030517578,62.7599983215332,55.95112991333008,4359700
2020-02-10,62.52000045776367,64.13999938964844,62.4900016784668,64.11000061035156,57.154659271240234,3379700
2020-02-11,64.47000122070312,64.97000122070312,64.2300033569336,64.41000366210938,57.422122955322266,3082800
2020-02-12,64.08000183105469,64.41000366210938,62.79999923706055,62.849998474121094,56.0313606262207,4537900
2020-02-13,62.79999923706055,63.560001373291016,62.5099983215332,62.939998626708984,56.11159896850586,3845900
2020-02-14,63.06999969482422,63.29999923706055,62.5,62.95000076293945,56.120513916015625,2821900
2020-02-18,62.90999984741211,63.470001220703125,61.91999816894531,61.970001220703125,55.24683380126953,4544400
2020-02-19,62.40999984741211,63.43000030517578,62.310001373291016,62.7599983215332,55.95112991333008,3394500
2020-02-20,62.75,63.189998626708984,61.13999938964844,62.45000076293945,55.67476272583008,3363100
2020-02-21,62.0099983215332,62.18000030517578,60.97999954223633,61.25,54.604949951171875,4198400
2020-02-24,58.369998931884766,59.630001068115234,55.70000076293945,58.560001373291016,52.206790924072266,7372000
2020-02-25,59.09000015258789,59.22999954223633,56.0,56.470001220703125,50.34353256225586,6361900
2020-02-26,56.02000045776367,57.68000030517578,55.970001220703125,56.0,49.92452621459961,5732500
2020-02-27,54.20000076293945,55.65999984741211,52.52000045776367,53.290000915527344,47.50853729248047,10451400
2020-02-28,49.720001220703125,54.04999923706055,49.04999923706055,53.84000015258789,47.99886703491211,12953900
2020-03-02,54.5,56.7400016784668,53.689998626708984,56.029998779296875,49.95127487182617,8285200
2020-03-03,56.18000030517578,58.040000915527344,54.66999816894531,56.09000015258789,50.004764556884766,6414800
2020-03-04,57.41999816894531,58.349998474121094,56.099998474121094,58.099998474121094,51.796688079833984,4747500
2020-03-05,57.34000015258789,58.43000030517578,56.7599983215332,57.790000915527344,51.52032470703125,5009500
2020-03-06,55.130001068115234,55.459999084472656,52.68000030517578,54.060001373291016,48.19499588012695,10219300
2020-03-09,47.540000915527344,50.36000061035156,46.95000076293945,46.97999954223633,41.88311004638672,11938100
2020-03-10,49.86000061035156,50.77000045776367,47.70000076293945,50.63999938964844,45.14603805541992,7672600
2020-03-11,48.540000915527344,49.97999954223633,46.150001525878906,47.349998474121094,42.21297073364258,7451600
2020-03-12,40.130001068115234,44.45000076293945,37.459999084472656,40.060001373291016,35.7138671875,17469200
2020-03-13,43.939998626708984,46.93000030517578,40.310001373291016,46.720001220703125,41.65131759643555,11798000
2020-03-16,38.0,42.560001373291016,37.79999923706055,40.529998779296875,36.13287353515625,14338600
2020-03-17,40.720001220703125,42.349998474121094,35.560001373291016,41.439998626708984,36.944149017333984,18713600
2020-03-18,37.5,40.810001373291016,33.0,40.7599983215332,36.33791732788086,16652000
2020-03-19,38.81999969482422,42.0,36.119998931884766,41.9900016784668,37.43448257446289,10469000
2020-03-20,42.060001373291016,42.380001068115234,36.099998474121094,37.66999816894531,33.583152770996094,10999100
2020-03-23,36.06999969482422,37.189998626708984,33.25,36.040000915527344,32.130001068115234,12461600
2020-03-24,39.0,41.84000015258789,38.20000076293945,39.91999816894531,35.589054107666016,10436200
2020-03-25,40.529998779296875,46.70000076293945,39.5,42.81999969482422,38.17443084716797,12177000
2020-03-26,43.95000076293945,49.349998474121094,43.7599983215332,48.0,42.79244613647461,12233000
2020-03-27,45.470001220703125,47.9900016784668,44.31999969482422,46.09000015258789,41.08967208862305,7467800
2020-03-30,46.060001373291016,47.75,44.2599983215332,47.279998779296875,42.15055847167969,5128800
2020-03-31,46.900001525878906,47.150001525878906,44.150001525878906,45.56999969482422,40.62608337402344,7005600
2020-04-01,42.540000915527344,42.68000030517578,40.45000076293945,40.79999923706055,36.37358474731445,9616800
2020-04-02,40.40999984741211,42.650001525878906,39.25,41.189998626708984,36.72126770019531,7443300
2020-04-03,41.25,42.189998626708984,41.040000915527344,41.7400016784668,37.211605072021484,7238200
2020-04-06,43.689998626708984,46.88999938964844,43.61000061035156,46.56999969482422,41.51758575439453,9093400
2020-04-07,50.0,52.689998626708984,45.439998626708984,45.630001068115234,40.6795654296875,8906500
2020-04-08,46.4900016784668,48.63999938964844,45.90999984741211,46.970001220703125,41.87419891357422,5547400
2020-04-09,49.0099983215332,51.59000015258789,48.5,49.16999816894531,43.83551788330078,9419900
2020-04-13,49.150001525878906,49.47999954223633,45.38999938964844,47.58000183105469,42.41801071166992,6844100
2020-04-14,49.119998931884766,50.29999923706055,47.939998626708984,47.959999084472656,42.75679397583008,7166500
2020-04-15,46.45000076293945,47.2599983215332,45.150001525878906,45.5,40.56367111206055,8482300
2020-04-16,46.189998626708984,48.150001525878906,45.5099983215332,47.959999084472656,42.75679397583008,5456600
2020-04-17,49.45000076293945,50.2599983215332,47.72999954223633,50.0099983215332,44.58437728881836,8384400
2020-04-20,48.58000183105469,48.900001525878906,47.400001525878906,48.18000030517578,42.95292663574219,5052500
2020-04-21,45.84000015258789,46.540000915527344,45.04999923706055,45.5,40.56367111206055,6509000
2020-04-22,46.66999816894531,47.25,46.11000061035156,46.33000183105469,41.303627014160156,3354000
2020-04-23,47.220001220703125,49.77000045776367,46.56999969482422,48.43000030517578,43.17579650878906,6846900
2020-04-24,49.459999084472656,49.459999084472656,47.75,48.43000030517578,43.17579650878906,4756800
2020-04-27,48.91999816894531,51.560001373291016,48.84000015258789,51.38999938964844,45.81466293334961,5761800
2020-04-28,52.5,53.34000015258789,50.90999984741211,51.400001525878906,45.823585510253906,4277800
2020-04-29,52.529998779296875,55.11000061035156,52.47999954223633,54.119998931884766,48.248477935791016,6621000
2020-04-30,53.18000030517578,54.02000045776367,51.43000030517578,52.2400016784668,46.572452545166016,4710700
2020-05-01,50.29999923706055,50.84000015258789,49.65999984741211,50.41999816894531,45.28800582885742,3921300
2020-05-04,48.79999923706055,49.790000915527344,48.470001220703125,49.45000076293945,44.41674041748047,4106300
2020-05-05,50.25,51.650001525878906,50.099998474121094,50.65999984741211,45.503570556640625,3753000
2020-05-06,51.0,51.540000915527344,50.34000015258789,51.189998626708984,45.9796257019043,7279500
2020-05-07,52.099998474121094,53.310001373291016,52.0,52.790000915527344,47.416770935058594,4840700
2020-05-08,53.119998931884766,53.400001525878906,52.560001373291016,52.869998931884766,47.48862838745117,3787300
2020-05-11,52.5,53.33000183105469,52.08000183105469,53.15999984741211,47.749114990234375,5513300
2020-05-12,53.5,54.029998779296875,52.459999084472656,52.470001220703125,47.12934875488281,5022000
2020-05-13,52.150001525878906,52.380001068115234,49.209999084472656,50.119998931884766,45.01853561401367,5878200
2020-05-14,49.060001373291016,50.689998626708984,47.79999923706055,50.599998474121094,45.44968032836914,5316000
2020-05-15,50.150001525878906,51.40999984741211,49.59000015258789,51.06999969482422,45.87184524536133,3422200
2020-05-18,53.0,53.970001220703125,52.599998474121094,53.56999969482422,48.11738204956055,4486500
2020-05-19,53.400001525878906,55.189998626708984,52.86000061035156,52.86000061035156,47.47964859008789,3690000
2020-05-20,54.0,54.5,53.540000915527344,54.2599983215332,48.737152099609375,3487400
2020-05-21,53.970001220703125,54.27000045776367,52.90999984741211,53.61000061035156,48.1533088684082,3417400
2020-05-22,53.599998474121094,54.0099983215332,53.13999938964844,53.95000076293945,48.458702087402344,3064000
2020-05-26,55.5,56.75,55.25,56.209999084472656,50.48866271972656,4745200
2020-05-27,57.65999984741211,58.2400016784668,55.7599983215332,56.459999084472656,50.71321487426758,4929300
2020-05-28,56.9900016784668,57.81999969482422,56.209999084472656,56.65999984741211,50.89285659790039,3968800
2020-05-29,56.43000030517578,57.439998626708984,55.75,56.79999923706055,51.018611907958984,3728100
2020-06-01,56.650001525878906,57.5,56.11000061035156,57.209999084472656,51.386878967285156,2414300
2020-06-02,57.56999969482422,58.34000015258789,57.06999969482422,57.84000015258789,51.95275115966797,2767500
2020-06-03,58.5,59.380001068115234,58.15999984741211,59.20000076293945,53.17433166503906,4025400
2020-06-04,58.709999084472656,59.130001068115234,57.72999954223633,58.4900016784668,52.536598205566406,3747900
2020-06-05,59.900001525878906,60.20000076293945,58.540000915527344,58.95000076293945,52.94977569580078,3989100
2020-06-08,59.290000915527344,59.5,58.5099983215332,59.45000076293945,53.398887634277344,3683000
2020-06-09,58.119998931884766,59.0099983215332,57.560001373291016,58.349998474121094,52.41084671020508,3013900
2020-06-10,58.599998474121094,59.25,57.810001373291016,58.31999969482422,52.3838996887207,2683300
2020-06-11,56.0,56.45000076293945,54.79999923706055,55.0,49.40182876586914,4566100
2020-06-12,56.65999984741211,57.06999969482422,54.65999984741211,55.72999954223633,50.057525634765625,2797300
2020-06-15,54.119998931884766,57.060001373291016,53.599998474121094,56.650001525878906,50.883888244628906,2855800
2020-06-16,58.45000076293945,58.75,56.61000061035156,57.5,51.647361755371094,3014200
2020-06-17,58.0,58.20000076293945,56.970001220703125,57.09000015258789,51.27909469604492,2275300
2020-06-18,56.689998626708984,58.20000076293945,56.220001220703125,57.650001525878906,51.78209686279297,2784200
2020-06-19,58.5,59.0,56.63999938964844,59.0,52.994686126708984,5635500
2020-06-22,57.849998474121094,58.06999969482422,56.16999816894531,56.810001373291016,51.02759552001953,4276100
2020-06-23,57.650001525878906,58.040000915527344,56.86000061035156,57.06999969482422,51.26112747192383,3044800
2020-06-24,56.52000045776367,56.52000045776367,54.400001525878906,55.189998626708984,49.57249069213867,3917400
2020-06-25,54.95000076293945,57.310001373291016,54.810001373291016,57.22999954223633,51.404842376708984,3541800
2020-06-26,56.66999816894531,57.15999984741211,54.29999923706055,54.349998474121094,48.8179817199707,3510000
2020-06-29,54.58000183105469,55.939998626708984,54.02000045776367,55.810001373291016,50.12937927246094,2659300
2020-06-30,55.869998931884766,56.79999923706055,55.70000076293945,56.65999984741211,50.89285659790039,2501500
2020-07-01,56.779998779296875,57.560001373291016,55.72999954223633,56.13999938964844,50.42578887939453,1781500
2020-07-02,57.029998779296875,57.22999954223633,55.25,55.38999938964844,49.752132415771484,2647600
2020-07-06,56.22999954223633,56.560001373291016,55.0,55.36000061035156,49.725189208984375,3271600
2020-07-07,55.0,55.130001068115234,53.459999084472656,53.599998474121094,48.14432907104492,3720500
2020-07-08,53.86000061035156,54.65999984741211,53.5,54.470001220703125,48.92577362060547,2714900
2020-07-09,54.220001220703125,54.47999954223633,52.310001373291016,53.369998931884766,47.9377326965332,3417100
2020-07-10,53.59000015258789,53.79999923706055,52.95000076293945,53.72999954223633,48.26108932495117,1998000
2020-07-13,54.029998779296875,54.54999923706055,53.2400016784668,53.52000045776367,48.07246780395508,3278700
2020-07-14,53.349998474121094,54.66999816894531,53.08000183105469,54.529998779296875,48.97966766357422,2914200
2020-07-15,55.689998626708984,56.220001220703125,54.869998931884766,56.0099983215332,50.309024810791016,2422400
2020-07-16,55.540000915527344,55.63999938964844,55.04999923706055,55.400001525878906,49.76111602783203,2131600
2020-07-17,55.7400016784668,56.189998626708984,55.08000183105469,55.970001220703125,50.27309036254883,1784200
2020-07-20,55.84000015258789,56.36000061035156,55.630001068115234,56.13999938964844,50.42578887939453,2449100
2020-07-21,56.279998779296875,57.95000076293945,56.279998779296875,57.619998931884766,51.75514602661133,3098500
2020-07-22,57.209999084472656,58.0,56.939998626708984,58.0,52.096466064453125,2593400
2020-07-23,58.040000915527344,58.900001525878906,56.02000045776367,56.66999816894531,50.90184783935547,4274900
2020-07-24,56.34000015258789,56.439998626708984,55.02000045776367,55.70000076293945,50.030574798583984,4064000
2020-07-27,55.43000030517578,55.689998626708984,54.81999969482422,55.25,49.626380920410156,2393100
2020-07-28,54.95000076293945,55.150001525878906,54.099998474121094,54.150001525878906,48.63833999633789,2032300
2020-07-29,54.439998626708984,55.36000061035156,54.369998931884766,55.13999938964844,49.527584075927734,2111900
2020-07-30,54.33000183105469,54.790000915527344,53.880001068115234,54.66999816894531,49.10541534423828,2224500
2020-07-31,54.40999984741211,54.47999954223633,52.619998931884766,53.279998779296875,48.18299102783203,3191600
2020-08-03,53.34000015258789,53.83000183105469,52.41999816894531,53.060001373291016,47.98404312133789,2355200
2020-08-04,52.7599983215332,52.9900016784668,51.810001373291016,52.15999984741211,47.17013931274414,4549200
2020-08-05,52.41999816894531,53.20000076293945,52.04999923706055,52.939998626708984,47.875518798828125,4840600
2020-08-06,52.81999969482422,53.59000015258789,52.709999084472656,53.0,47.929779052734375,3050900
2020-08-07,52.86000061035156,53.150001525878906,52.36000061035156,52.52000045776367,47.495697021484375,2278600
2020-08-10,52.70000076293945,52.720001220703125,51.77000045776367,52.33000183105469,47.32387161254883,4083900
2020-08-11,52.59000015258789,53.7400016784668,52.40999984741211,52.5099983215332,47.48665237426758,4035200
2020-08-12,53.290000915527344,53.709999084472656,52.70000076293945,52.86000061035156,47.80317306518555,2028900
2020-08-13,52.54999923706055,53.36000061035156,52.54999923706055,53.18000030517578,48.092559814453125,1897600
2020-08-14,53.04999923706055,53.29999923706055,52.709999084472656,52.7400016784668,47.69465255737305,1713700
2020-08-17,52.84000015258789,53.63999938964844,52.75,53.380001068115234,48.2734260559082,1855100
2020-08-18,53.38999938964844,53.9900016784668,53.369998931884766,53.560001373291016,48.43620681762695,2371500
2020-08-19,53.95000076293945,54.54999923706055,53.68000030517578,53.9900016784668,48.825069427490234,2342500
2020-08-20,53.5099983215332,53.93000030517578,52.439998626708984,52.4900016784668,47.46856689453125,2581300
2020-08-21,52.66999816894531,53.349998474121094,52.56999969482422,52.970001220703125,47.90264892578125,2377100
2020-08-24,53.31999969482422,53.599998474121094,52.7599983215332,53.29999923706055,48.20107650756836,2365900
2020-08-25,53.65999984741211,53.65999984741211,52.65999984741211,53.029998779296875,47.956905364990234,2312700
2020-08-26,53.029998779296875,54.189998626708984,52.66999816894531,54.08000183105469,48.90645980834961,2993800
2020-08-27,53.93000030517578,54.279998779296875,53.40999984741211,53.540000915527344,48.418121337890625,2765000
2020-08-28,53.70000076293945,53.75,52.810001373291016,52.95000076293945,47.884559631347656,3153800
2020-08-31,53.040000915527344,53.45000076293945,52.689998626708984,52.95000076293945,47.884559631347656,2610400
2020-09-01,53.29999923706055,53.7400016784668,52.939998626708984,53.720001220703125,48.58089828491211,2667600
2020-09-02,53.9900016784668,54.81999969482422,53.18000030517578,54.459999084472656,49.2501106262207,2253400
2020-09-03,54.459999084472656,54.849998474121094,52.4900016784668,53.86000061035156,48.7075080871582,3802400
2020-09-04,54.18000030517578,54.75,52.369998931884766,52.9900016784668,47.92074203491211,2636100
2020-09-08,51.849998474121094,52.040000915527344,50.849998474121094,51.13999938964844,46.24771499633789,3596400
2020-09-09,51.68000030517578,51.97999954223633,51.189998626708984,51.61000061035156,46.67274856567383,3212500
2020-09-10,51.70000076293945,52.47999954223633,51.34000015258789,51.43000030517578,46.509971618652344,2500800
2020-09-11,51.560001373291016,52.060001373291016,50.65999984741211,51.470001220703125,46.54615020751953,3570200
2020-09-14,52.060001373291016,52.83000183105469,51.7400016784668,52.66999816894531,47.631351470947266,2322600
2020-09-15,52.849998474121094,53.869998931884766,52.380001068115234,53.20000076293945,48.11064910888672,3625000
2020-09-16,53.439998626708984,54.2599983215332,53.06999969482422,53.529998779296875,48.40907669067383,2117600
2020-09-17,52.540000915527344,52.709999084472656,51.56999969482422,52.20000076293945,47.2063102722168,4169600
2020-09-18,52.33000183105469,52.959999084472656,52.119998931884766,52.70000076293945,47.658477783203125,5692200
2020-09-21,51.83000183105469,52.09000015258789,51.13999938964844,51.72999954223633,46.781272888183594,3022000
2020-09-22,51.79999923706055,52.36000061035156,50.63999938964844,51.29999923706055,46.39240646362305,2779300
2020-09-23,51.439998626708984,52.36000061035156,50.65999984741211,50.790000915527344,45.93119812011719,2096900
2020-09-24,50.58000183105469,50.849998474121094,49.2599983215332,49.95000076293945,45.17156219482422,4193300
2020-09-25,49.77000045776367,51.470001220703125,49.75,51.150001525878906,46.25675964355469,2639100
2020-09-28,51.880001068115234,52.84000015258789,51.790000915527344,52.65999984741211,47.6223030090332,2354100
2020-09-29,52.59000015258789,53.220001220703125,52.0099983215332,52.709999084472656,47.66752243041992,2571100
2020-09-30,52.709999084472656,53.349998474121094,52.02000045776367,52.20000076293945,47.2063102722168,3171900
2020-10-01,52.4900016784668,53.65999984741211,52.43000030517578,53.5099983215332,48.390987396240234,2531400
2020-10-02,52.5099983215332,54.4900016784668,52.349998474121094,53.68000030517578,48.54472732543945,2014900
2020-10-05,54.060001373291016,54.61000061035156,53.70000076293945,54.290000915527344,49.09637451171875,2393200
2020-10-06,54.619998931884766,55.220001220703125,53.79999923706055,54.040000915527344,48.87029266357422,2506900
2020-10-07,54.38999938964844,55.09000015258789,53.97999954223633,54.459999084472656,49.2501106262207,2660000
2020-10-08,54.90999984741211,55.43000030517578,54.77000045776367,55.09000015258789,49.81983947753906,1869300
2020-10-09,55.41999816894531,55.630001068115234,54.61000061035156,54.720001220703125,49.4852409362793,1674800
2020-10-12,54.349998474121094,55.0,54.060001373291016,54.970001220703125,49.71132278442383,2406200
2020-10-13,55.0,55.61000061035156,54.880001068115234,55.36000061035156,50.06401443481445,2236500
2020-10-14,55.599998474121094,55.81999969482422,54.970001220703125,55.099998474121094,49.828880310058594,2347400
2020-10-15,54.25,55.63999938964844,54.15999984741211,55.400001525878906,50.100189208984375,2369700
2020-10-16,55.58000183105469,56.33000183105469,55.470001220703125,55.779998779296875,50.44383239746094,2184400
2020-10-19,56.16999816894531,56.27000045776367,54.86000061035156,54.90999984741211,49.65705490112305,1679800
2020-10-20,55.2599983215332,55.4900016784668,54.63999938964844,54.66999816894531,49.44001388549805,3242900
2020-10-21,54.81999969482422,55.0,54.310001373291016,54.439998626708984,49.23201370239258,2496800
2020-10-22,54.720001220703125,55.13999938964844,54.2599983215332,54.77000045776367,49.53044891357422,2082200
2020-10-23,55.0,55.04999923706055,54.060001373291016,54.63999938964844,49.41288757324219,2368400
2020-10-26,54.13999938964844,54.470001220703125,52.650001525878906,52.84000015258789,47.78508377075195,3792600
2020-10-27,52.93000030517578,53.189998626708984,51.86000061035156,51.869998931884766,46.90787887573242,3764500
2020-10-28,50.81999969482422,50.97999954223633,49.400001525878906,50.290000915527344,45.479034423828125,3492400
2020-10-29,50.880001068115234,51.689998626708984,50.08000183105469,50.9900016784668,46.112064361572266,2558700
2020-10-30,50.61000061035156,50.970001220703125,49.40999984741211,50.41999816894531,45.59659194946289,3247900
2020-11-02,51.08000183105469,51.869998931884766,51.02000045776367,51.33000183105469,46.4195442199707,2643000
2020-11-03,52.150001525878906,52.459999084472656,51.689998626708984,51.97999954223633,47.00735855102539,2780800
2020-11-04,52.630001068115234,55.75,52.5099983215332,54.95000076293945,49.6932373046875,6457900
2020-11-05,55.959999084472656,59.20000076293945,55.84000015258789,57.45000076293945,51.95406723022461,5563700
2020-11-06,57.11000061035156,57.209999084472656,55.189998626708984,55.689998626708984,50.840309143066406,2284500
2020-11-09,58.189998626708984,58.25,55.349998474121094,56.040000915527344,51.15983963012695,5902500
2020-11-10,55.900001525878906,57.38999938964844,55.34000015258789,57.11000061035156,52.13665771484375,2827300
2020-11-11,56.970001220703125,57.27000045776367,55.16999816894531,55.349998474121094,50.52992248535156,4101400
2020-11-12,55.150001525878906,55.72999954223633,54.75,54.939998626708984,50.15562438964844,2414500
2020-11-13,55.2599983215332,56.15999984741211,55.2599983215332,56.15999984741211,51.269386291503906,2909300
2020-11-16,56.880001068115234,57.5,56.310001373291016,57.09000015258789,52.1183967590332,3137900
2020-11-17,56.63999938964844,57.689998626708984,56.529998779296875,57.689998626708984,52.6661491394043,2663100
2020-11-18,57.68000030517578,58.4900016784668,57.29999923706055,57.810001373291016,52.775699615478516,3783400
2020-11-19,57.560001373291016,58.93000030517578,56.970001220703125,58.63999938964844,53.53342056274414,2712600
2020-11-20,58.470001220703125,59.150001525878906,58.18000030517578,58.650001525878906,53.542545318603516,1534100
2020-11-23,58.86000061035156,59.47999954223633,58.58000183105469,59.11000061035156,53.96249008178711,3251300
2020-11-24,59.54999923706055,60.099998474121094,59.130001068115234,59.83000183105469,54.61979293823242,3056100
2020-11-25,59.880001068115234,60.599998474121094,59.75,60.47999954223633,55.21318435668945,2219500
2020-11-27,60.4900016784668,60.70000076293945,60.150001525878906,60.529998779296875,55.25882339477539,1201600
2020-11-30,60.41999816894531,60.650001525878906,59.11000061035156,59.54999923706055,54.364173889160156,3160600
2020-12-01,60.58000183105469,60.869998931884766,59.880001068115234,60.41999816894531,55.158409118652344,3749600
2020-12-02,60.349998474121094,61.619998931884766,59.810001373291016,61.599998474121094,56.23564910888672,2531200
2020-12-03,61.849998474121094,61.939998626708984,61.04999923706055,61.400001525878906,56.05306625366211,1898900
2020-12-04,61.4900016784668,62.150001525878906,61.4900016784668,62.040000915527344,56.637332916259766,1472800
2020-12-07,62.0,62.279998779296875,61.470001220703125,61.97999954223633,56.58255386352539,1853400
2020-12-08,61.720001220703125,62.470001220703125,61.529998779296875,62.45000076293945,57.01163101196289,2044700
2020-12-09,62.83000183105469,62.83000183105469,61.290000915527344,62.38999938964844,56.95684814453125,2488900
2020-12-10,61.970001220703125,62.93000030517578,61.619998931884766,62.849998474121094,57.376792907714844,1845400
2020-12-11,62.54999923706055,64.0,62.470001220703125,63.84000015258789,58.28058624267578,2318900
2020-12-14,64.30000305175781,64.33000183105469,62.52000045776367,63.11000061035156,57.61415481567383,2995900
2020-12-15,63.650001525878906,65.3499984741211,63.5,65.13999938964844,59.46738052368164,4413900
2020-12-16,65.66999816894531,65.69000244140625,64.70999908447266,64.93000030517578,59.27566146850586,2542800
2020-12-17,65.38999938964844,65.75,64.8499984741211,65.33999633789062,59.64995574951172,2484400
2020-12-18,65.08000183105469,65.38999938964844,63.869998931884766,64.5999984741211,58.97439956665039,5241900
2020-12-21,63.7599983215332,64.73999786376953,62.70000076293945,64.44999694824219,58.83745574951172,3533400
2020-12-22,64.45999908447266,65.16999816894531,64.19000244140625,64.83999633789062,59.19348907470703,2317600
2020-12-23,64.81999969482422,65.7300033569336,64.58000183105469,65.05000305175781,59.38521194458008,1526200
2020-12-24,65.0,65.19999694824219,64.6500015258789,64.98999786376953,59.33043670654297,605500
2020-12-28,65.4000015258789,65.44000244140625,64.55000305175781,64.66999816894531,59.038299560546875,1187100
2020-12-29,65.0,65.18000030517578,64.16000366210938,64.54000091552734,58.919620513916016,1367900
2020-12-30,64.75,65.26000213623047,64.63999938964844,64.69999694824219,59.0656852722168,1499600
2020-12-31,64.58999633789062,65.08999633789062,64.1500015258789,64.80999755859375,59.16611099243164,1827700
2021-01-04,65.0,65.0999984741211,62.209999084472656,63.0,57.51373291015625,3255800
2021-01-05,62.380001068115234,63.29999923706055,62.25,62.810001373291016,57.34027862548828,2758600
2021-01-06,62.31999969482422,62.77000045776367,61.27000045776367,61.65999984741211,56.29042434692383,5090700
2021-01-07,62.5099983215332,63.52000045776367,62.34000015258789,63.22999954223633,57.72370529174805,2368300
2021-01-08,63.75,64.0199966430664,62.0099983215332,62.900001525878906,57.422447204589844,2396700
2021-01-11,62.470001220703125,63.13999938964844,62.18000030517578,62.689998626708984,57.2307243347168,1689100
2021-01-12,62.619998931884766,63.060001373291016,62.369998931884766,62.58000183105469,57.13031005859375,1908400
2021-01-13,62.75,64.44000244140625,62.58000183105469,63.970001220703125,58.39926528930664,2360600
2021-01-14,64.51000213623047,64.51000213623047,63.189998626708984,63.5,57.970184326171875,2760400
2021-01-15,62.97999954223633,63.400001525878906,62.720001220703125,63.349998474121094,57.833251953125,2043600
2021-01-19,63.75,64.4800033569336,63.400001525878906,64.41000366210938,58.80095291137695,1657200
2021-01-20,64.69000244140625,65.48999786376953,64.36000061035156,65.22000122070312,59.5404052734375,2271800
2021-01-21,65.5,65.81999969482422,65.25,65.69000244140625,59.969482421875,2016900
2021-01-22,65.41999816894531,65.76000213623047,64.77999877929688,65.02999877929688,59.36695098876953,2220900
2021-01-25,65.3499984741211,66.08999633789062,64.72000122070312,64.9800033569336,59.32130813598633,3451000
2021-01-26,65.45999908447266,66.13999938964844,64.9000015258789,64.9000015258789,59.24827194213867,5279700
2021-01-27,65.33999633789062,67.80000305175781,64.05000305175781,65.16000366210938,59.48562240600586,6384400
2021-01-28,65.16000366210938,68.66999816894531,65.16000366210938,67.05000305175781,61.2110481262207,3750400
2021-01-29,66.69000244140625,68.33000183105469,66.30000305175781,67.19000244140625,61.33885192871094,3844300
2021-02-01,67.70999908447266,70.08999633789062,67.70999908447266,69.33000183105469,63.29249954223633,3021700
2021-02-02,70.68000030517578,71.4000015258789,69.69999694824219,70.98999786376953,64.80793762207031,2847300
2021-02-03,71.08999633789062,71.5,69.76000213623047,69.94999694824219,63.858497619628906,2640700
2021-02-04,69.9800033569336,70.98999786376953,69.9800033569336,70.98999786376953,64.80793762207031,2334200
2021-02-05,69.83999633789062,70.87999725341797,69.23999786376953,70.83999633789062,65.55753326416016,2708200
2021-02-08,70.98999786376953,71.16000366210938,69.8499984741211,70.55000305175781,65.28916931152344,3139700
2021-02-09,70.0999984741211,71.63999938964844,70.08999633789062,70.88999938964844,65.60379791259766,3868700
2021-02-10,71.4800033569336,71.88999938964844,70.56999969482422,70.86000061035156,65.57604217529297,1816000
2021-02-11,71.56999969482422,72.0999984741211,69.86000061035156,70.66000366210938,65.3909683227539,2393900
2021-02-12,70.5,71.0,70.18000030517578,70.20999908447266,64.97450256347656,1686800
2021-02-16,71.0999984741211,71.12000274658203,70.11000061035156,70.33999633789062,65.09481811523438,3133300
2021-02-17,70.41999816894531,70.45999908447266,69.55000305175781,69.87999725341797,64.66912078857422,1816000
2021-02-18,69.0,69.9800033569336,68.80000305175781,69.68000030517578,64.48402404785156,1693800
2021-02-19,69.87000274658203,70.25,69.5199966430664,69.97000122070312,64.75241088867188,1856500
2021-02-22,70.20999908447266,70.20999908447266,69.0199966430664,69.5199966430664,64.3359603881836,2108000
2021-02-23,69.33999633789062,69.48999786376953,68.08000183105469,69.30000305175781,64.13236999511719,2349400
2021-02-24,69.54000091552734,70.12999725341797,68.77999877929688,69.86000061035156,64.6506118774414,1988000
2021-02-25,69.88999938964844,70.11000061035156,68.16999816894531,68.41000366210938,63.308746337890625,2196100
2021-02-26,68.68000030517578,69.9800033569336,67.97000122070312,69.2300033569336,64.0676040649414,3419700
2021-03-01,70.25,70.98999786376953,69.55999755859375,70.7300033569336,65.45574188232422,2612900
2021-03-02,70.91000366210938,70.95999908447266,69.94999694824219,69.95999908447266,64.74314880371094,2309100
2021-03-03,70.37000274658203,70.37000274658203,69.12999725341797,69.58999633789062,64.40074157714844,1996000
2021-03-04,69.3499984741211,70.16000366210938,66.68000030517578,67.08000183105469,62.07791519165039,4421000
2021-03-05,67.0999984741211,67.41000366210938,63.709999084472656,66.0199966430664,61.096954345703125,6290600
2021-03-08,66.3499984741211,69.31999969482422,65.76000213623047,67.52999877929688,62.49435806274414,4558100
2021-03-09,68.16999816894531,70.9800033569336,67.80000305175781,69.3499984741211,64.17864990234375,3981700
2021-03-10,70.38999938964844,71.06999969482422,69.77999877929688,70.76000213623047,65.48351287841797,3123800
2021-03-11,71.0,74.26000213623047,70.9000015258789,74.01000213623047,68.49116516113281,4626100
2021-03-12,74.0,75.2699966430664,73.05000305175781,74.83999633789062,69.2592544555664,3444400
2021-03-15,75.13999938964844,75.55999755859375,72.91999816894531,74.93000030517578,69.34254455566406,3717700
2021-03-16,75.12000274658203,76.25,74.02999877929688,74.87000274658203,69.28702545166016,4418000
2021-03-17,74.69999694824219,76.0999984741211,73.91000366210938,76.08999633789062,70.41604614257812,2877100
2021-03-18,75.87999725341797,75.98999786376953,72.9000015258789,73.02999877929688,67.584228515625,2532000
2021-03-19,71.8499984741211,72.8499984741211,71.33999633789062,72.47000122070312,67.06598663330078,2712800
2021-03-22,72.58999633789062,74.11000061035156,72.27999877929688,73.55000305175781,68.06544494628906,2750000
2021-03-23,73.51000213623047,74.12000274658203,72.7699966430664,73.19000244140625,67.73229217529297,1494300
2021-03-24,73.5999984741211,74.13999938964844,72.12000274658203,72.1500015258789,66.76985168457031,2303400
2021-03-25,72.0,72.98999786376953,71.41000366210938,72.98999786376953,67.54722595214844,2096600
2021-03-26,73.2300033569336,74.31999969482422,72.44000244140625,74.30999755859375,68.7687759399414,2424200
2021-03-29,74.0,75.08999633789062,74.0,74.27999877929688,68.74100494384766,2230200
2021-03-30,74.0,74.48999786376953,73.80999755859375,74.25,68.7132568359375,1651700
2021-03-31,74.44000244140625,75.22000122070312,74.30000305175781,74.52999877929688,68.97238159179688,2551500
2021-04-01,75.29000091552734,75.55000305175781,74.63999938964844,75.19000244140625,69.58316802978516,1672100
2021-04-05,75.98999786376953,75.98999786376953,74.9000015258789,75.0,69.40733337402344,1588800
2021-04-06,74.80000305175781,74.94000244140625,74.36000061035156,74.62000274658203,69.0556640625,1854000
2021-04-07,74.62999725341797,75.47000122070312,74.29000091552734,75.2300033569336,69.62018585205078,2213100
2021-04-08,75.6500015258789,76.81999969482422,75.5999984741211,76.75,71.0268325805664,2489100
2021-04-09,76.75,76.93000030517578,76.08000183105469,76.9000015258789,71.1656494140625,1599900
2021-04-12,76.27999877929688,77.37999725341797,75.7699966430664,77.37000274658203,71.6006088256836,1858400
2021-04-13,77.4000015258789,78.70999908447266,76.91000366210938,78.38999938964844,72.54454803466797,2121600
2021-04-14,78.38999938964844,79.62999725341797,77.9800033569336,78.0,72.1836166381836,2706500
2021-04-15,78.94999694824219,80.20999908447266,78.36000061035156,79.6500015258789,73.71058654785156,4292100
2021-04-16,79.33999633789062,79.72000122070312,78.79000091552734,79.27999877929688,73.3681640625,3025700
2021-04-19,79.33000183105469,79.66000366210938,78.94999694824219,79.30000305175781,73.38668823242188,2425200
2021-04-20,79.19000244140625,80.0,78.81999969482422,79.5,73.57176971435547,2641400
2021-04-21,79.62999725341797,80.5199966430664,79.5,80.30999755859375,74.32135772705078,4306400
2021-04-22,83.16000366210938,84.47000122070312,81.66999816894531,82.95999908447266,76.77375030517578,6106200
2021-04-23,83.1500015258789,87.41999816894531,83.1500015258789,87.22000122070312,80.71609497070312,5634000
2021-04-26,87.38999938964844,87.88999938964844,86.5199966430664,87.08999633789062,80.59577941894531,5045100
2021-04-27,87.05000305175781,88.7699966430664,87.0,88.58999633789062,81.98392486572266,3176300
2021-04-28,88.30000305175781,89.33999633789062,88.12000274658203,89.02999877929688,82.39112091064453,5145400
2021-04-29,90.0,90.41999816894531,88.47000122070312,89.5,82.82608032226562,3078600
2021-04-30,88.19999694824219,89.18000030517578,87.70999908447266,88.48999786376953,82.64862060546875,4481600
2021-05-03,88.68000030517578,88.91999816894531,88.2699966430664,88.4800033569336,82.63927459716797,2296400
2021-05-04,88.12999725341797,88.86000061035156,87.54000091552734,88.33000183105469,82.49917602539062,3040800
2021-05-05,88.80000305175781,88.87999725341797,87.87000274658203,88.06999969482422,82.25634002685547,3563500
2021-05-06,88.22000122070312,88.76000213623047,87.19000244140625,88.33000183105469,82.49917602539062,2451500
2021-05-07,88.5,90.58000183105469,88.33000183105469,90.04000091552734,84.09629821777344,4356400
2021-05-10,90.83000183105469,91.41000366210938,88.58999633789062,88.61000061035156,82.76071166992188,3047500
2021-05-11,86.83000183105469,88.33999633789062,86.27999877929688,87.83000183105469,82.03218078613281,4102300
2021-05-12,87.5199966430664,88.18000030517578,83.76000213623047,84.30000305175781,78.73521423339844,5346100
2021-05-13,84.76000213623047,86.04000091552734,84.56999969482422,85.41000366210938,79.77194213867188,3177300
2021-05-14,85.6500015258789,87.83999633789062,85.6500015258789,87.4800033569336,81.7052993774414,2829500
2021-05-17,87.4800033569336,87.80999755859375,87.01000213623047,87.77999877929688,81.98548126220703,2862800
2021-05-18,88.0999984741211,89.69000244140625,87.93000030517578,88.08999633789062,82.27501678466797,3046000
2021-05-19,86.63999938964844,87.62999725341797,85.73999786376953,87.55999755859375,81.7800064086914,2967200
2021-05-20,88.0,89.73999786376953,87.7300033569336,89.1500015258789,83.26506042480469,4292600
2021-05-21,89.44999694824219,91.66999816894531,89.33000183105469,90.73999786376953,84.75007629394531,3623300
2021-05-24,91.81999969482422,91.83999633789062,90.7699966430664,91.22000122070312,85.19841003417969,2635600
2021-05-25,91.9800033569336,92.44000244140625,90.95999908447266,91.01000213623047,85.00227355957031,3939600
2021-05-26,91.19999694824219,92.36000061035156,91.08000183105469,92.12000274658203,86.03899383544922,3008200
2021-05-27,92.12000274658203,92.68000030517578,91.11000061035156,92.1500015258789,86.0670166015625,4489600
2021-05-28,92.58999633789062,93.0,91.87999725341797,92.66999816894531,86.55268859863281,2021100
2021-06-01,93.8499984741211,94.1500015258789,92.0999984741211,92.41999816894531,86.31918334960938,2764900
2021-06-02,92.37999725341797,92.87999725341797,91.7300033569336,92.2300033569336,86.14173889160156,2422100
2021-06-03,91.93000030517578,92.6500015258789,91.38999938964844,92.31999969482422,86.22579193115234,2852400
2021-06-04,93.0,93.30000305175781,92.41000366210938,93.19999694824219,87.0477066040039,2312700
2021-06-07,93.91000366210938,95.06999969482422,93.80000305175781,94.4000015258789,88.16849517822266,4139800
2021-06-08,94.73999786376953,95.0,94.04000091552734,94.61000061035156,88.36463165283203,2695900
2021-06-09,94.5199966430664,95.16999816894531,94.19999694824219,94.19999694824219,87.98168182373047,2458200
2021-06-10,94.66000366210938,95.18000030517578,93.62999725341797,93.66000366210938,87.47734069824219,4048100
2021-06-11,94.01000213623047,95.43000030517578,93.7699966430664,95.41000366210938,89.11182403564453,3385800
2021-06-14,95.61000061035156,96.48999786376953,95.45999908447266,95.61000061035156,89.29861450195312,3252200
2021-06-15,96.04000091552734,97.68000030517578,95.55999755859375,97.31999969482422,90.89573669433594,3826200
2021-06-16,97.44000244140625,99.38999938964844,97.4000015258789,98.4800033569336,91.97915649414062,4585100
2021-06-17,98.45999908447266,99.63999938964844,96.29000091552734,97.12999725341797,90.71826934814453,5666600
2021-06-18,96.1500015258789,97.47000122070312,95.56999969482422,96.37999725341797,90.01777648925781,6348900
2021-06-21,96.98999786376953,98.51000213623047,96.76000213623047,98.30999755859375,91.82037353515625,4820800
2021-06-22,98.30999755859375,99.3499984741211,97.91000366210938,98.41000366210938,91.91378021240234,4533200
2021-06-23,98.80000305175781,100.01000213623047,98.7300033569336,99.58000183105469,93.00655364990234,4229800
2021-06-24,100.25,100.75,99.30999755859375,99.62000274658203,93.04391479492188,6446600
2021-06-25,99.75,100.69000244140625,97.12000274658203,98.55000305175781,92.0445327758789,37994700
2021-06-28,98.6500015258789,100.19000244140625,98.16999816894531,99.25,92.69833374023438,2961800
2021-06-29,99.33000183105469,99.6500015258789,98.27999877929688,98.94999694824219,92.41813659667969,2691100
2021-06-30,98.52999877929688,98.95999908447266,96.7699966430664,97.13999938964844,90.72762298583984,4338800
2021-07-01,97.1500015258789,97.66999816894531,96.77999877929688,97.11000061035156,90.69960021972656,3234900
2021-07-02,97.69000244140625,97.98999786376953,96.98999786376953,97.6500015258789,91.20394134521484,2084300
2021-07-06,97.73999786376953,97.94000244140625,96.54000091552734,97.54000091552734,91.1012191772461,3190400
2021-07-07,97.55000305175781,99.05000305175781,97.41999816894531,98.87999725341797,92.3527603149414,2847800
2021-07-08,97.44000244140625,99.58000183105469,96.55000305175781,98.26000213623047,91.77368927001953,3320700
2021-07-09,98.5,99.73999786376953,98.16999816894531,99.7300033569336,93.14665222167969,2073600
2021-07-12,100.37000274658203,101.9800033569336,99.80999755859375,101.93000030517578,95.201416015625,3971300
2021-07-13,102.13999938964844,102.25,99.72000122070312,99.83000183105469,93.24004364013672,2428700
2021-07-14,100.25,100.69999694824219,98.5199966430664,98.6500015258789,92.13794708251953,2228400
2021-07-15,101.0199966430664,102.88999938964844,100.19999694824219,102.5,95.7337875366211,4654400
2021-07-16,101.94000244140625,103.23999786376953,101.70999908447266,102.19999694824219,95.45359802246094,3479600
2021-07-19,100.55999755859375,100.75,99.29000091552734,99.7300033569336,93.14665222167969,3140200
2021-07-20,100.20999908447266,104.45999908447266,100.0,103.83999633789062,96.98533630371094,4268700
2021-07-21,104.26000213623047,106.13999938964844,104.12000274658203,105.79000091552734,98.80661010742188,3618600
2021-07-22,108.30999755859375,111.0199966430664,107.41999816894531,110.12999725341797,102.86011505126953,5615000
2021-07-23,111.9000015258789,113.13999938964844,110.37000274658203,111.30000305175781,103.95289611816406,3986100
2021-07-26,111.0,113.45999908447266,111.0,113.29000091552734,105.81153106689453,3466200
2021-07-27,112.91000366210938,114.4800033569336,112.30999755859375,114.20999908447266,106.6707992553711,3537000
2021-07-28,114.1500015258789,114.94999694824219,112.36000061035156,114.36000061035156,106.81089782714844,3264500
2021-07-29,114.6500015258789,117.1500015258789,114.5,116.69999694824219,108.99642944335938,2873800
2021-07-30,115.5999984741211,116.05999755859375,114.7699966430664,115.2699966430664,108.31050872802734,2967400
2021-08-02,116.0999984741211,116.9000015258789,115.12000274658203,115.19000244140625,108.23533630371094,2448300
2021-08-03,115.61000061035156,115.91999816894531,113.94999694824219,115.16000366210938,108.2071533203125,2685600
2021-08-04,115.02999877929688,116.97000122070312,114.55999755859375,116.75,109.7011489868164,2232800
2021-08-05,117.2300033569336,117.6500015258789,115.0199966430664,115.69999694824219,108.71453857421875,3277800
2021-08-06,115.6500015258789,116.0999984741211,113.25,114.29000091552734,107.38967895507812,4692400
2021-08-09,114.5999984741211,114.8499984741211,113.4000015258789,114.23999786376953,107.34268951416016,2322100
2021-08-10,114.58000183105469,115.12999725341797,113.61000061035156,113.81999969482422,106.94805145263672,2658400
2021-08-11,115.0,115.0199966430664,113.30999755859375,114.45999908447266,107.5494155883789,3066600
2021-08-12,113.91999816894531,114.13999938964844,113.02999877929688,113.5,106.6473617553711,3028900
2021-08-13,113.58000183105469,115.05000305175781,113.5,114.80000305175781,107.86888885498047,2542100
2021-08-16,114.30999755859375,115.30000305175781,113.06999969482422,114.76000213623047,107.83130645751953,2254500
2021-08-17,114.11000061035156,114.62999725341797,112.16000366210938,112.80999755859375,105.9990234375,1833400
2021-08-18,112.36000061035156,112.83999633789062,111.38999938964844,111.43000030517578,104.70233917236328,1819200
2021-08-19,109.5,111.80999755859375,108.37000274658203,110.37000274658203,103.70634460449219,2895300
2021-08-20,110.9000015258789,113.55000305175781,110.73999786376953,113.30000305175781,106.4594497680664,2040200
2021-08-23,113.58000183105469,116.4000015258789,113.58000183105469,115.7699966430664,108.78031921386719,2865300
2021-08-24,116.0,118.25,116.0,118.06999969482422,110.94145202636719,2563800
2021-08-25,118.30000305175781,120.20999908447266,118.20999908447266,119.5199966430664,112.30391693115234,2910500
2021-08-26,119.95999908447266,123.12000274658203,119.5,121.87999725341797,114.52141571044922,3221300
2021-08-27,122.25,124.68000030517578,122.2300033569336,124.22000122070312,116.72014617919922,3315100
2021-08-30,124.88999938964844,126.37999725341797,124.4000015258789,124.41000366210938,116.898681640625,2963800
2021-08-31,124.48999786376953,125.83000183105469,122.77999877929688,125.7300033569336,118.13897705078125,3045000
2021-09-01,125.81999969482422,128.5399932861328,125.4800033569336,127.5199966430664,119.82089233398438,3847200
2021-09-02,128.1999969482422,129.4499969482422,127.66999816894531,128.32000732421875,120.5726089477539,3344100
2021-09-03,128.6999969482422,130.77999877929688,128.27999877929688,129.0,121.21155548095703,2767200
2021-09-07,128.6999969482422,128.99000549316406,126.04000091552734,127.06999969482422,119.3980712890625,3260600
2021-09-08,126.5999984741211,128.6999969482422,126.43000030517578,128.30999755859375,120.56319427490234,2362800
2021-09-09,128.44000244140625,130.88999938964844,127.77999877929688,129.41000366210938,121.5968017578125,2209000
2021-09-10,130.36000061035156,130.47000122070312,127.80999755859375,128.74000549316406,120.96723937988281,2144400
2021-09-13,129.75999450683594,130.33999633789062,127.01000213623047,129.2100067138672,121.40888214111328,2638800
2021-09-14,130.0,132.3300018310547,129.4499969482422,130.60000610351562,122.71495819091797,3478400
2021-09-15,130.63999938964844,135.42999267578125,130.1999969482422,134.60000610351562,126.47344207763672,4374300
2021-09-16,134.5,135.75,132.47000122070312,135.0399932861328,126.8868637084961,3725100
2021-09-17,135.38999938964844,136.88999938964844,133.58999633789062,133.6300048828125,125.56201934814453,17114400
2021-09-20,128.55999755859375,128.83999633789062,121.41999816894531,123.95999908447266,116.47583770751953,10694500
2021-09-21,125.56999969482422,129.72000122070312,125.5199966430664,127.56999969482422,119.86788177490234,5850800
2021-09-22,127.66999816894531,128.64999389648438,124.8499984741211,125.81999969482422,118.22354125976562,4473500
2021-09-23,127.63999938964844,129.44000244140625,126.12999725341797,127.08999633789062,119.41686248779297,3648000
2021-09-24,125.13999938964844,126.12000274658203,123.66000366210938,125.0999984741211,117.54701232910156,3115700
2021-09-27,124.27999877929688,124.75,121.62000274658203,123.33999633789062,115.89326477050781,3349000
2021-09-28,120.13999938964844,120.41000366210938,115.44999694824219,118.18000030517578,111.04480743408203,4755800
2021-09-29,119.86000061035156,120.27999877929688,117.94999694824219,118.91999816894531,111.7401351928711,2434500
2021-09-30,119.27999877929688,119.48999786376953,115.80000305175781,116.33999633789062,109.3158950805664,4649600
2021-10-01,116.66000366210938,116.86000061035156,113.62000274658203,115.75,108.76152801513672,4267800
2021-10-04,112.9000015258789,114.62000274658203,108.80999755859375,110.94999694824219,104.25132751464844,7681600
2021-10-05,112.5,115.30000305175781,111.56999969482422,114.80999755859375,107.87828063964844,3422400
2021-10-06,113.16999816894531,114.31999969482422,111.33000183105469,113.87000274658203,106.99504089355469,2714800
2021-10-07,115.22000122070312,116.83000183105469,114.95999908447266,115.27999877929688,108.31989288330078,3610100
2021-10-08,115.47000122070312,117.31999969482422,115.45999908447266,116.43000030517578,109.40046691894531,1935900
2021-10-11,115.83000183105469,117.20999908447266,114.45999908447266,114.54000091552734,107.62458038330078,1401600
2021-10-12,115.94999694824219,117.30000305175781,114.61000061035156,115.94000244140625,108.94004821777344,2365400
2021-10-13,117.29000091552734,118.8499984741211,116.08000183105469,118.69000244140625,111.52401733398438,2117600
2021-10-14,120.3499984741211,122.52999877929688,120.08999633789062,122.02999877929688,114.66236114501953,3233800
2021-10-15,123.80999755859375,126.3499984741211,121.41999816894531,123.02999877929688,115.60198974609375,2860000
2021-10-18,123.4000015258789,124.61000061035156,122.55999755859375,123.80999755859375,116.33488464355469,2621900
2021-10-19,124.91999816894531,127.6500015258789,124.54000091552734,126.79000091552734,119.13497161865234,2182500
2021-10-20,127.75,128.97000122070312,126.45999908447266,128.69000244140625,120.92025756835938,2913700
2021-10-21,132.22000122070312,134.75,131.0,132.52000427246094,124.51902770996094,4251300
2021-10-22,133.99000549316406,137.83999633789062,133.36000061035156,137.6300048828125,129.3205108642578,3346900
2021-10-25,139.66000366210938,141.13999938964844,138.35000610351562,139.57000732421875,131.1433868408203,2793400
2021-10-26,140.5,143.02999877929688,140.10000610351562,142.16000366210938,133.57701110839844,2842400
2021-10-27,141.5,142.7100067138672,136.3000030517578,136.49000549316406,128.2493438720703,3799500
2021-10-28,137.6300048828125,140.24000549316406,137.6199951171875,139.3699951171875,130.95545959472656,2985700
2021-10-29,137.05999755859375,138.5800018310547,135.9199981689453,138.4199981689453,131.08802795410156,4100900
2021-11-01,139.60000610351562,139.91000366210938,134.89999389648438,137.57000732421875,130.2830810546875,2780600
2021-11-02,137.86000061035156,143.97000122070312,137.55999755859375,143.92999267578125,136.30616760253906,3689000
2021-11-03,143.97000122070312,145.82000732421875,141.85000610351562,144.5,136.84597778320312,2827700
2021-11-04,144.5,144.6300048828125,141.52000427246094,144.52999877929688,136.87437438964844,4413700
2021-11-05,144.4600067138672,144.72000122070312,140.33999633789062,142.5500030517578,134.99928283691406,3623800
2021-11-08,143.89999389648438,143.99000549316406,141.94000244140625,142.0399932861328,134.5162811279297,3836700
2021-11-09,142.0,146.8000030517578,141.42999267578125,146.38999938964844,138.6358642578125,3526000
2021-11-10,144.27000427246094,144.9600067138672,138.47999572753906,139.4600067138672,132.0729522705078,3465500
2021-11-11,141.1300048828125,142.72000122070312,140.55999755859375,141.32000732421875,133.83444213867188,2099200
2021-11-12,141.35000610351562,143.14999389648438,141.08999633789062,143.0,135.42544555664062,2746800
2021-11-15,143.5,144.5800018310547,142.42999267578125,142.8000030517578,135.23602294921875,2226500
2021-11-16,142.14999389648438,144.97000122070312,141.6300048828125,144.22000122070312,136.58082580566406,2529800
2021-11-17,144.80999755859375,146.4600067138672,144.0399932861328,145.0800018310547,137.39524841308594,2578100
2021-11-18,145.83999633789062,148.4499969482422,145.44000244140625,146.85000610351562,139.071533203125,3009300
2021-11-19,149.6699981689453,149.77999877929688,145.36000061035156,146.44000244140625,138.6832275390625,2867400
2021-11-22,147.0500030517578,149.69000244140625,144.27999877929688,144.38999938964844,136.7418212890625,4546200
2021-11-23,143.52999877929688,146.7100067138672,142.88999938964844,145.52000427246094,137.81195068359375,2801900
2021-11-24,143.8800048828125,148.47000122070312,142.75,148.22999572753906,140.37841796875,2751700
2021-11-26,144.27999877929688,145.08999633789062,143.17999267578125,143.80999755859375,136.19253540039062,2670600
2021-11-29,146.1999969482422,149.50999450683594,146.08999633789062,148.8800048828125,140.99398803710938,3354100
2021-11-30,148.14999389648438,148.5500030517578,141.4499969482422,141.4499969482422,133.95751953125,14190800
2021-12-01,144.0,146.0399932861328,137.1199951171875,137.64999389648438,130.3588409423828,4724700
2021-12-02,137.2100067138672,142.2899932861328,135.6699981689453,141.24000549316406,133.7586669921875,3218500
2021-12-03,142.61000061035156,143.41000366210938,133.0,135.25,128.08595275878906,4434800
2021-12-06,135.0,135.4499969482422,130.19000244140625,134.72000122070312,127.5840072631836,4793800
2021-12-07,137.85000610351562,141.47999572753906,137.6999969482422,139.3300018310547,131.9498291015625,3033600
2021-12-08,134.32000732421875,136.77999877929688,133.85000610351562,135.33999633789062,128.17117309570312,7133300
2021-12-09,135.3699951171875,136.39999389648438,133.9199981689453,133.99000549316406,126.8926773071289,3896000
2021-12-10,135.57000732421875,136.1300048828125,132.3300018310547,133.8000030517578,126.71273803710938,2351900
2021-12-13,134.27000427246094,135.17999267578125,128.72000122070312,129.0,122.1670150756836,4793000
2021-12-14,127.0,129.69000244140625,123.31999969482422,126.70999908447266,119.99829864501953,7265800
2021-12-15,127.5999984741211,128.5,123.87000274658203,127.87000274658203,121.09686279296875,4182500
2021-12-16,130.0,130.83999633789062,122.1500015258789,123.93000030517578,117.36556243896484,4320200
2021-12-17,122.0,124.20999908447266,119.66000366210938,123.2699966430664,116.74050903320312,4565900
2021-12-20,118.33000183105469,120.55999755859375,117.0,119.72000122070312,113.37855529785156,5599800
2021-12-21,121.19999694824219,123.45999908447266,120.27999877929688,123.41999816894531,116.882568359375,3582200
2021-12-22,123.5,130.97999572753906,123.5,130.50999450683594,123.59701538085938,5404500
2021-12-23,130.82000732421875,135.5,130.3699951171875,135.0,127.84918212890625,4729500
2021-12-27,134.75,135.47999572753906,133.44000244140625,135.10000610351562,127.94390106201172,2558200
2021-12-28,135.13999938964844,136.4600067138672,131.35000610351562,131.3800048828125,124.42094421386719,2745400
2021-12-29,131.30999755859375,131.49000549316406,127.9000015258789,128.50999450683594,121.70294952392578,4076500
2021-12-30,128.61000061035156,130.44000244140625,128.30999755859375,128.5,121.69348907470703,2164800
2021-12-31,128.47000122070312,130.14999389648438,127.91000366210938,129.38999938964844,122.53633880615234,1553600
2022-01-03,130.0,130.25,125.91000366210938,126.62999725341797,119.92253112792969,3901500
2022-01-04,127.61000061035156,127.62999725341797,123.80000305175781,124.94000244140625,118.32205963134766,3769400
2022-01-05,124.6500015258789,124.88999938964844,117.25,117.79000091552734,111.55078125,6376600
2022-01-06,116.68000030517578,119.98999786376953,115.54000091552734,119.16000366210938,112.84822082519531,4678300
2022-01-07,118.83000183105469,119.98999786376953,116.3499984741211,116.6500015258789,110.47117614746094,2963200
2022-01-10,115.68000030517578,115.7699966430664,111.79000091552734,114.72000122070312,108.64340209960938,7798500
2022-01-11,115.7699966430664,121.63999938964844,115.58999633789062,121.30000305175781,114.87486267089844,4460500
2022-01-12,122.16999816894531,124.38999938964844,120.80000305175781,122.33999633789062,115.85977172851562,4740300
2022-01-13,122.61000061035156,123.5,118.3499984741211,118.94000244140625,112.6398696899414,3731300
2022-01-14,116.06999969482422,117.73999786376953,114.30999755859375,116.12000274658203,109.96924591064453,4125500
2022-01-18,114.0,115.20999908447266,112.88999938964844,113.91999816894531,107.88578796386719,3760900
2022-01-19,115.83000183105469,115.87000274658203,112.12000274658203,112.26000213623047,106.31370544433594,3006500
2022-01-20,113.87000274658203,115.55999755859375,111.3499984741211,111.55999755859375,105.65077209472656,4611000
2022-01-21,110.0999984741211,112.94000244140625,109.51000213623047,109.77999877929688,103.96507263183594,5031300
2022-01-24,104.81999969482422,109.69000244140625,101.6500015258789,109.38999938964844,103.5957260131836,9540200
2022-01-25,106.48999786376953,111.44000244140625,106.0,110.23999786376953,104.40069580078125,6382100
2022-01-26,112.75,115.23999786376953,110.25,111.47000122070312,105.56554412841797,6968600
2022-01-27,116.3499984741211,121.75,116.3499984741211,119.04000091552734,112.73458099365234,9357800
2022-01-28,120.80999755859375,124.27999877929688,116.80000305175781,124.27999877929688,117.69702911376953,6100900
2022-01-31,125.77999877929688,132.13999938964844,125.19999694824219,131.97000122070312,124.97969818115234,8759100
2022-02-01,134.66000366210938,135.25,131.08999633789062,134.9499969482422,127.80182647705078,7124800
2022-02-02,136.85000610351562,138.9499969482422,134.22000122070312,137.97999572753906,130.6713409423828,5154000
2022-02-03,134.9600067138672,135.1199951171875,132.33999633789062,134.08999633789062,126.98738098144531,5445300
2022-02-04,132.5,133.32000732421875,130.25999450683594,132.25,126.614013671875,5632500
2022-02-07,131.55999755859375,132.5500030517578,129.25,131.63999938964844,126.03001403808594,5021800
2022-02-08,130.41000366210938,130.8300018310547,126.37999725341797,128.7100067138672,123.22488403320312,4605900
2022-02-09,131.2100067138672,134.97999572753906,130.5800018310547,134.60000610351562,128.86387634277344,7518900
2022-02-10,131.50999450683594,138.2899932861328,129.83999633789062,134.52999877929688,128.79685974121094,6082000
2022-02-11,131.8000030517578,132.75,122.5199966430664,123.56999969482422,118.30392456054688,9209800
2022-02-14,123.47000122070312,124.30000305175781,119.9000015258789,121.19999694824219,116.034912109375,6527700
2022-02-15,125.30000305175781,125.7699966430664,123.20999908447266,124.94999694824219,119.62510681152344,5018300
2022-02-16,124.29000091552734,127.58999633789062,123.08999633789062,126.77999877929688,121.37712097167969,2921800
2022-02-17,125.58000183105469,126.8499984741211,122.44000244140625,122.62999725341797,117.40398406982422,2808900
2022-02-18,122.55999755859375,125.77999877929688,122.12999725341797,123.86000061035156,118.5815658569336,3832600
2022-02-22,122.16999816894531,124.98999786376953,119.8499984741211,121.62000274658203,116.4370346069336,3469900
2022-02-23,123.30000305175781,125.63999938964844,120.44999694824219,120.83000183105469,115.6806869506836,2932700
2022-02-24,115.22000122070312,122.08000183105469,113.16000366210938,121.27999877929688,116.11151123046875,5967900
2022-02-25,123.12000274658203,129.27000427246094,122.87000274658203,128.77999877929688,123.2918930053711,5395200
2022-02-28,125.81999969482422,128.5,125.5999984741211,127.47000122070312,122.03772735595703,4302600
2022-03-01,126.5199966430664,128.35000610351562,123.08999633789062,123.76000213623047,118.48583221435547,3311700
2022-03-02,125.33999633789062,131.0500030517578,124.08999633789062,130.22000122070312,124.6705322265625,4092500
2022-03-03,130.1300048828125,131.0,125.12000274658203,125.8499984741211,120.48674774169922,3738300
2022-03-04,124.1500015258789,124.98999786376953,118.88999938964844,121.16000366210938,115.99662780761719,6557200
2022-03-07,119.30000305175781,120.33999633789062,109.01000213623047,109.04000091552734,104.39313507080078,8283100
2022-03-08,109.22000122070312,112.58000183105469,106.44000244140625,108.62000274658203,103.99103546142578,5953800
2022-03-09,115.2300033569336,117.3499984741211,112.91999816894531,116.13999938964844,111.19055938720703,4024100
2022-03-10,113.91000366210938,117.66999816894531,112.80999755859375,116.86000061035156,111.87987518310547,3225500
2022-03-11,118.44000244140625,119.02999877929688,115.93000030517578,116.05000305175781,111.10440063476562,2993700
2022-03-14,115.0999984741211,115.76000213623047,108.30999755859375,108.76000213623047,104.12506866455078,5560200
2022-03-15,110.62999725341797,111.4000015258789,108.37999725341797,109.72000122070312,105.04415893554688,4359700
2022-03-16,112.69000244140625,117.58999633789062,110.63999938964844,116.05000305175781,111.10440063476562,6124500
2022-03-17,115.06999969482422,120.66999816894531,114.80999755859375,119.93000030517578,114.81904602050781,4999200
2022-03-18,120.7300033569336,123.83999633789062,120.0999984741211,122.8499984741211,117.6146011352539,10598800
2022-03-21,122.0199966430664,124.27999877929688,120.43000030517578,122.62000274658203,117.3944091796875,4758200
2022-03-22,123.97000122070312,127.19999694824219,123.16999816894531,126.12999725341797,120.75482177734375,3629100
2022-03-23,125.02999877929688,126.51000213623047,123.36000061035156,123.77999877929688,118.50497436523438,2405800
2022-03-24,125.29000091552734,126.23999786376953,123.41000366210938,125.69999694824219,120.34314727783203,2710700
2022-03-25,125.87999725341797,126.72000122070312,122.97000122070312,123.80000305175781,118.52412414550781,2681600
2022-03-28,124.55000305175781,126.27999877929688,121.95999908447266,124.52999877929688,119.22300720214844,2568800
2022-03-29,127.54000091552734,132.55999755859375,127.22000122070312,131.77999877929688,126.16404724121094,4988100
2022-03-30,130.8800048828125,130.91000366210938,126.54000091552734,127.2300033569336,121.80795288085938,3478600
2022-03-31,128.0399932861328,129.89999389648438,126.91999816894531,126.94000244140625,121.53031921386719,4235000
2022-04-01,127.31999969482422,128.1699981689453,126.0999984741211,128.1300048828125,122.66959381103516,2271800
2022-04-04,128.8000030517578,132.92999267578125,128.7100067138672,130.57000732421875,125.00562286376953,2662700
2022-04-05,129.72999572753906,130.13999938964844,123.0199966430664,123.61000061035156,118.34221649169922,3651200
2022-04-06,123.0,123.0,117.12999725341797,118.23999786376953,113.20105743408203,4792200
2022-04-07,116.0,117.08000183105469,112.66000366210938,115.63999938964844,110.71187591552734,6040300
2022-04-08,115.61000061035156,118.30000305175781,114.75,114.97000122070312,110.07042694091797,2695300
2022-04-11,113.16000366210938,114.12999725341797,111.3499984741211,112.80000305175781,107.9928970336914,3749000
2022-04-12,115.0199966430664,117.98999786376953,112.37999725341797,113.43000030517578,108.5960464477539,2945300
2022-04-13,113.77999877929688,116.55000305175781,113.43000030517578,116.44000244140625,111.477783203125,2950700
2022-04-14,116.91000366210938,117.48999786376953,112.9000015258789,112.9800033569336,108.16522979736328,2624600
2022-04-18,112.80000305175781,113.3499984741211,110.55000305175781,111.98999786376953,107.21741485595703,2353300
2022-04-19,112.29000091552734,117.9800033569336,111.95999908447266,117.4800033569336,112.47345733642578,3306300
2022-04-20,118.69000244140625,122.25,117.88999938964844,120.38999938964844,115.25943756103516,5236400
2022-04-21,126.11000061035156,126.80000305175781,112.19000244140625,112.62000274658203,107.82057189941406,8310100
2022-04-22,113.0,114.43000030517578,110.54000091552734,110.58999633789062,105.8770751953125,7339300
2022-04-25,109.5,112.7699966430664,105.83000183105469,112.5199966430664,107.7248306274414,4666800
2022-04-26,111.86000061035156,112.41999816894531,107.16999816894531,107.27999877929688,102.70813751220703,3926800
2022-04-27,107.66999816894531,109.94000244140625,106.22000122070312,107.47000122070312,102.89004516601562,3068100
2022-04-28,108.98999786376953,109.91000366210938,104.27999877929688,108.29000091552734,103.67510223388672,4198200
2022-04-29,106.58999633789062,108.9000015258789,101.41000366210938,101.56999969482422,98.4414291381836,5109700
2022-05-02,101.56999969482422,106.52999877929688,101.36000061035156,105.80000305175781,102.54114532470703,7478800
2022-05-03,105.04000091552734,108.68000030517578,104.66000366210938,107.62000274658203,104.3050765991211,3995300
2022-05-04,108.02999877929688,111.93000030517578,105.25,111.5999984741211,108.16248321533203,4283300
2022-05-05,110.16000366210938,111.19999694824219,103.37000274658203,104.95999908447266,101.72701263427734,6325800
2022-05-06,104.1500015258789,104.83000183105469,99.58999633789062,101.48999786376953,98.3638916015625,5945600
2022-05-09,99.3499984741211,102.44999694824219,96.19999694824219,96.66000366210938,93.68267059326172,8106800
2022-05-10,101.25,102.16000366210938,96.47000122070312,99.0199966430664,95.969970703125,5417000
2022-05-11,97.19000244140625,101.69000244140625,95.0199966430664,96.69999694824219,93.72142791748047,5529000
2022-05-12,95.2699966430664,99.54000091552734,93.58999633789062,99.41999816894531,96.35765075683594,6275800
2022-05-13,101.58999633789062,108.45999908447266,101.54000091552734,107.81999969482422,104.49891662597656,6445800
2022-05-16,106.7300033569336,107.4800033569336,104.3499984741211,104.69999694824219,101.47502136230469,3841600
2022-05-17,108.05000305175781,108.66000366210938,106.08000183105469,107.7300033569336,104.41168975830078,3401100
2022-05-18,105.63999938964844,107.16000366210938,103.18000030517578,103.54000091552734,100.35075378417969,4142100
2022-05-19,101.79000091552734,105.25,101.41000366210938,104.58000183105469,101.35871887207031,4129500
2022-05-20,106.37000274658203,108.77999877929688,103.79000091552734,107.56999969482422,104.2566146850586,4775700
2022-05-23,108.5999984741211,108.7300033569336,105.66000366210938,108.44999694824219,105.10951232910156,4463300
2022-05-24,105.61000061035156,108.18000030517578,103.31999969482422,107.9000015258789,104.57645416259766,6344600
2022-05-25,105.97000122070312,112.33000183105469,105.4000015258789,111.05000305175781,107.62942504882812,4701900
2022-05-26,111.87999725341797,118.75,111.20999908447266,118.30000305175781,114.65611267089844,6722100
2022-05-27,119.72000122070312,121.38999938964844,118.54000091552734,121.04000091552734,117.31171417236328,6322600
2022-05-31,119.76000213623047,120.30000305175781,116.19999694824219,117.79000091552734,114.16181945800781,7242100
2022-06-01,117.97000122070312,119.29000091552734,114.94999694824219,116.08999633789062,112.5141830444336,2768800
2022-06-02,116.47000122070312,122.47000122070312,115.56999969482422,121.70999908447266,117.96107482910156,4375300
2022-06-03,119.80999755859375,123.18000030517578,119.26000213623047,121.3499984741211,117.61216735839844,2845800
2022-06-06,118.01000213623047,119.81999969482422,115.9000015258789,118.80000305175781,115.14071655273438,4956300
2022-06-07,118.1500015258789,120.22000122070312,117.26000213623047,119.83000183105469,116.13899230957031,3156600
2022-06-08,118.55999755859375,118.80000305175781,115.66999816894531,116.4000015258789,112.81463623046875,3623800
2022-06-09,116.16999816894531,116.16999816894531,113.45999908447266,113.8499984741211,110.34317779541016,4258900
2022-06-10,110.37999725341797,110.97000122070312,105.47000122070312,107.62999725341797,104.31477355957031,5445000
2022-06-13,102.18000030517578,102.7699966430664,96.97000122070312,97.5199966430664,94.51617431640625,8145200
2022-06-14,98.0,100.0999984741211,94.5199966430664,95.41999816894531,92.48086547851562,7031700
2022-06-15,96.94999694824219,99.13999938964844,94.80999755859375,96.80000305175781,93.818359375,8672900
2022-06-16,93.37000274658203,93.47000122070312,87.38999938964844,89.68000030517578,86.91766357421875,9253200
2022-06-17,90.38999938964844,92.55000305175781,89.05000305175781,90.25,87.47010803222656,8031900
2022-06-21,92.5,93.69999694824219,91.12999725341797,91.2300033569336,88.41993713378906,7361400
2022-06-22,89.33000183105469,92.80000305175781,89.04000091552734,91.26000213623047,88.44900512695312,5238300
2022-06-23,92.33999633789062,95.37000274658203,90.66000366210938,93.3499984741211,90.47462463378906,5501700
2022-06-24,95.01000213623047,98.93000030517578,95.01000213623047,98.87000274658203,95.8246078491211,5545500
2022-06-27,99.68000030517578,100.69999694824219,97.30999755859375,97.87000274658203,94.85540008544922,3918900
2022-06-28,99.08000183105469,100.47000122070312,93.66999816894531,94.83999633789062,91.9187240600586,4101100
2022-06-29,94.58000183105469,94.94999694824219,90.4800033569336,91.06999969482422,88.26484680175781,4089100
2022-06-30,89.0,92.02999877929688,86.97000122070312,91.2300033569336,88.41993713378906,4637600
2022-07-01,90.44000244140625,93.06999969482422,89.91999816894531,92.83000183105469,89.97064208984375,2687300
2022-07-05,90.68000030517578,94.54000091552734,89.16000366210938,94.02999877929688,91.13367462158203,3761000
2022-07-06,94.19000244140625,96.69000244140625,92.30000305175781,93.97000122070312,91.07553100585938,3368400
2022-07-07,95.5,97.94000244140625,95.37000274658203,97.36000061035156,94.3611068725586,2761000
2022-07-08,96.76000213623047,97.87000274658203,94.73999786376953,96.13999938964844,93.17868041992188,2411700
2022-07-11,95.16999816894531,95.58999633789062,93.5999984741211,95.20999908447266,92.27733612060547,3233000
2022-07-12,94.62999725341797,96.5999984741211,93.44999694824219,94.0199966430664,91.12398529052734,2423100
2022-07-13,91.36000061035156,93.06999969482422,88.13999938964844,91.4000015258789,88.58468627929688,3657700
2022-07-14,89.58000183105469,89.95999908447266,87.7699966430664,89.62999725341797,86.86920166015625,4610800
2022-07-15,91.9800033569336,93.69000244140625,88.94000244140625,93.0,90.1353988647461,4294800
2022-07-18,95.05999755859375,95.80000305175781,93.04000091552734,93.1500015258789,90.28079223632812,2949000
2022-07-19,94.41000366210938,99.45999908447266,94.41000366210938,98.97000122070312,95.92151641845703,5205000
2022-07-20,99.12000274658203,102.16999816894531,98.38999938964844,101.0999984741211,97.98590087890625,4635900
2022-07-21,98.5,98.5,93.45999908447266,97.87999725341797,94.8650894165039,8774100
2022-07-22,98.0,101.19000244140625,96.01000213623047,96.43000030517578,93.45975494384766,6408600
2022-07-25,96.0,97.43000030517578,95.12000274658203,97.26000213623047,94.26419830322266,4640500
2022-07-26,96.76000213623047,96.91000366210938,93.36000061035156,93.5999984741211,90.71692657470703,4155000
2022-07-27,94.94000244140625,98.2699966430664,93.18000030517578,97.72000122070312,94.71002197265625,4353000
2022-07-28,97.7300033569336,102.54000091552734,97.70999908447266,102.4800033569336,99.32340240478516,5444200
2022-07-29,101.0,103.48999786376953,100.75,102.06999969482422,100.16736602783203,5443600
2022-08-01,100.25,104.69000244140625,100.01000213623047,103.23999786376953,101.31555938720703,3569600
2022-08-02,102.0,102.44999694824219,99.62999725341797,100.56999969482422,98.69532775878906,3436400
2022-08-03,102.41999816894531,102.41999816894531,100.30999755859375,101.08999633789062,99.20562744140625,3350100
2022-08-04,101.23999786376953,102.8499984741211,99.16999816894531,102.83999633789062,100.92301177978516,4474000
2022-08-05,100.41999816894531,102.43000030517578,99.29000091552734,101.19999694824219,99.31358337402344,2621600
2022-08-08,103.01000213623047,104.61000061035156,102.55000305175781,102.70999908447266,100.79544067382812,2829200
2022-08-09,102.12000274658203,102.5,100.1500015258789,100.81999969482422,98.94066619873047,2169900
2022-08-10,103.75,108.83999633789062,103.63999938964844,107.94000244140625,105.9279556274414,5778600
2022-08-11,110.0,110.9000015258789,105.05999755859375,106.01000213623047,104.03392791748047,4185300
2022-08-12,107.9000015258789,108.80000305175781,106.30999755859375,108.79000091552734,106.7621078491211,2541600
2022-08-15,107.69000244140625,110.0,107.13999938964844,108.68000030517578,106.6541519165039,3042800
2022-08-16,107.52999877929688,108.27999877929688,105.48999786376953,107.58000183105469,105.57466125488281,3410400
2022-08-17,105.0,107.2300033569336,104.83999633789062,106.5,104.5147933959961,2263700
2022-08-18,106.30000305175781,107.4000015258789,105.80000305175781,107.33999633789062,105.33912658691406,1720700
2022-08-19,105.58000183105469,105.75,102.5999984741211,103.30000305175781,101.37444305419922,4138300
2022-08-22,100.68000030517578,101.6500015258789,98.93000030517578,101.0,99.11731719970703,3496900
2022-08-23,101.02999877929688,103.6500015258789,101.0199966430664,102.3499984741211,100.44214630126953,2193600
2022-08-24,102.05000305175781,103.94999694824219,101.23999786376953,102.76000213623047,100.8445053100586,2128500
2022-08-25,103.80000305175781,105.45999908447266,103.41000366210938,105.44000244140625,103.47455596923828,1924200
2022-08-26,105.01000213623047,105.62999725341797,98.41000366210938,98.55000305175781,96.71298217773438,5078400
2022-08-29,97.25,97.80000305175781,95.9000015258789,96.19000244140625,94.39697265625,3380100
2022-08-30,97.0,98.12999725341797,94.30999755859375,95.62000274658203,93.83760070800781,3336700
2022-08-31,96.87999725341797,97.22000122070312,93.77999877929688,93.94000244140625,92.18891906738281,3898100
2022-09-01,93.0,94.30999755859375,91.0999984741211,94.1500015258789,92.39500427246094,3770900
2022-09-02,96.51000213623047,96.94999694824219,92.91999816894531,93.81999969482422,92.07115173339844,3628100
2022-09-06,94.58000183105469,95.27999877929688,92.30000305175781,94.08999633789062,92.33611297607422,2291400
2022-09-07,93.7699966430664,96.69999694824219,93.61000061035156,96.33999633789062,94.54417419433594,2067000
2022-09-08,95.04000091552734,97.2300033569336,94.73999786376953,96.9000015258789,95.09374237060547,2607600
2022-09-09,97.55999755859375,100.04000091552734,97.2699966430664,99.66999816894531,97.81210327148438,2309800
2022-09-12,100.5,102.4000015258789,100.0,100.81999969482422,98.94066619873047,2292700
2022-09-13,96.76000213623047,96.77999877929688,93.62000274658203,94.37000274658203,92.61090087890625,5168500
2022-09-14,94.9800033569336,96.01000213623047,93.9000015258789,95.36000061035156,93.58244323730469,2670500
2022-09-15,94.75,95.9000015258789,92.5199966430664,94.69999694824219,92.93474578857422,2471100
2022-09-16,92.69999694824219,92.69999694824219,90.70999908447266,92.18000030517578,90.46172332763672,5800300
2022-09-19,90.87999725341797,95.1500015258789,90.54000091552734,95.1500015258789,93.37635803222656,3103900
2022-09-20,94.0,94.72000122070312,89.5199966430664,90.94000244140625,89.24483489990234,4239000
2022-09-21,91.93000030517578,94.0,88.7300033569336,88.7699966430664,87.11528778076172,3698200
2022-09-22,88.02999877929688,88.75,84.11000061035156,85.4000015258789,83.80810546875,7492800
2022-09-23,83.7300033569336,84.16999816894531,82.22000122070312,83.5,81.94351959228516,6475200
2022-09-26,83.06999969482422,84.97000122070312,82.7300033569336,83.16000366210938,81.60986328125,4251900
2022-09-27,84.98999786376953,86.16999816894531,81.83000183105469,81.94999694824219,80.42240905761719,6076900
2022-09-28,82.61000061035156,86.3499984741211,81.66000366210938,86.01000213623047,84.40673828125,6560900
2022-09-29,84.3499984741211,85.13999938964844,83.22000122070312,84.45999908447266,82.88562774658203,4411800
2022-09-30,84.55000305175781,85.5999984741211,83.0,83.69999694824219,82.13978576660156,4828400
2022-10-03,85.08000183105469,87.0,84.37999725341797,86.48999786376953,84.87777709960938,3177500
2022-10-04,88.9000015258789,93.54000091552734,88.7300033569336,93.5199966430664,91.77674102783203,5885600
2022-10-05,91.16999816894531,92.70999908447266,90.22000122070312,92.04000091552734,90.32433319091797,3505100
2022-10-06,91.62999725341797,93.4000015258789,91.20999908447266,91.61000061035156,89.90234375,2753000
2022-10-07,89.4800033569336,89.97000122070312,85.80999755859375,86.37999725341797,84.76983642578125,4453500
2022-10-10,87.16000366210938,87.91000366210938,85.12000274658203,85.5,83.90624237060547,2798800
2022-10-11,84.91999816894531,85.58999633789062,82.05999755859375,83.44000244140625,81.8846435546875,5430400
2022-10-12,83.52999877929688,86.2300033569336,83.02999877929688,85.54000091552734,83.94549560546875,3774800
2022-10-13,81.18000030517578,86.8499984741211,79.55000305175781,86.30999755859375,84.70114135742188,5388700
2022-10-14,86.86000061035156,88.4000015258789,83.88999938964844,84.12000274658203,82.55196380615234,2900300
2022-10-17,86.16000366210938,88.41999816894531,86.12999725341797,88.2300033569336,86.58535766601562,3717200
2022-10-18,91.05999755859375,93.12999725341797,88.70999908447266,90.12000274658203,88.44012451171875,4703800
2022-10-19,89.87000274658203,90.05000305175781,86.8499984741211,87.73999786376953,86.10448455810547,4109900
2022-10-20,88.04000091552734,88.33999633789062,82.94999694824219,84.04000091552734,82.47345733642578,7805500
2022-10-21,84.19999694824219,85.69999694824219,82.5999984741211,85.43000030517578,83.83753967285156,5198100
2022-10-24,85.5199966430664,86.66000366210938,82.79000091552734,86.2699966430664,84.6618881225586,4166700
2022-10-25,86.30000305175781,91.5999984741211,86.26000213623047,91.55000305175781,89.84346771240234,5260100
2022-10-26,90.51000213623047,94.11000061035156,90.16000366210938,92.73999786376953,91.01128387451172,4396000
2022-10-27,94.0,95.26000213623047,92.68000030517578,93.44999694824219,91.70804595947266,4348600
2022-10-28,90.5199966430664,94.37999725341797,88.38999938964844,93.18000030517578,92.33231353759766,5431800
2022-10-31,92.22000122070312,93.06999969482422,91.12999725341797,91.13999938964844,90.31087493896484,3515400
2022-11-01,93.37000274658203,94.45999908447266,90.83999633789062,92.94000244140625,92.09449768066406,3675500
2022-11-02,92.0999984741211,95.55000305175781,90.77999877929688,92.3499984741211,91.5098648071289,6420800
2022-11-03,90.41999816894531,90.58000183105469,87.51000213623047,88.02999877929688,87.22916412353516,4766000
2022-11-04,89.76000213623047,91.73999786376953,88.81999969482422,90.04000091552734,89.22087860107422,3411500
2022-11-07,90.83000183105469,93.4000015258789,89.88999938964844,92.18000030517578,91.34141540527344,2870600
2022-11-08,92.2699966430664,94.20999908447266,90.87000274658203,92.94999694824219,92.10440826416016,2988900
2022-11-09,91.68000030517578,92.55000305175781,89.70999908447266,89.98999786376953,89.17133331298828,2461300
2022-11-10,95.9000015258789,103.58000183105469,95.9000015258789,103.5199966430664,102.5782470703125,9664700
2022-11-11,103.80000305175781,109.98999786376953,103.66999816894531,108.7699966430664,107.78048706054688,8565500
2022-11-14,106.44999694824219,107.33999633789062,101.41000366210938,101.41000366210938,100.4874496459961,5384400
2022-11-15,105.41000366210938,107.41000366210938,96.20999908447266,97.61000061035156,96.72201538085938,7166200
2022-11-16,96.98999786376953,97.23999786376953,92.83999633789062,94.04000091552734,93.18449401855469,4457500
2022-11-17,92.41999816894531,92.41999816894531,89.44999694824219,90.51000213623047,89.68660736083984,5243100
2022-11-18,92.02999877929688,92.77999877929688,89.97000122070312,91.68000030517578,90.84596252441406,3176000
2022-11-21,90.05999755859375,91.68000030517578,89.25,89.8499984741211,89.03260803222656,2953300
2022-11-22,86.12000274658203,88.44000244140625,85.0999984741211,87.80000305175781,87.00125885009766,6872200
2022-11-23,87.56999969482422,89.69999694824219,86.33999633789062,88.5199966430664,87.71470642089844,4510700
2022-11-25,88.2699966430664,90.37000274658203,88.04000091552734,90.0,89.18124389648438,1452100
2022-11-28,88.25,89.98999786376953,87.69999694824219,88.0999984741211,87.29853057861328,3608700
2022-11-29,88.5,89.08000183105469,87.54000091552734,88.20999908447266,87.40753173828125,3420800
2022-11-30,88.69999694824219,91.52999877929688,86.30999755859375,91.52999877929688,90.69732666015625,6910900
2022-12-01,87.91000366210938,88.5199966430664,82.4000015258789,85.04000091552734,84.26636505126953,15508100
2022-12-02,81.9000015258789,85.45999908447266,80.44000244140625,85.16000366210938,84.3852767944336,13587600
2022-12-05,83.31999969482422,84.94999694824219,80.56999969482422,81.97000122070312,81.22429656982422,8933600
2022-12-06,81.80999755859375,82.4000015258789,78.62999725341797,78.7300033569336,78.0137710571289,11687800
2022-12-07,78.0,79.4000015258789,77.1500015258789,77.63999938964844,76.93368530273438,9357600
2022-12-08,78.20999908447266,80.4000015258789,78.02999877929688,79.05000305175781,78.33086395263672,7577900
2022-12-09,78.58000183105469,79.9000015258789,78.02999877929688,78.4800033569336,77.76605224609375,4589000
2022-12-12,77.66000366210938,82.5,77.30000305175781,82.47000122070312,81.7197494506836,7352500
2022-12-13,87.56999969482422,88.1500015258789,81.44999694824219,83.44000244140625,82.68092346191406,12645000
2022-12-14,82.98999786376953,84.3499984741211,79.87999725341797,80.5999984741211,79.86676025390625,5051700
2022-12-15,79.30000305175781,80.41999816894531,76.94999694824219,77.4000015258789,76.69586944580078,6910200
2022-12-16,76.54000091552734,77.0999984741211,73.76000213623047,75.38999938964844,74.70415496826172,13108300
2022-12-19,74.93000030517578,75.83000183105469,72.83999633789062,73.4800033569336,72.81153869628906,4880600
2022-12-20,72.6500015258789,74.48999786376953,72.23999786376953,73.08999633789062,72.42507934570312,6076000
2022-12-21,74.0999984741211,75.87000274658203,73.87999725341797,75.83999633789062,75.15006256103516,4386200
2022-12-22,74.5,74.95999908447266,73.01000213623047,74.33999633789062,73.66370391845703,3546100
2022-12-23,74.33000183105469,75.97000122070312,73.83999633789062,74.91000366210938,74.22852325439453,2977100
2022-12-27,74.6500015258789,75.30999755859375,73.33999633789062,73.68000030517578,73.00971221923828,2773000
2022-12-28,73.44000244140625,74.33999633789062,71.72000122070312,72.16000366210938,71.50354766845703,3885800
2022-12-29,72.6500015258789,74.79000091552734,72.58999633789062,74.75,74.06997680664062,3148800
2022-12-30,73.58000183105469,74.75,73.06999969482422,74.19000244140625,73.51507568359375,3908400
2023-01-03,76.80000305175781,77.97000122070312,74.04000091552734,76.12999725341797,75.43742370605469,9366800
2023-01-04,77.19000244140625,78.31999969482422,75.8499984741211,78.01000213623047,77.30032348632812,4175700
2023-01-05,77.16000366210938,77.76000213623047,76.22000122070312,76.58999633789062,75.89323425292969,3821100
2023-01-06,77.58000183105469,79.7699966430664,76.31999969482422,79.22000122070312,78.49931335449219,4854300
2023-01-09,80.43000030517578,81.87999725341797,79.62999725341797,80.58000183105469,79.8469467163086,4242900
2023-01-10,80.01000213623047,81.36000061035156,79.72000122070312,80.52999877929688,79.79739379882812,3490500
2023-01-11,82.68000030517578,83.41000366210938,81.56999969482422,83.06999969482422,82.31428527832031,5295400
2023-01-12,83.77999877929688,85.05999755859375,82.26000213623047,85.05999755859375,84.28618621826172,4607800
2023-01-13,83.76000213623047,85.8499984741211,83.3499984741211,85.04000091552734,84.26636505126953,3684400
2023-01-17,85.2300033569336,86.61000061035156,85.01000213623047,85.87999725341797,85.09872436523438,2937100
2023-01-18,86.2300033569336,87.66999816894531,83.93000030517578,83.98999786376953,83.22591400146484,4980300
2023-01-19,82.1500015258789,82.62000274658203,80.08000183105469,80.5199966430664,79.78748321533203,5603600
2023-01-20,81.72000122070312,85.02999877929688,80.9000015258789,85.01000213623047,84.23664093017578,4188500
2023-01-23,85.4000015258789,88.3499984741211,85.4000015258789,87.83000183105469,87.03099060058594,5309200
2023-01-24,89.0,90.23999786376953,87.26000213623047,88.22000122070312,87.41744232177734,4567100
2023-01-25,86.61000061035156,89.0199966430664,85.58999633789062,88.86000061035156,88.0516128540039,3663600
2023-01-26,90.38999938964844,93.83999633789062,90.12999725341797,93.80999755859375,92.95658111572266,6988700
2023-01-27,93.5999984741211,96.19999694824219,92.94999694824219,95.86000061035156,94.9879379272461,4799800
2023-01-30,94.52999877929688,96.95999908447266,94.52999877929688,94.9000015258789,94.03666687011719,5402400
2023-01-31,94.2699966430664,96.05000305175781,94.12000274658203,95.95999908447266,95.08702087402344,2676000
2023-02-01,94.8499984741211,98.27999877929688,92.93000030517578,97.20999908447266,96.32565307617188,6406500
2023-02-02,99.75,102.04000091552734,99.30000305175781,100.02999877929688,99.1199951171875,8783200
2023-02-03,95.80999755859375,100.0199966430664,95.20999908447266,97.12999725341797,97.12999725341797,4966000
2023-02-06,95.55000305175781,95.83000183105469,93.83000183105469,95.72000122070312,95.72000122070312,3886700
2023-02-07,95.22000122070312,97.69999694824219,94.44000244140625,96.70999908447266,96.70999908447266,2684100
2023-02-08,95.70999908447266,97.08999633789062,94.51000213623047,94.62000274658203,94.62000274658203,2390200
2023-02-09,95.20999908447266,95.95999908447266,90.91999816894531,91.87000274658203,91.87000274658203,4294300
2023-02-10,90.5199966430664,93.16000366210938,89.83000183105469,93.12999725341797,93.12999725341797,3119600
2023-02-13,93.23999786376953,96.55999755859375,93.23999786376953,96.44000244140625,96.44000244140625,4705100
2023-02-14,94.9000015258789,97.95999908447266,94.63999938964844,96.7699966430664,96.7699966430664,3909800
2023-02-15,96.0,97.5,95.77999877929688,96.62999725341797,96.62999725341797,3884400
2023-02-16,94.66000366210938,95.97000122070312,92.91999816894531,94.44000244140625,94.44000244140625,2767500
2023-02-17,93.44999694824219,94.04000091552734,91.93000030517578,93.5199966430664,93.5199966430664,4751100
2023-02-21,91.5,92.0999984741211,90.04000091552734,90.7300033569336,90.7300033569336,3132600
2023-02-22,90.61000061035156,91.81999969482422,89.72000122070312,90.9000015258789,90.9000015258789,2566000
2023-02-23,91.88999938964844,92.38999938964844,89.47000122070312,91.0199966430664,91.0199966430664,3008700
2023-02-24,89.41999816894531,89.44999694824219,87.80000305175781,89.05999755859375,89.05999755859375,3455800
2023-02-27,90.76000213623047,91.22000122070312,89.3499984741211,89.93000030517578,89.93000030517578,2388700
2023-02-28,90.12000274658203,91.5199966430664,89.41000366210938,90.80000305175781,90.80000305175781,2755700
2023-03-01,90.80000305175781,91.55999755859375,89.54000091552734,89.77999877929688,89.77999877929688,3143600
2023-03-02,87.5999984741211,89.5199966430664,86.62000274658203,89.05999755859375,89.05999755859375,4109000
